# vtk DataFile Version 2.0
Wang four-hexahedra prototype
ASCII
DATASET UNSTRUCTURED_GRID
POINTS 2465 double
0 0 0.060999999999999999
-0.03125 0.018042195912175808 0.042249999999999989
-0.015625 -0.009021097956087909 0.042250000000000017
-0.03125 0 0.060999999999999999
-0.0625 0.036084391824351615 0.023500000000000004
-0.046875 0.0090210979560878986 0.023500000000000004
-0.0625 0.018042195912175808 0.042249999999999989
-0.03125 -0.018042195912175818 0.023500000000000004
-0.046875 -0.009021097956087909 0.042250000000000017
-0.0625 0 0.060999999999999999
-0.125 0.07216878364870323 -0.013999999999999992
-0.09375 0.054126587736527426 0.0047499999999999921
-0.109375 0.045105489780439517 -0.013999999999999992
-0.125 0.054126587736527426 0.0047499999999999921
-0.078125 0.027063293868263706 0.0047499999999999921
-0.09375 0.036084391824351615 0.023500000000000004
-0.09375 0.018042195912175797 -0.013999999999999992
-0.109375 0.027063293868263706 0.0047499999999999921
-0.125 0.036084391824351615 0.023500000000000004
-0.0625 -0.03608439182435158 -0.013999999999999992
-0.046875 -0.027063293868263727 0.0047500000000000198
-0.078125 -0.0090210979560879194 -0.013999999999999992
-0.078125 -0.027063293868263727 0.0047500000000000198
-0.0625 -1.0408340855860843e-17 0.0047499999999999921
-0.0625 -0.018042195912175818 0.023500000000000004
-0.09375 -1.0408340855860843e-17 0.0047499999999999921
-0.09375 -0.018042195912175818 0.023500000000000004
-0.125 0 0.060999999999999999
-0.09375 0 0.060999999999999999
-0.125 0.018042195912175808 0.042249999999999989
-0.109375 -0.009021097956087909 0.042250000000000017
-0.09375 0.018042195912175808 0.042249999999999989
-0.078125 -0.009021097956087909 0.042250000000000017
-0.109375 0.0090210979560878986 0.023500000000000004
-0.078125 0.0090210979560878986 0.023500000000000004
-0.15625 0.090210979560879034 -0.032750000000000001
-0.140625 0.063147685692615321 -0.032750000000000001
-0.15625 0.07216878364870323 -0.013999999999999992
-0.125 -0.072168783648703216 -0.088999999999999982
-0.109375 -0.063147685692615363 -0.070249999999999993
-0.140625 -0.045105489780439559 -0.08900000000000001
-0.140625 -0.063147685692615363 -0.070249999999999993
-0.09375 -0.054126587736527398 -0.051500000000000018
-0.125 -0.03608439182435165 -0.070249999999999993
-0.125 -0.054126587736527454 -0.05149999999999999
-0.15625 -0.054126587736527454 -0.05149999999999999
-0.15625 -0.03608439182435165 -0.070249999999999993
-0.078125 -0.045105489780439545 -0.032750000000000001
-0.09375 -0.018042195912175828 -0.032750000000000001
-0.09375 -0.036084391824351636 -0.013999999999999992
-0.109375 -0.027063293868263737 -0.051500000000000018
-0.109375 -0.045105489780439545 -0.032750000000000001
-0.125 -2.0816681711721685e-17 -0.05149999999999999
-0.125 -0.018042195912175828 -0.032750000000000001
-0.125 -0.036084391824351636 -0.013999999999999992
-0.15625 0.018042195912175787 -0.070249999999999993
-0.140625 -0.0090210979560879298 -0.070249999999999993
-0.15625 -2.0816681711721685e-17 -0.05149999999999999
-0.1875 -0.036084391824351636 -0.013999999999999992
-0.171875 -0.045105489780439545 -0.032750000000000001
-0.15625 -0.036084391824351636 -0.013999999999999992
-0.1875 -0.018042195912175828 -0.032750000000000001
-0.140625 -0.045105489780439545 -0.032750000000000001
-0.171875 -0.027063293868263737 -0.051500000000000018
-0.15625 -0.018042195912175828 -0.032750000000000001
-0.140625 -0.027063293868263737 -0.051500000000000018
-0.15625 0 0.060999999999999999
-0.15625 0.018042195912175808 0.042249999999999989
-0.140625 -0.009021097956087909 0.042249999999999989
-0.1875 0 0.060999999999999999
-0.1875 0.018042195912175808 0.042249999999999989
-0.171875 -0.009021097956087909 0.042250000000000017
-0.1875 0.036084391824351615 0.023500000000000004
-0.171875 0.0090210979560878986 0.023500000000000004
-0.15625 -0.018042195912175818 0.023500000000000004
-0.171875 -0.027063293868263727 0.0047499999999999921
-0.1875 -0.018042195912175818 0.023500000000000004
-0.1875 -1.0408340855860843e-17 0.0047499999999999921
-0.203125 -0.009021097956087909 0.042250000000000017
-0.203125 0.0090210979560878986 0.023500000000000004
-0.140625 0.0090210979560878986 0.023499999999999976
-0.140625 0.027063293868263706 0.0047499999999999921
-0.125 -1.0408340855860843e-17 0.0047499999999999921
-0.15625 0.018042195912175797 -0.013999999999999992
-0.140625 0.045105489780439517 -0.014000000000000019
-0.125 0.036084391824351608 -0.032750000000000001
-0.15625 0.054126587736527412 -0.05149999999999999
-0.109375 -0.0090210979560879194 -0.014000000000000019
-0.109375 0.0090210979560878882 -0.032750000000000001
-0.171875 0.027063293868263696 -0.051500000000000018
-0.15625 0.036084391824351608 -0.032750000000000001
-0.140625 0.0090210979560878882 -0.032750000000000001
-0.140625 0.027063293868263696 -0.051500000000000018
-0.125 0.018042195912175797 -0.013999999999999992
-0.125 -0.018042195912175818 0.023500000000000004
-0.15625 -1.0408340855860843e-17 0.0047499999999999921
-0.109375 -0.027063293868263727 0.0047499999999999921
-0.140625 -0.027063293868263727 0.0047499999999999921
-0.171875 -0.0090210979560879194 -0.014000000000000019
-0.171875 0.0090210979560878882 -0.032750000000000001
-0.140625 -0.0090210979560879194 -0.014000000000000019
-0.171875 0.027063293868263706 0.0047499999999999921
-0.1875 0.036084391824351608 -0.032750000000000001
-0.1875 0.018042195912175797 -0.013999999999999992
-0.15625 0.036084391824351615 0.023500000000000004
-0.15625 0.054126587736527426 0.0047499999999999921
-0.171875 0.063147685692615321 -0.032750000000000001
-0.171875 0.045105489780439517 -0.013999999999999992
-0.1875 0.054126587736527426 0.0047499999999999921
0.03125 -0.018042195912175808 0.079750000000000015
0.015625 -0.027063293868263717 0.060999999999999999
0 -0.018042195912175808 0.079750000000000015
0.0625 -0.036084391824351615 0.09849999999999999
0.046875 -0.045105489780439524 0.079750000000000015
0.03125 -0.036084391824351615 0.09849999999999999
0.03125 -0.054126587736527433 0.060999999999999999
0.015625 -0.045105489780439524 0.079750000000000015
0 -0.036084391824351615 0.09849999999999999
0.125 -0.07216878364870323 0.13599999999999998
0.09375 -0.054126587736527426 0.11725000000000001
0.109375 -0.081189881604791139 0.11725000000000001
0.09375 -0.07216878364870323 0.13599999999999998
0.078125 -0.063147685692615335 0.09849999999999999
0.0625 -0.054126587736527426 0.11725000000000001
0.09375 -0.090210979560879048 0.09849999999999999
0.078125 -0.081189881604791139 0.11725000000000001
0.0625 -0.07216878364870323 0.13599999999999998
0.0625 -0.10825317547305487 0.060999999999999999
0.046875 -0.081189881604791153 0.060999999999999999
0.078125 -0.099232077516966957 0.079749999999999988
0.046875 -0.099232077516966957 0.079749999999999988
0.0625 -0.072168783648703244 0.079750000000000015
0.03125 -0.072168783648703244 0.079750000000000015
0.0625 -0.090210979560879048 0.09849999999999999
0.03125 -0.090210979560879048 0.09849999999999999
0 -0.07216878364870323 0.13599999999999998
0 -0.054126587736527426 0.11725000000000001
0.03125 -0.07216878364870323 0.13599999999999998
0.015625 -0.081189881604791139 0.11725000000000001
0.03125 -0.054126587736527426 0.11725000000000001
0.015625 -0.063147685692615335 0.09849999999999999
0.046875 -0.081189881604791139 0.11725000000000001
0.046875 -0.063147685692615335 0.09849999999999999
0.15625 -0.090210979560879034 0.15475
0.140625 -0.099232077516966943 0.13599999999999998
0.125 -0.090210979560879034 0.15475
0.078125 -0.13531646934131858 0.060999999999999999
0.09375 -0.12629537138523067 0.079750000000000015
0.0625 -0.12629537138523067 0.079750000000000015
0.09375 -0.16237976320958225 0.060999999999999999
0.109375 -0.15335866525349434 0.079749999999999988
0.078125 -0.1533586652534944 0.079749999999999988
0.125 -0.14433756729740643 0.09849999999999999
0.09375 -0.14433756729740649 0.09849999999999999
0.0625 -0.14433756729740649 0.09849999999999999
0.0625 -0.16237976320958228 0.11725000000000001
0.078125 -0.17140086116567019 0.09849999999999999
0.09375 -0.16237976320958228 0.11725000000000001
0.09375 -0.18042195912175804 0.079750000000000015
0.109375 -0.17140086116567013 0.09849999999999999
0 -0.10825317547305485 0.17349999999999999
0 -0.12629537138523064 0.19225
0.03125 -0.12629537138523064 0.19225
0.015625 -0.13531646934131855 0.17349999999999999
0.03125 -0.16237976320958228 0.17349999999999999
0.015625 -0.15335866525349437 0.19225
0.046875 -0.15335866525349437 0.19225
0 -0.090210979560879034 0.15475
0.03125 -0.090210979560879034 0.15475
0.015625 -0.099232077516966943 0.13599999999999998
0.03125 -0.10825317547305485 0.17349999999999999
0.015625 -0.11727427342914276 0.15475
0.0625 -0.10825317547305485 0.17349999999999999
0.046875 -0.11727427342914276 0.15475
0.03125 -0.12629537138523067 0.13599999999999998
0.09375 -0.12629537138523064 0.19225
0.0625 -0.12629537138523064 0.19225
0.078125 -0.13531646934131855 0.17349999999999999
0.0625 -0.1804219591217581 0.13600000000000001
0.046875 -0.17140086116567019 0.15474999999999997
0.046875 -0.15335866525349437 0.13599999999999998
0.078125 -0.17140086116567019 0.15474999999999997
0.03125 -0.14433756729740646 0.15475
0.0625 -0.16237976320958228 0.17349999999999999
0.0625 -0.14433756729740646 0.15475
0.046875 -0.13531646934131855 0.17349999999999999
0.078125 -0.11727427342914276 0.09849999999999999
0.09375 -0.10825317547305485 0.11725000000000001
0.0625 -0.10825317547305485 0.11725000000000001
0.09375 -0.12629537138523067 0.13599999999999998
0.109375 -0.099232077516966943 0.13599999999999998
0.09375 -0.090210979560879034 0.15475
0.125 -0.10825317547305485 0.17349999999999999
0.046875 -0.099232077516966943 0.13599999999999998
0.0625 -0.090210979560879034 0.15475
0.109375 -0.13531646934131855 0.17349999999999999
0.109375 -0.11727427342914276 0.15475
0.078125 -0.11727427342914276 0.15475
0.09375 -0.10825317547305485 0.17349999999999999
0.078125 -0.099232077516966943 0.13599999999999998
0.046875 -0.11727427342914276 0.09849999999999999
0.078125 -0.13531646934131858 0.11724999999999998
0.03125 -0.10825317547305485 0.11725000000000001
0.046875 -0.13531646934131858 0.11724999999999998
0.078125 -0.15335866525349437 0.13599999999999998
0.09375 -0.14433756729740646 0.15475
0.0625 -0.12629537138523067 0.13599999999999998
0.109375 -0.13531646934131858 0.11724999999999998
0.109375 -0.15335866525349437 0.13599999999999998
0.109375 -0.11727427342914276 0.09849999999999999
0.125 -0.10825317547305485 0.11725000000000001
0.140625 -0.11727427342914276 0.15475
0.125 -0.12629537138523067 0.13599999999999998
0.140625 -0.13531646934131858 0.11724999999999998
-0.015625 -0.027063293868263717 0.060999999999999999
-0.03125 -0.018042195912175808 0.079750000000000015
-0.046875 -0.045105489780439531 0.023500000000000031
-0.03125 -0.036084391824351622 0.042250000000000017
-0.0625 -0.036084391824351622 0.042250000000000017
-0.03125 -0.054126587736527433 0.060999999999999999
-0.09375 -0.018042195912175808 0.079750000000000015
-0.0625 -0.018042195912175808 0.079750000000000015
-0.078125 -0.027063293868263717 0.060999999999999999
-0.0625 -0.036084391824351615 0.09849999999999999
-0.015625 -0.063147685692615335 0.09849999999999999
-0.03125 -0.054126587736527426 0.11725000000000001
-0.015625 -0.045105489780439524 0.079750000000000015
-0.03125 -0.036084391824351615 0.09849999999999999
-0.046875 -0.045105489780439524 0.079750000000000015
-0.046875 -0.027063293868263717 0.060999999999999999
-0.109375 -0.081189881604791167 -0.05149999999999999
-0.09375 -0.072168783648703203 -0.032750000000000001
-0.125 -0.072168783648703258 -0.032749999999999974
-0.09375 -0.090210979560879007 -0.014000000000000019
-0.0625 -0.054126587736527385 0.0047500000000000198
-0.078125 -0.063147685692615349 -0.013999999999999992
-0.09375 -0.05412658773652744 0.0047500000000000198
-0.0625 -0.072168783648703189 0.023500000000000004
-0.15625 -0.05412658773652744 0.0047500000000000198
-0.140625 -0.063147685692615349 -0.013999999999999992
-0.125 -0.05412658773652744 0.0047500000000000198
-0.125 -0.072168783648703244 0.023500000000000004
-0.0625 -0.10825317547305481 0.060999999999999999
-0.078125 -0.099232077516966971 0.023500000000000004
-0.0625 -0.090210979560879007 0.042250000000000017
-0.09375 -0.090210979560879062 0.042250000000000017
-0.078125 -0.081189881604791153 0.0047499999999999921
-0.109375 -0.081189881604791153 0.0047499999999999921
-0.09375 -0.072168783648703244 0.023500000000000004
-0.109375 -0.063147685692615349 -0.013999999999999992
-0.125 -0.018042195912175808 0.079750000000000015
-0.15625 -0.018042195912175808 0.079750000000000015
-0.140625 -0.027063293868263717 0.060999999999999999
-0.125 -0.036084391824351615 0.09849999999999999
-0.203125 -0.027063293868263727 0.0047499999999999921
-0.171875 -0.045105489780439531 0.023500000000000004
-0.15625 -0.036084391824351622 0.042250000000000017
-0.15625 -0.054126587736527433 0.060999999999999999
-0.1875 -0.036084391824351622 0.042250000000000017
-0.125 -0.07216878364870323 0.13599999999999998
-0.15625 -0.054126587736527426 0.11725000000000001
-0.125 -0.054126587736527426 0.11725000000000001
-0.140625 -0.063147685692615335 0.09849999999999999
-0.1875 -0.036084391824351615 0.09849999999999999
-0.15625 -0.036084391824351615 0.09849999999999999
-0.171875 -0.045105489780439524 0.079750000000000015
-0.140625 -0.045105489780439524 0.079749999999999988
-0.1875 -0.018042195912175808 0.079750000000000015
-0.171875 -0.027063293868263717 0.060999999999999999
-0.203125 -0.027063293868263717 0.060999999999999999
0 -0.14433756729740646 0.21100000000000002
-0.015625 -0.13531646934131855 0.17349999999999999
-0.03125 -0.12629537138523064 0.19225
-0.015625 -0.11727427342914276 0.15475
-0.03125 -0.10825317547305485 0.17349999999999999
-0.03125 -0.12629537138523067 0.13599999999999998
-0.046875 -0.11727427342914276 0.15475
-0.0625 -0.10825317547305485 0.17349999999999999
-0.015625 -0.081189881604791139 0.11725000000000001
-0.03125 -0.07216878364870323 0.13599999999999998
-0.015625 -0.099232077516966943 0.13599999999999998
-0.03125 -0.090210979560879034 0.15475
-0.03125 -0.090210979560879048 0.09849999999999999
-0.046875 -0.081189881604791139 0.11725000000000001
-0.0625 -0.07216878364870323 0.13599999999999998
-0.046875 -0.11727427342914276 0.098500000000000018
-0.046875 -0.099232077516966957 0.079750000000000015
-0.078125 -0.099232077516966957 0.079750000000000015
-0.03125 -0.10825317547305485 0.11725000000000001
-0.0625 -0.10825317547305485 0.11725000000000001
-0.0625 -0.090210979560879048 0.09849999999999999
-0.09375 -0.090210979560879048 0.09849999999999999
-0.09375 -0.090210979560879034 0.15475
-0.09375 -0.07216878364870323 0.13599999999999998
-0.109375 -0.081189881604791139 0.11725000000000001
-0.0625 -0.090210979560879034 0.15475
-0.078125 -0.099232077516966943 0.13599999999999998
-0.078125 -0.081189881604791139 0.11725000000000001
-0.046875 -0.099232077516966943 0.13599999999999998
-0.109375 -0.027063293868263717 0.060999999999999999
-0.09375 -0.036084391824351622 0.042250000000000017
-0.078125 -0.045105489780439524 0.079750000000000015
-0.09375 -0.054126587736527433 0.060999999999999999
-0.078125 -0.045105489780439531 0.023500000000000031
-0.046875 -0.063147685692615335 0.042250000000000017
-0.046875 -0.063147685692615335 0.09849999999999999
-0.03125 -0.072168783648703244 0.079750000000000015
-0.078125 -0.081189881604791153 0.061000000000000026
-0.078125 -0.063147685692615335 0.042250000000000017
-0.0625 -0.072168783648703244 0.079750000000000015
-0.046875 -0.081189881604791153 0.061000000000000026
-0.0625 -0.054126587736527433 0.060999999999999999
-0.09375 -0.036084391824351615 0.09849999999999999
-0.109375 -0.045105489780439524 0.079750000000000015
-0.0625 -0.054126587736527426 0.11725000000000001
-0.09375 -0.054126587736527426 0.11725000000000001
-0.109375 -0.063147685692615335 0.09849999999999999
-0.09375 -0.072168783648703244 0.079750000000000015
-0.078125 -0.063147685692615335 0.09849999999999999
-0.125 -0.036084391824351622 0.042250000000000017
-0.125 -0.072168783648703244 0.079750000000000015
-0.140625 -0.045105489780439531 0.023500000000000004
-0.140625 -0.063147685692615335 0.042249999999999989
-0.109375 -0.063147685692615335 0.042249999999999989
-0.109375 -0.081189881604791153 0.060999999999999999
-0.125 -0.054126587736527433 0.060999999999999999
-0.109375 -0.045105489780439531 0.023500000000000004
-0.125 -0.14433756729740643 -0.013999999999999992
-0.125 -0.16237976320958225 0.0047500000000000198
-0.109375 -0.1533586652534944 0.023500000000000004
-0.140625 -0.13531646934131858 0.0047499999999999921
-0.09375 -0.16237976320958225 0.060999999999999971
-0.109375 -0.17140086116567022 0.042249999999999989
-0.125 -0.14433756729740649 0.042250000000000017
-0.15625 -0.12629537138523067 0.023500000000000004
-0.140625 -0.1533586652534944 0.023500000000000004
-0.078125 -0.17140086116567019 0.09849999999999999
-0.09375 -0.18042195912175804 0.079749999999999988
-0.109375 -0.1533586652534944 0.079749999999999988
-0.125 -0.14433756729740649 0.09849999999999999
-0.09375 -0.16237976320958228 0.11725000000000001
-0.109375 -0.17140086116567019 0.09849999999999999
-0.171875 -0.11727427342914278 0.042249999999999989
-0.15625 -0.14433756729740649 0.042250000000000017
-0.140625 -0.13531646934131858 0.060999999999999999
-0.15625 -0.12629537138523067 0.079750000000000015
-0.140625 -0.1533586652534944 0.079749999999999988
-0.125 -0.16237976320958231 0.060999999999999999
-0.125 -0.09021097956087902 -0.070249999999999965
-0.125 -0.10825317547305482 -0.05149999999999999
-0.109375 -0.099232077516966971 -0.032750000000000001
-0.140625 -0.081189881604791167 -0.05149999999999999
-0.125 -0.12629537138523064 -0.032749999999999974
-0.109375 -0.13531646934131858 0.0047499999999999921
-0.140625 -0.11727427342914279 -0.013999999999999992
-0.109375 -0.11727427342914279 -0.013999999999999992
-0.140625 -0.099232077516966971 -0.032750000000000001
-0.09375 -0.12629537138523061 0.023499999999999976
-0.125 -0.10825317547305488 0.0047500000000000198
-0.15625 -0.090210979560879062 -0.013999999999999992
-0.078125 -0.11727427342914278 0.042249999999999989
-0.09375 -0.10825317547305482 0.0047499999999999921
-0.109375 -0.099232077516966971 0.023500000000000004
-0.171875 -0.063147685692615349 -0.013999999999999992
-0.15625 -0.072168783648703258 -0.032749999999999974
-0.140625 -0.081189881604791153 0.0047499999999999921
-0.125 -0.090210979560879062 -0.013999999999999992
-0.015625 -0.15335866525349437 0.19225
-0.03125 -0.16237976320958228 0.17349999999999999
-0.03125 -0.14433756729740646 0.15475
-0.046875 -0.13531646934131855 0.17349999999999999
-0.0625 -0.18042195912175804 0.13600000000000001
-0.046875 -0.17140086116567019 0.15475000000000003
-0.0625 -0.16237976320958222 0.11725000000000001
-0.078125 -0.15335866525349437 0.13600000000000001
-0.046875 -0.15335866525349437 0.13600000000000001
-0.0625 -0.14433756729740646 0.15475
-0.0625 -0.14433756729740643 0.09849999999999999
-0.078125 -0.13531646934131858 0.11725000000000001
-0.09375 -0.12629537138523067 0.13599999999999998
-0.0625 -0.12629537138523061 0.079750000000000015
-0.046875 -0.13531646934131858 0.11725000000000001
-0.078125 -0.11727427342914276 0.098500000000000018
-0.109375 -0.099232077516966943 0.13599999999999998
-0.078125 -0.11727427342914276 0.15475
-0.09375 -0.10825317547305485 0.11725000000000001
-0.0625 -0.12629537138523067 0.13599999999999998
-0.1875 -0.072168783648703244 0.023500000000000004
-0.1875 -0.090210979560879062 0.042250000000000017
-0.203125 -0.063147685692615335 0.042249999999999989
-0.171875 -0.081189881604791153 0.060999999999999999
-0.15625 -0.090210979560879048 0.09849999999999999
-0.171875 -0.099232077516966957 0.079749999999999988
-0.1875 -0.072168783648703244 0.079750000000000015
-0.1875 -0.05412658773652744 0.0047500000000000198
-0.203125 -0.045105489780439531 0.023500000000000004
-0.171875 -0.063147685692615335 0.042249999999999989
-0.140625 -0.081189881604791139 0.11724999999999998
-0.171875 -0.063147685692615335 0.09849999999999999
-0.15625 -0.072168783648703244 0.079750000000000015
-0.203125 -0.045105489780439524 0.079750000000000015
-0.1875 -0.054126587736527433 0.060999999999999999
-0.1875 -0.10825317547305487 0.060999999999999999
-0.15625 -0.10825317547305487 0.060999999999999999
-0.140625 -0.11727427342914278 0.042249999999999989
-0.125 -0.12629537138523067 0.079750000000000015
-0.125 -0.10825317547305487 0.060999999999999999
-0.125 -0.12629537138523067 0.023500000000000004
-0.09375 -0.14433756729740643 0.042249999999999989
-0.09375 -0.14433756729740649 0.09849999999999999
-0.078125 -0.1533586652534944 0.079749999999999988
-0.09375 -0.10825317547305487 0.060999999999999999
-0.109375 -0.11727427342914278 0.042249999999999989
-0.09375 -0.12629537138523067 0.079750000000000015
-0.078125 -0.13531646934131858 0.060999999999999999
-0.109375 -0.13531646934131858 0.060999999999999999
-0.140625 -0.11727427342914276 0.09849999999999999
-0.140625 -0.099232077516966957 0.079749999999999988
-0.109375 -0.13531646934131858 0.11724999999999998
-0.125 -0.10825317547305485 0.11725000000000001
-0.125 -0.090210979560879048 0.09849999999999999
-0.109375 -0.099232077516966957 0.079749999999999988
-0.109375 -0.11727427342914276 0.09849999999999999
-0.15625 -0.090210979560879062 0.042250000000000017
-0.15625 -0.072168783648703244 0.023500000000000004
-0.125 -0.090210979560879062 0.042250000000000017
-0.140625 -0.081189881604791153 0.060999999999999999
-0.171875 -0.099232077516966971 0.023500000000000004
-0.171875 -0.081189881604791153 0.0047499999999999921
-0.15625 -0.10825317547305488 0.0047500000000000198
-0.140625 -0.099232077516966971 0.023500000000000004
-0.125 -0.16237976320958228 0.11725000000000001
-0.15625 -0.14433756729740649 0.09849999999999999
-0.03125 -0.14433756729740646 0.21100000000000002
-0.046875 -0.15335866525349437 0.19225
-0.0625 -0.12629537138523064 0.19225
-0.078125 -0.17140086116567019 0.15475000000000003
-0.0625 -0.16237976320958228 0.17349999999999999
-0.09375 -0.14433756729740646 0.15475
-0.125 -0.090210979560879034 0.15475
-0.09375 -0.10825317547305485 0.17349999999999999
-0.109375 -0.11727427342914276 0.15475
-0.125 -0.10825317547305485 0.17349999999999999
-0.078125 -0.13531646934131855 0.17349999999999999
-0.09375 -0.12629537138523064 0.19225
-0.109375 -0.13531646934131855 0.17349999999999999
-0.1875 -0.090210979560879048 0.09849999999999999
-0.15625 -0.07216878364870323 0.13599999999999998
-0.1875 -0.054126587736527426 0.11725000000000001
-0.171875 -0.081189881604791139 0.11725000000000001
-0.1875 -0.07216878364870323 0.13599999999999998
-0.140625 -0.13531646934131858 0.11724999999999998
-0.171875 -0.11727427342914276 0.09849999999999999
-0.109375 -0.15335866525349437 0.13599999999999998
-0.15625 -0.10825317547305485 0.11725000000000001
-0.140625 -0.099232077516966943 0.13599999999999998
-0.15625 -0.090210979560879034 0.15475
-0.171875 -0.099232077516966943 0.13599999999999998
-0.15625 -0.12629537138523067 0.13599999999999998
-0.140625 -0.11727427342914276 0.15474999999999997
-0.125 -0.12629537138523067 0.13599999999999998
-0.125 -0.14433756729740646 0.15475
0 -0.036084391824351622 0.042250000000000017
-0.03125 -0.054126587736527385 0.0047500000000000198
-0.015625 -0.045105489780439531 0.023500000000000004
0 -0.072168783648703244 0.023500000000000004
-0.015625 -0.063147685692615335 0.042249999999999989
0.03125 -0.090210979560879062 0.042250000000000017
0.015625 -0.063147685692615335 0.042249999999999989
0.015625 -0.081189881604791153 0.060999999999999999
0 -0.072168783648703244 0.079750000000000015
0 -0.054126587736527433 0.060999999999999999
-0.09375 -0.09021097956087902 -0.070249999999999993
-0.078125 -0.081189881604791111 -0.05149999999999999
-0.0625 -0.10825317547305482 -0.051500000000000018
-0.078125 -0.099232077516966916 -0.032750000000000001
-0.046875 -0.063147685692615294 -0.013999999999999992
-0.0625 -0.072168783648703203 -0.032750000000000001
-0.03125 -0.090210979560879007 -0.013999999999999992
-0.046875 -0.081189881604791098 0.0047499999999999921
0 -0.14433756729740643 -0.013999999999999992
-0.03125 -0.12629537138523064 -0.032750000000000001
-0.015625 -0.11727427342914273 -0.013999999999999992
-0.015625 -0.13531646934131852 0.0047499999999999921
-0.046875 -0.099232077516966916 -0.032750000000000001
-0.046875 -0.11727427342914273 -0.013999999999999992
-0.03125 -0.10825317547305482 0.0047500000000000198
-0.03125 -0.12629537138523061 0.023500000000000004
-0.046875 -0.11727427342914272 0.042249999999999989
-0.0625 -0.10825317547305482 0.0047499999999999921
-0.046875 -0.099232077516966916 0.023500000000000004
-0.0625 -0.090210979560879007 -0.014000000000000019
0.046875 -0.11727427342914278 0.042249999999999989
0.0625 -0.14433756729740649 0.042250000000000017
0.03125 -0.12629537138523067 0.023500000000000004
0.046875 -0.13531646934131858 0.060999999999999999
0.03125 -0.16237976320958225 0.0047500000000000198
0.015625 -0.13531646934131852 0.0047499999999999921
0.015625 -0.15335866525349434 0.023500000000000004
0.0625 -0.18042195912175807 0.023500000000000004
0.046875 -0.1533586652534944 0.023500000000000004
0.046875 -0.17140086116567022 0.042249999999999989
0.03125 -0.14433756729740649 0.042250000000000017
0.03125 -0.16237976320958231 0.060999999999999999
0.046875 -0.1533586652534944 0.079749999999999988
0.046875 -0.17140086116567019 0.09849999999999999
0.0625 -0.1804219591217581 0.079750000000000015
0.078125 -0.17140086116567016 0.042249999999999989
0.0625 -0.16237976320958231 0.060999999999999999
0.078125 -0.18944305707784595 0.060999999999999999
0 -0.14433756729740646 0.15475
0 -0.10825317547305485 0.11725000000000001
-0.03125 -0.12629537138523061 0.079750000000000015
-0.015625 -0.13531646934131858 0.11724999999999998
-0.015625 -0.11727427342914276 0.09849999999999999
0 -0.14433756729740649 0.09849999999999999
0.03125 -0.16237976320958228 0.11725000000000001
0.015625 -0.15335866525349437 0.13599999999999998
0.015625 -0.13531646934131858 0.11724999999999998
0 -0.12629537138523067 0.13599999999999998
0.03125 -0.10825317547305487 0.060999999999999999
0 -0.090210979560879062 0.042250000000000017
0.015625 -0.099232077516966957 0.079749999999999988
0 -0.10825317547305487 0.060999999999999999
-0.03125 -0.072168783648703189 0.023500000000000004
0 -0.090210979560879048 0.09849999999999999
-0.03125 -0.10825317547305481 0.060999999999999999
-0.03125 -0.090210979560879007 0.042250000000000017
-0.015625 -0.099232077516966957 0.079749999999999988
-0.015625 -0.081189881604791153 0.060999999999999999
0.03125 -0.12629537138523067 0.079750000000000015
0.03125 -0.14433756729740649 0.09849999999999999
0 -0.12629537138523067 0.079750000000000015
0.015625 -0.11727427342914276 0.09849999999999999
0.015625 -0.11727427342914278 0.042249999999999989
0.015625 -0.1533586652534944 0.079749999999999988
0 -0.12629537138523061 0.023500000000000004
0 -0.14433756729740643 0.042250000000000017
-0.015625 -0.11727427342914272 0.042249999999999989
-0.015625 -0.13531646934131852 0.060999999999999999
0.015625 -0.13531646934131858 0.060999999999999999
0.015625 -0.099232077516966971 0.023500000000000004
0 -0.10825317547305482 0.0047500000000000198
-0.015625 -0.081189881604791098 0.0047499999999999921
-0.015625 -0.099232077516966916 0.023500000000000004
-0.109375 -0.099232077516966929 -0.088999999999999982
-0.109375 -0.11727427342914273 -0.070249999999999993
-0.09375 -0.10825317547305482 -0.051500000000000018
-0.078125 -0.11727427342914273 -0.070249999999999993
-0.109375 -0.15335866525349434 -0.032750000000000001
-0.09375 -0.14433756729740643 -0.014000000000000019
-0.109375 -0.13531646934131855 -0.05149999999999999
-0.09375 -0.12629537138523064 -0.032750000000000001
-0.0625 -0.14433756729740643 -0.014000000000000019
-0.078125 -0.15335866525349434 -0.032750000000000001
-0.03125 -0.14433756729740643 -0.014000000000000019
-0.015625 -0.15335866525349434 -0.032750000000000001
-0.0625 -0.12629537138523064 -0.032750000000000001
-0.046875 -0.13531646934131855 -0.05149999999999999
-0.046875 -0.15335866525349434 -0.032750000000000001
-0.03125 -0.16237976320958225 -0.051500000000000018
-0.078125 -0.13531646934131855 -0.05149999999999999
-0.0625 -0.14433756729740646 -0.070249999999999993
-0.0625 -0.16237976320958225 -0.051500000000000018
0 -0.16237976320958225 0.0047500000000000198
0.015625 -0.17140086116567016 -0.013999999999999992
0.03125 -0.18042195912175807 0.023500000000000004
0.046875 -0.18944305707784598 0.0047499999999999921
0 -0.18042195912175807 0.023500000000000004
0.015625 -0.18944305707784598 0.0047499999999999921
0.03125 -0.19846415503393386 0.042250000000000017
0.0625 -0.19846415503393386 0.042250000000000017
-0.015625 -0.17140086116567016 -0.013999999999999992
0 -0.18042195912175807 -0.032750000000000001
-0.015625 -0.18944305707784598 0.0047499999999999921
-0.03125 -0.18042195912175807 -0.032750000000000001
0 -0.19846415503393386 0.042250000000000017
-0.03125 -0.18042195912175807 0.023499999999999976
-0.0625 -0.18042195912175807 0.023499999999999976
-0.03125 -0.19846415503393386 0.042249999999999989
-0.046875 -0.18944305707784598 0.0047499999999999921
-0.03125 -0.16237976320958225 0.0047499999999999921
-0.09375 -0.16237976320958225 0.0047499999999999921
-0.0625 -0.16237976320958225 0.0047499999999999921
-0.078125 -0.17140086116567016 -0.013999999999999992
-0.046875 -0.17140086116567016 -0.013999999999999992
-0.0625 -0.18042195912175804 0.079749999999999988
-0.03125 -0.19846415503393386 0.09849999999999999
-0.046875 -0.18944305707784595 0.11725000000000001
-0.0625 -0.19846415503393386 0.09849999999999999
-0.078125 -0.17140086116567016 0.042249999999999989
-0.09375 -0.18042195912175807 0.023499999999999976
-0.0625 -0.19846415503393386 0.042249999999999989
-0.046875 -0.18944305707784595 0.060999999999999999
-0.078125 -0.18944305707784595 0.060999999999999999
0 -0.16237976320958228 0.17349999999999999
-0.03125 -0.18042195912175804 0.13600000000000001
-0.015625 -0.17140086116567019 0.15474999999999997
-0.03125 -0.16237976320958222 0.11725000000000001
0 -0.1804219591217581 0.13600000000000001
-0.03125 -0.14433756729740643 0.09849999999999999
0.03125 -0.1804219591217581 0.13600000000000001
0.015625 -0.17140086116567019 0.15474999999999997
0 -0.16237976320958228 0.11725000000000001
-0.015625 -0.15335866525349437 0.13599999999999998
-0.078125 -0.13531646934131852 0.0047499999999999921
-0.0625 -0.12629537138523061 0.023499999999999976
-0.046875 -0.13531646934131852 0.0047499999999999921
-0.078125 -0.11727427342914273 -0.013999999999999992
0.015625 -0.18944305707784595 0.060999999999999999
0.03125 -0.1804219591217581 0.079750000000000015
0.015625 -0.17140086116567016 0.042249999999999989
0.046875 -0.18944305707784601 0.060999999999999999
-0.015625 -0.20748525299002177 0.079749999999999988
-0.03125 -0.18042195912175804 0.079750000000000015
-0.046875 -0.17140086116567016 0.042249999999999989
-0.03125 -0.16237976320958225 0.060999999999999999
-0.015625 -0.18944305707784595 0.060999999999999999
-0.046875 -0.17140086116567013 0.09849999999999999
-0.078125 -0.15335866525349434 0.023500000000000004
-0.046875 -0.13531646934131852 0.060999999999999999
-0.046875 -0.15335866525349434 0.079749999999999988
-0.0625 -0.14433756729740643 0.042249999999999989
-0.0625 -0.16237976320958225 0.060999999999999971
-0.015625 -0.17140086116567016 0.042249999999999989
-0.015625 -0.15335866525349434 0.023500000000000004
-0.03125 -0.14433756729740643 0.042250000000000017
-0.046875 -0.15335866525349434 0.023500000000000004
0.03125 -0.19846415503393391 0.09849999999999999
0.015625 -0.20748525299002177 0.079749999999999988
0 -0.18042195912175804 0.079750000000000015
0.046875 -0.18944305707784601 0.11725000000000001
0.015625 -0.17140086116567019 0.09849999999999999
-0.015625 -0.15335866525349434 0.079749999999999988
0 -0.16237976320958225 0.060999999999999999
0 -0.19846415503393386 0.09849999999999999
0.015625 -0.18944305707784601 0.11725000000000001
-0.015625 -0.18944305707784595 0.11725000000000001
-0.015625 -0.17140086116567013 0.09849999999999999
-0.015625 0.027063293868263717 0.060999999999999999
-0.046875 0.045105489780439524 0.042249999999999989
-0.046875 0.027063293868263717 0.060999999999999999
-0.03125 0.054126587736527433 0.060999999999999999
-0.109375 0.081189881604791139 0.0047500000000000198
-0.078125 0.063147685692615335 0.023500000000000004
-0.109375 0.063147685692615335 0.023500000000000004
-0.09375 0.090210979560879048 0.023500000000000004
-0.109375 0.027063293868263717 0.060999999999999999
-0.078125 0.027063293868263717 0.060999999999999999
-0.109375 0.045105489780439524 0.042250000000000017
-0.09375 0.054126587736527433 0.060999999999999999
-0.0625 0.10825317547305487 0.060999999999999999
-0.046875 0.081189881604791153 0.060999999999999999
-0.078125 0.099232077516966957 0.042250000000000017
-0.078125 0.081189881604791153 0.060999999999999999
-0.0625 0.072168783648703244 0.042249999999999989
-0.0625 0.054126587736527433 0.060999999999999999
-0.09375 0.072168783648703244 0.042249999999999989
-0.078125 0.045105489780439524 0.042249999999999989
-0.140625 0.099232077516966943 -0.013999999999999992
-0.171875 0.099232077516966943 -0.013999999999999992
-0.140625 0.027063293868263717 0.060999999999999999
-0.171875 0.027063293868263717 0.060999999999999999
-0.171875 0.045105489780439524 0.042249999999999989
-0.15625 0.054126587736527433 0.060999999999999999
-0.171875 0.081189881604791153 0.060999999999999999
-0.1875 0.054126587736527433 0.060999999999999999
-0.1875 0.072168783648703244 0.042249999999999989
-0.203125 0.027063293868263717 0.060999999999999999
-0.203125 0.045105489780439524 0.042249999999999989
-0.078125 0.13531646934131855 0.060999999999999999
-0.09375 0.12629537138523067 0.042250000000000017
-0.09375 0.10825317547305487 0.060999999999999999
-0.09375 0.16237976320958228 0.060999999999999999
-0.109375 0.15335866525349437 0.042250000000000017
-0.109375 0.13531646934131855 0.060999999999999999
-0.125 0.14433756729740643 0.023500000000000004
-0.125 0.12629537138523061 0.042250000000000017
-0.125 0.10825317547305481 0.060999999999999999
-0.15625 0.10825317547305487 0.060999999999999999
-0.140625 0.13531646934131855 0.060999999999999999
-0.15625 0.12629537138523067 0.042250000000000017
-0.125 0.16237976320958228 0.060999999999999999
-0.140625 0.15335866525349437 0.042250000000000017
-0.140625 0.081189881604791139 0.0047500000000000198
-0.140625 0.063147685692615335 0.023500000000000004
-0.125 0.090210979560879048 0.023500000000000004
-0.15625 0.090210979560879048 0.023500000000000004
-0.140625 0.045105489780439524 0.042250000000000017
-0.125 0.054126587736527433 0.060999999999999999
-0.109375 0.099232077516966957 0.042250000000000017
-0.109375 0.081189881604791153 0.060999999999999999
-0.171875 0.099232077516966957 0.042250000000000017
-0.15625 0.072168783648703244 0.042250000000000017
-0.140625 0.099232077516966957 0.042250000000000017
-0.140625 0.081189881604791153 0.060999999999999999
-0.125 0.072168783648703244 0.042250000000000017
-0.125 0.10825317547305485 0.0047500000000000198
-0.15625 0.10825317547305485 0.0047500000000000198
-0.109375 0.11727427342914276 0.023500000000000004
-0.171875 0.11727427342914276 0.023500000000000004
-0.140625 0.11727427342914276 0.023500000000000004
-0.140625 0.13531646934131858 0.0047500000000000198
-0.171875 0.081189881604791139 0.0047499999999999921
-0.1875 0.090210979560879048 0.023500000000000004
-0.171875 0.063147685692615335 0.023500000000000004
0.015625 0.009021097956087909 0.079749999999999988
0.046875 -0.0090210979560878986 0.09849999999999999
0.015625 -0.0090210979560878986 0.09849999999999999
0.03125 0.018042195912175818 0.09849999999999999
0.109375 -0.045105489780439517 0.13599999999999998
0.078125 -0.027063293868263706 0.11725000000000001
0.078125 -0.045105489780439517 0.13599999999999998
0.09375 -0.018042195912175797 0.13599999999999998
0.015625 -0.045105489780439517 0.13599999999999998
0.015625 -0.027063293868263706 0.11725000000000001
0.046875 -0.045105489780439517 0.13599999999999998
0.03125 -0.018042195912175797 0.13599999999999998
0.0625 0.03608439182435158 0.13599999999999998
0.046875 0.027063293868263727 0.11725000000000001
0.078125 0.0090210979560879194 0.13599999999999998
0.046875 0.0090210979560879194 0.13600000000000001
0.0625 1.0408340855860843e-17 0.11725000000000001
0.03125 1.0408340855860843e-17 0.11725000000000001
0.0625 -0.018042195912175797 0.13599999999999998
0.046875 -0.027063293868263706 0.11725000000000001
0.140625 -0.063147685692615321 0.15475
0.140625 -0.081189881604791125 0.17349999999999999
0.015625 -0.099232077516966943 0.19225
0.03125 -0.090210979560879034 0.21099999999999997
0.015625 -0.11727427342914275 0.21099999999999997
0.046875 -0.11727427342914275 0.21099999999999997
0.015625 -0.063147685692615321 0.15475
0.015625 -0.081189881604791125 0.17349999999999999
0.046875 -0.081189881604791125 0.17349999999999999
0.03125 -0.054126587736527412 0.17349999999999999
0.078125 -0.099232077516966943 0.19225
0.078125 -0.11727427342914275 0.21099999999999997
0.0625 -0.03608439182435165 0.21099999999999997
0.046875 -0.063147685692615307 0.21100000000000002
0.046875 -0.045105489780439503 0.19225
0.078125 -0.063147685692615307 0.21099999999999997
0.03125 -0.072168783648703216 0.19225
0.0625 -0.090210979560879034 0.21099999999999997
0.0625 -0.072168783648703216 0.19225
0.09375 -0.090210979560879034 0.21099999999999997
0.046875 -0.099232077516966943 0.19225
0.09375 0.054126587736527426 0.17349999999999999
0.109375 0.063147685692615307 0.19225
0.125 0.036084391824351622 0.19225
0.09375 0.036084391824351622 0.19225
0.09375 0.018042195912175811 0.21100000000000002
0.109375 0.045105489780439503 0.21100000000000002
0.125 0.018042195912175811 0.21100000000000002
0.078125 0.045105489780439517 0.15475
0.09375 0.018042195912175828 0.15475
0.0625 0.018042195912175773 0.15475
0.109375 0.02706329386826371 0.17350000000000002
0.078125 0.02706329386826371 0.17350000000000002
0.125 2.0816681711721685e-17 0.17350000000000002
0.09375 2.0816681711721685e-17 0.17349999999999999
0.0625 -3.4694469519536142e-17 0.17349999999999999
0.078125 -0.0090210979560879055 0.21100000000000002
0.0625 -0.018042195912175842 0.19225
0.09375 -0.036084391824351594 0.21099999999999997
0.078125 0.009021097956087902 0.19225
0.109375 -0.0090210979560879055 0.21100000000000002
0.09375 -0.018042195912175787 0.19225
0.125 -0.036084391824351594 0.21100000000000002
0.109375 0.009021097956087902 0.19225
0.140625 0.009021097956087902 0.19225
0.125 -0.018042195912175787 0.19225
0.109375 -0.063147685692615321 0.15475
0.078125 -0.063147685692615321 0.15475
0.09375 -0.036084391824351608 0.15475
0.09375 -0.054126587736527412 0.17349999999999999
0.046875 -0.063147685692615321 0.15475
0.03125 -0.036084391824351608 0.15475
0.078125 -0.0090210979560878882 0.15475
0.046875 -0.0090210979560878882 0.15475
0.078125 -0.045105489780439503 0.19225
0.0625 -0.054126587736527412 0.17349999999999999
0.078125 -0.027063293868263696 0.17349999999999999
0.046875 -0.027063293868263696 0.17350000000000002
0.0625 -0.036084391824351608 0.15475
0.125 -0.036084391824351608 0.15475
0.15625 -0.054126587736527412 0.17349999999999999
0.125 -0.054126587736527412 0.17349999999999999
0.109375 -0.0090210979560878882 0.15475
0.109375 -0.045105489780439503 0.19225
0.109375 -0.027063293868263696 0.17349999999999999
0.140625 -0.045105489780439503 0.19225
0.140625 -0.027063293868263696 0.17350000000000002
0.109375 -0.081189881604791125 0.17349999999999999
0.09375 -0.072168783648703216 0.19225
0.109375 -0.063147685692615307 0.21099999999999997
0.125 -0.072168783648703216 0.19225
0.078125 -0.081189881604791125 0.17349999999999999
0.109375 -0.099232077516966943 0.19225
0.109375 0.027063293868263692 0.22974999999999998
0.078125 -0.027063293868263713 0.22974999999999998
0.09375 3.4694469519536142e-18 0.22974999999999998
0.109375 -0.027063293868263713 0.22974999999999998
0.03125 -0.10825317547305484 0.22974999999999998
0.0625 -0.054126587736527454 0.22974999999999998
0.046875 -0.081189881604791125 0.22974999999999998
0.078125 -0.081189881604791125 0.22974999999999998
0.09375 -0.054126587736527398 0.22974999999999998
-0.015625 0.009021097956087909 0.079749999999999988
-0.046875 0.009021097956087909 0.079749999999999988
-0.03125 0.036084391824351622 0.079749999999999988
-0.03125 0.018042195912175818 0.09849999999999999
-0.109375 0.009021097956087909 0.079750000000000015
-0.078125 0.009021097956087909 0.079749999999999988
-0.09375 0.036084391824351622 0.079749999999999988
-0.09375 0.018042195912175818 0.09849999999999999
-0.0625 0.090210979560879062 0.079749999999999988
-0.046875 0.063147685692615335 0.079749999999999988
-0.078125 0.063147685692615335 0.079750000000000015
-0.0625 0.072168783648703244 0.09849999999999999
-0.0625 0.036084391824351636 0.13599999999999998
-0.046875 0.027063293868263727 0.11725000000000001
-0.078125 0.027063293868263727 0.11725000000000001
-0.0625 0.05412658773652744 0.11724999999999998
-0.0625 0.018042195912175818 0.09849999999999999
-0.046875 0.045105489780439531 0.09849999999999999
-0.078125 0.045105489780439531 0.09849999999999999
-0.0625 0.036084391824351622 0.079749999999999988
-0.140625 0.009021097956087909 0.079750000000000015
-0.171875 0.009021097956087909 0.079749999999999988
-0.15625 0.036084391824351622 0.079750000000000015
-0.15625 0.018042195912175818 0.09849999999999999
-0.171875 0.063147685692615335 0.079750000000000015
-0.171875 0.027063293868263727 0.11725000000000001
-0.1875 0.018042195912175818 0.09849999999999999
-0.171875 0.045105489780439531 0.09849999999999999
-0.1875 0.072168783648703244 0.09849999999999999
-0.1875 0.05412658773652744 0.11725000000000001
-0.203125 0.045105489780439531 0.09849999999999999
-0.203125 0.009021097956087909 0.079749999999999988
-0.1875 0.036084391824351622 0.079749999999999988
-0.078125 0.11727427342914275 0.079750000000000015
-0.09375 0.14433756729740646 0.079750000000000015
-0.109375 0.11727427342914275 0.079750000000000015
-0.09375 0.12629537138523067 0.09849999999999999
-0.140625 0.11727427342914275 0.079750000000000015
-0.15625 0.12629537138523061 0.09849999999999999
-0.171875 0.11727427342914278 0.079750000000000015
-0.15625 0.14433756729740643 0.079750000000000015
-0.109375 0.13531646934131858 0.11725000000000001
-0.109375 0.15335866525349437 0.09849999999999999
-0.125 0.12629537138523067 0.09849999999999999
-0.140625 0.13531646934131852 0.11725000000000001
-0.140625 0.15335866525349434 0.09849999999999999
-0.109375 0.17140086116567019 0.079750000000000015
-0.125 0.14433756729740646 0.079750000000000015
-0.125 0.072168783648703216 0.21100000000000002
-0.109375 0.063147685692615335 0.19225
-0.140625 0.063147685692615307 0.19225
-0.125 0.09021097956087902 0.19225
-0.09375 0.054126587736527426 0.17349999999999999
-0.125 0.054126587736527426 0.17349999999999999
-0.109375 0.081189881604791139 0.17349999999999999
-0.15625 0.054126587736527398 0.17349999999999999
-0.140625 0.081189881604791111 0.17349999999999999
-0.125 0.10825317547305482 0.17349999999999999
-0.078125 0.045105489780439517 0.15475
-0.09375 0.036084391824351636 0.13600000000000001
-0.078125 0.063147685692615321 0.13599999999999998
-0.109375 0.045105489780439517 0.15475
-0.09375 0.07216878364870323 0.15475
-0.125 0.03608439182435158 0.13600000000000001
-0.109375 0.063147685692615321 0.13599999999999998
-0.09375 0.090210979560879034 0.13599999999999998
-0.1875 0.036084391824351636 0.13600000000000001
-0.171875 0.045105489780439545 0.15475
-0.15625 0.036084391824351636 0.13600000000000001
-0.171875 0.063147685692615349 0.13599999999999998
-0.140625 0.045105489780439517 0.15475
-0.15625 0.072168783648703203 0.15475
-0.140625 0.063147685692615321 0.13599999999999998
-0.15625 0.090210979560879007 0.13599999999999998
-0.125 0.14433756729740643 0.13599999999999998
-0.125 0.12629537138523064 0.15475
-0.109375 0.11727427342914276 0.13599999999999998
-0.140625 0.11727427342914273 0.13599999999999998
-0.109375 0.099232077516966943 0.15475
-0.140625 0.099232077516966916 0.15475
-0.125 0.090210979560879034 0.13599999999999998
-0.125 0.07216878364870323 0.15475
-0.09375 0.05412658773652744 0.11725000000000001
-0.109375 0.045105489780439531 0.09849999999999999
-0.09375 0.072168783648703244 0.09849999999999999
-0.125 0.072168783648703189 0.09849999999999999
-0.125 0.036084391824351622 0.079750000000000015
-0.09375 0.090210979560879062 0.079750000000000015
-0.15625 0.090210979560879062 0.079750000000000015
-0.140625 0.063147685692615335 0.079750000000000015
-0.125 0.090210979560879007 0.079750000000000015
-0.109375 0.063147685692615335 0.079750000000000015
-0.078125 0.081189881604791125 0.11725000000000001
-0.109375 0.081189881604791125 0.11725000000000001
-0.078125 0.099232077516966943 0.09849999999999999
-0.09375 0.10825317547305485 0.11725000000000001
-0.125 0.10825317547305485 0.11725000000000001
-0.140625 0.099232077516966943 0.09849999999999999
-0.109375 0.099232077516966943 0.09849999999999999
-0.125 0.054126587736527385 0.11725000000000001
-0.15625 0.10825317547305482 0.11725000000000001
-0.15625 0.05412658773652744 0.11725000000000001
-0.171875 0.081189881604791153 0.11725000000000001
-0.15625 0.072168783648703244 0.09849999999999999
-0.171875 0.099232077516966971 0.09849999999999999
-0.1875 0.090210979560879062 0.079750000000000015
-0.140625 0.081189881604791125 0.11725000000000001
-0.109375 0.027063293868263727 0.11725000000000001
-0.140625 0.027063293868263727 0.11725000000000001
-0.125 0.018042195912175818 0.09849999999999999
-0.140625 0.045105489780439531 0.09849999999999999
0 0.036084391824351622 0.079749999999999988
0 0.018042195912175818 0.09849999999999999
-0.03125 0.090210979560879062 0.079749999999999988
-0.015625 0.063147685692615335 0.079749999999999988
0 0.072168783648703244 0.09849999999999999
-0.03125 0.072168783648703244 0.09849999999999999
0.03125 0.05412658773652744 0.11725000000000001
0.03125 0.036084391824351636 0.13600000000000001
0.015625 0.045105489780439531 0.09849999999999999
0.015625 0.027063293868263727 0.11725000000000001
0 0.05412658773652744 0.11724999999999998
0 0.036084391824351636 0.13599999999999998
-0.03125 0.036084391824351636 0.13599999999999998
-0.015625 0.027063293868263727 0.11725000000000001
-0.03125 0.05412658773652744 0.11724999999999998
-0.015625 0.045105489780439531 0.09849999999999999
-0.046875 0.11727427342914275 0.079750000000000015
-0.0625 0.14433756729740646 0.079750000000000015
-0.03125 0.12629537138523067 0.09849999999999999
-0.0625 0.12629537138523067 0.09849999999999999
0 0.14433756729740643 0.13599999999999998
-0.03125 0.16237976320958228 0.11725000000000001
-0.015625 0.13531646934131858 0.11725000000000001
-0.03125 0.14433756729740649 0.13599999999999998
-0.0625 0.1804219591217581 0.09849999999999999
-0.046875 0.15335866525349437 0.09849999999999999
-0.0625 0.16237976320958228 0.11725000000000001
-0.046875 0.13531646934131858 0.11725000000000001
-0.0625 0.14433756729740649 0.13599999999999998
-0.078125 0.13531646934131858 0.11725000000000001
-0.09375 0.14433756729740649 0.13599999999999998
-0.09375 0.16237976320958228 0.11725000000000001
-0.078125 0.17140086116567019 0.079750000000000015
-0.078125 0.15335866525349437 0.09849999999999999
-0.09375 0.1804219591217581 0.09849999999999999
0.125 0.072168783648703216 0.21100000000000002
0.09375 0.09021097956087902 0.19225
0.09375 0.072168783648703216 0.21100000000000002
0.078125 0.081189881604791139 0.17349999999999999
0.078125 0.063147685692615335 0.19225
0.0625 0.10825317547305485 0.17349999999999999
0.0625 0.090210979560879048 0.19225
0.0625 0.072168783648703244 0.21100000000000002
0.046875 0.063147685692615321 0.13599999999999998
0.046875 0.045105489780439517 0.15475
0.0625 0.07216878364870323 0.15475
0.0625 0.054126587736527426 0.17349999999999999
0.03125 0.090210979560879034 0.13599999999999998
0.03125 0.07216878364870323 0.15475
0.03125 0.054126587736527426 0.17349999999999999
0.03125 0.12629537138523064 0.15475
0.015625 0.11727427342914273 0.13599999999999998
0 0.12629537138523064 0.15475
0.046875 0.099232077516966943 0.15475
0.03125 0.10825317547305482 0.17349999999999999
0.015625 0.099232077516966916 0.15475
0 0.10825317547305482 0.17349999999999999
0 0.072168783648703216 0.21100000000000002
0.03125 0.072168783648703216 0.21100000000000002
0.015625 0.063147685692615307 0.19225
0 0.09021097956087902 0.19225
0.046875 0.063147685692615335 0.19225
0.03125 0.09021097956087902 0.19225
0.015625 0.081189881604791111 0.17349999999999999
0.046875 0.081189881604791139 0.17349999999999999
-0.09375 0.072168783648703244 0.21100000000000002
-0.078125 0.063147685692615335 0.19225
-0.09375 0.090210979560879048 0.19225
-0.0625 0.072168783648703244 0.21100000000000002
-0.046875 0.045105489780439517 0.15475
-0.0625 0.054126587736527426 0.17349999999999999
-0.0625 0.07216878364870323 0.15475
-0.03125 0.054126587736527426 0.17349999999999999
-0.09375 0.12629537138523067 0.15475
-0.09375 0.10825317547305485 0.17349999999999999
-0.078125 0.099232077516966943 0.15475
-0.0625 0.10825317547305485 0.17349999999999999
-0.03125 0.072168783648703244 0.21100000000000002
-0.015625 0.063147685692615335 0.19225
-0.03125 0.090210979560879048 0.19225
-0.046875 0.063147685692615335 0.19225
-0.0625 0.090210979560879048 0.19225
-0.046875 0.081189881604791139 0.17349999999999999
-0.078125 0.081189881604791139 0.17349999999999999
-0.046875 0.099232077516966943 0.09849999999999999
-0.015625 0.081189881604791125 0.11724999999999998
-0.046875 0.081189881604791125 0.11725000000000001
-0.03125 0.090210979560879034 0.13599999999999998
0.015625 0.063147685692615321 0.13599999999999998
0.015625 0.045105489780439517 0.15475
-0.046875 0.063147685692615321 0.13599999999999998
-0.015625 0.045105489780439517 0.15474999999999997
-0.015625 0.081189881604791139 0.17349999999999999
0 0.07216878364870323 0.15475
-0.03125 0.07216878364870323 0.15474999999999997
0 0.054126587736527426 0.17349999999999999
-0.015625 0.063147685692615321 0.13599999999999998
-0.0625 0.10825317547305485 0.11725000000000001
-0.078125 0.11727427342914276 0.13599999999999998
-0.046875 0.099232077516966943 0.15475
-0.0625 0.090210979560879034 0.13599999999999998
-0.03125 0.10825317547305485 0.11724999999999998
-0.0625 0.12629537138523067 0.15475
-0.015625 0.11727427342914276 0.13599999999999998
-0.03125 0.12629537138523067 0.15475
-0.015625 0.099232077516966943 0.15475
-0.03125 0.10825317547305485 0.17349999999999999
-0.046875 0.11727427342914276 0.13599999999999998
-0.015625 0.099232077516966943 0.09849999999999999
0 0.10825317547305485 0.11725000000000001
0.015625 0.081189881604791125 0.11725000000000001
0 0.090210979560879034 0.13599999999999998
-0.015625 0.15335866525349434 0.15475
-0.046875 0.17140086116567016 0.13599999999999998
-0.046875 0.15335866525349434 0.15475
-0.03125 0.16237976320958225 0.17349999999999999
-0.078125 0.1533586652534944 0.15475
-0.078125 0.17140086116567019 0.13599999999999998
-0.0625 0.16237976320958225 0.17349999999999999
0.078125 0.099232077516966929 0.21099999999999997
0.078125 0.081189881604791125 0.22974999999999998
0.015625 0.13531646934131855 0.17349999999999999
0.046875 0.11727427342914273 0.19225
0.015625 0.11727427342914273 0.19225
0.03125 0.12629537138523064 0.21100000000000002
0.015625 0.081189881604791125 0.22974999999999998
0.046875 0.081189881604791125 0.22974999999999998
0.015625 0.099232077516966929 0.21099999999999997
0.046875 0.099232077516966929 0.21099999999999997
0.0625 0.10825317547305484 0.22974999999999998
0.03125 0.10825317547305484 0.22974999999999998
-0.109375 0.099232077516966929 0.21099999999999997
-0.078125 0.081189881604791153 0.22974999999999998
-0.109375 0.13531646934131855 0.17349999999999999
-0.109375 0.11727427342914273 0.19225
-0.078125 0.11727427342914276 0.19225
-0.015625 0.081189881604791125 0.22974999999999998
-0.046875 0.081189881604791125 0.22974999999999998
-0.046875 0.099232077516966929 0.21099999999999997
-0.078125 0.099232077516966957 0.21099999999999997
-0.0625 0.10825317547305484 0.22974999999999998
-0.015625 0.13531646934131855 0.17349999999999999
-0.109375 0.15335866525349434 0.15475
-0.078125 0.13531646934131858 0.17349999999999999
-0.015625 0.099232077516966929 0.21099999999999997
-0.03125 0.12629537138523064 0.21099999999999997
-0.015625 0.11727427342914273 0.19225
-0.046875 0.11727427342914273 0.19225
-0.03125 0.14433756729740646 0.19225
-0.0625 0.14433756729740646 0.19225
-0.046875 0.13531646934131855 0.17349999999999999
-0.03125 0.10825317547305484 0.22974999999999998
-0.0625 0.12629537138523064 0.21099999999999997
0 0.10825317547305484 0.22974999999999998
0 0.090210979560879034 0.24849999999999997
0 0.14433756729740646 0.19225
0 0.12629537138523064 0.21099999999999997
-0.015625 0.17140086116567016 0.13599999999999998
-0.046875 0.18944305707784598 0.11725000000000001
-0.03125 0.18042195912175807 0.15475
0.078125 0.11727427342914273 0.19225
0.109375 0.099232077516966929 0.21099999999999997
0.015625 0.15335866525349434 0.15475
0.046875 0.13531646934131855 0.17349999999999999
0.03125 0.16237976320958225 0.17350000000000002
0.03125 0.14433756729740646 0.19225
0.0625 0.12629537138523064 0.21099999999999997
0.0625 0.14433756729740646 0.19225
0 0.16237976320958225 0.17349999999999999
0 0.18042195912175807 0.15475
-0.015625 -0.0090210979560878986 0.09849999999999999
0.015625 0.0090210979560879194 0.13599999999999998
-0.015625 -0.045105489780439517 0.13599999999999998
-0.015625 -0.027063293868263706 0.11725000000000001
0 -0.018042195912175797 0.13599999999999998
-0.03125 -0.018042195912175797 0.13599999999999998
-0.046875 0.0090210979560879194 0.13599999999999998
-0.03125 1.0408340855860843e-17 0.11725000000000001
-0.015625 0.0090210979560879194 0.13599999999999998
0 1.0408340855860843e-17 0.11725000000000001
0.078125 0.045105489780439531 0.21100000000000002
0.046875 0.02706329386826371 0.17350000000000002
0.046875 -0.0090210979560879055 0.21100000000000002
0.0625 0.018042195912175811 0.21100000000000002
0.046875 0.009021097956087902 0.19225
0.03125 0.018042195912175811 0.21100000000000002
0.015625 0.045105489780439503 0.21100000000000002
0.046875 0.045105489780439531 0.21100000000000002
0.03125 0.036084391824351622 0.19225
0.0625 0.036084391824351622 0.19225
-0.015625 -0.11727427342914275 0.21099999999999997
-0.015625 -0.099232077516966943 0.19225
0 -0.090210979560879034 0.21099999999999997
-0.03125 -0.090210979560879034 0.21099999999999997
-0.015625 -0.063147685692615321 0.15475
-0.015625 -0.081189881604791125 0.17349999999999999
0 -0.054126587736527412 0.17349999999999999
-0.03125 -0.054126587736527412 0.17349999999999999
0.03125 -0.036084391824351594 0.21100000000000002
0.015625 -0.063147685692615307 0.21099999999999997
0.015625 -0.045105489780439503 0.19225
0 -0.036084391824351594 0.21099999999999997
-0.0625 -0.036084391824351594 0.21099999999999997
-0.046875 -0.063147685692615307 0.21099999999999997
-0.046875 -0.045105489780439503 0.19225
-0.03125 -0.036084391824351594 0.21099999999999997
-0.03125 -0.072168783648703216 0.19225
-0.015625 -0.063147685692615307 0.21099999999999997
-0.015625 -0.045105489780439503 0.19225
0 -0.072168783648703216 0.19225
-0.109375 0.045105489780439531 0.21100000000000002
-0.09375 0.036084391824351622 0.19225
-0.078125 0.045105489780439531 0.21100000000000002
-0.09375 0.018042195912175811 0.21100000000000002
-0.0625 0.018042195912175828 0.15475
-0.078125 0.02706329386826371 0.17350000000000002
-0.046875 0.02706329386826371 0.17350000000000002
-0.0625 2.0816681711721685e-17 0.17349999999999999
-0.015625 0.045105489780439531 0.21100000000000002
-0.046875 0.045105489780439531 0.21100000000000002
-0.03125 0.036084391824351622 0.19225
-0.03125 0.018042195912175811 0.21099999999999997
-0.078125 -0.0090210979560879055 0.21100000000000002
-0.0625 -0.018042195912175787 0.19225
-0.046875 -0.0090210979560879055 0.21100000000000002
-0.078125 0.009021097956087902 0.19225
-0.0625 0.018042195912175811 0.21100000000000002
-0.046875 0.009021097956087902 0.19225
-0.0625 0.036084391824351622 0.19225
-0.03125 0.018042195912175828 0.15475
0 0.018042195912175828 0.15475
-0.015625 -0.0090210979560878882 0.15475
0 2.0816681711721685e-17 0.17349999999999999
0.03125 0.018042195912175828 0.15475
0 -0.036084391824351608 0.15475
0.03125 -0.018042195912175787 0.19225
0.03125 2.0816681711721685e-17 0.17350000000000002
0.015625 -0.027063293868263696 0.17349999999999999
0.015625 -0.0090210979560878882 0.15475
-0.046875 -0.0090210979560878882 0.15475
-0.03125 2.0816681711721685e-17 0.17349999999999999
-0.03125 -0.036084391824351608 0.15475
-0.046875 -0.027063293868263696 0.17349999999999999
-0.03125 -0.018042195912175787 0.19225
0 -0.018042195912175787 0.19225
-0.015625 -0.027063293868263696 0.17349999999999999
-0.015625 0.02706329386826371 0.17349999999999999
-0.015625 -0.0090210979560879055 0.21099999999999997
0 0.036084391824351622 0.19225
0 0.018042195912175811 0.21100000000000002
0.015625 0.009021097956087902 0.19225
0.015625 -0.0090210979560879055 0.21100000000000002
-0.015625 0.009021097956087902 0.19225
0.015625 0.02706329386826371 0.17350000000000002
-0.09375 0.05412658773652744 0.22974999999999998
-0.0625 0.05412658773652744 0.22974999999999998
-0.078125 0.02706329386826372 0.22974999999999998
-0.0625 0.036084391824351629 0.2485
0 0.054126587736527412 0.22974999999999998
-0.03125 0.05412658773652744 0.22974999999999998
-0.015625 0.02706329386826372 0.22974999999999998
0 0.036084391824351601 0.2485
-0.046875 -0.027063293868263713 0.22974999999999998
-0.0625 3.4694469519536142e-18 0.22974999999999998
-0.03125 3.4694469519536142e-18 0.22974999999999998
-0.03125 -0.018042195912175804 0.24849999999999997
-0.046875 0.02706329386826372 0.22974999999999998
-0.046875 0.0090210979560879125 0.2485
-0.03125 0.036084391824351629 0.2485
-0.015625 0.0090210979560879125 0.2485
0.09375 0.054126587736527412 0.22974999999999998
0.03125 0.054126587736527412 0.22974999999999998
0.0625 0.05412658773652744 0.22974999999999998
0.046875 0.02706329386826372 0.22974999999999998
0.0625 0.036084391824351629 0.2485
0.0625 3.4694469519536142e-18 0.22974999999999998
0.078125 0.02706329386826372 0.22974999999999998
0.078125 0.0090210979560879125 0.2485
0 -0.10825317547305484 0.22974999999999998
-0.03125 -0.054126587736527398 0.22974999999999998
-0.015625 -0.081189881604791125 0.22974999999999998
0 -0.054126587736527398 0.22974999999999998
0 -0.072168783648703216 0.24849999999999997
0.03125 -0.054126587736527398 0.22974999999999998
0.015625 -0.081189881604791125 0.22974999999999998
0.03125 -0.072168783648703216 0.2485
0.015625 0.027063293868263692 0.22974999999999998
-0.015625 -0.027063293868263713 0.22974999999999998
0.046875 -0.027063293868263713 0.22974999999999998
0.03125 -0.018042195912175804 0.2485
0.03125 3.4694469519536142e-18 0.22974999999999998
0.015625 -0.027063293868263713 0.22974999999999998
0.015625 0.0090210979560878847 0.2485
0 -0.018042195912175804 0.2485
0 3.4694469519536142e-18 0.22974999999999998
-0.015625 -0.045105489780439517 0.24849999999999997
0.046875 -0.045105489780439517 0.2485
0.015625 -0.045105489780439517 0.2485
0.0625 -0.018042195912175804 0.2485
0.03125 0.036084391824351601 0.2485
0.046875 0.0090210979560879125 0.2485
-0.109375 0.02706329386826372 0.22974999999999998
-0.078125 -0.027063293868263713 0.22974999999999998
-0.09375 3.4694469519536142e-18 0.22974999999999998
-0.09375 -0.018042195912175804 0.2485
-0.0625 -0.018042195912175804 0.2485
-0.078125 0.0090210979560879125 0.2485
-0.03125 -0.10825317547305484 0.22974999999999998
-0.0625 -0.054126587736527398 0.22974999999999998
-0.046875 -0.081189881604791125 0.22974999999999998
-0.0625 -0.072168783648703216 0.24849999999999997
-0.03125 -0.072168783648703216 0.24849999999999997
-0.046875 -0.045105489780439517 0.2485
-0.078125 -0.045105489780439517 0.2485
-0.015625 0.063147685692615321 0.2485
-0.046875 0.063147685692615321 0.2485
0.046875 0.063147685692615321 0.2485
0.015625 0.063147685692615321 0.2485
-0.046875 -0.027063293868263706 0.11725000000000001
-0.078125 -0.0090210979560878986 0.09849999999999999
-0.0625 1.0408340855860843e-17 0.11725000000000001
-0.046875 -0.0090210979560878986 0.09849999999999999
-0.046875 -0.099232077516966943 0.19225
-0.046875 -0.063147685692615321 0.15475
-0.109375 -0.063147685692615321 0.15475
-0.078125 -0.081189881604791125 0.17349999999999999
-0.078125 -0.063147685692615321 0.15475
-0.09375 -0.054126587736527412 0.17349999999999999
-0.078125 -0.045105489780439503 0.19225
-0.0625 -0.072168783648703216 0.19225
-0.0625 -0.054126587736527412 0.17349999999999999
-0.046875 -0.081189881604791125 0.17349999999999999
-0.140625 -0.0090210979560878986 0.098500000000000018
-0.140625 -0.045105489780439517 0.13600000000000001
-0.171875 -0.027063293868263706 0.11725000000000001
-0.140625 -0.027063293868263706 0.11725000000000001
-0.15625 -0.018042195912175797 0.13600000000000001
-0.15625 1.0408340855860843e-17 0.11725000000000001
-0.171875 0.0090210979560879194 0.13600000000000001
-0.1875 1.0408340855860843e-17 0.11725000000000001
-0.171875 -0.0090210979560878986 0.09849999999999999
-0.203125 -0.0090210979560878986 0.09849999999999999
-0.125 0.036084391824351622 0.19225
-0.09375 0.018042195912175828 0.15475
-0.09375 -0.018042195912175787 0.19225
-0.109375 0.009021097956087902 0.19225
-0.09375 2.0816681711721685e-17 0.17350000000000002
-0.125 -3.4694469519536142e-17 0.17350000000000002
-0.15625 0.018042195912175828 0.15475
-0.140625 0.02706329386826371 0.17350000000000002
-0.125 0.018042195912175773 0.15475
-0.109375 0.02706329386826371 0.17350000000000002
-0.109375 -0.0090210979560878986 0.098500000000000018
-0.078125 -0.027063293868263706 0.11725000000000001
-0.09375 1.0408340855860843e-17 0.11725000000000001
-0.09375 -0.018042195912175797 0.13599999999999998
-0.046875 -0.045105489780439517 0.13599999999999998
-0.078125 0.0090210979560879194 0.13600000000000001
-0.078125 -0.027063293868263696 0.17350000000000002
-0.0625 -0.036084391824351608 0.15475
-0.078125 -0.0090210979560878882 0.15475
-0.0625 -0.018042195912175797 0.13599999999999998
-0.125 1.0408340855860843e-17 0.11725000000000001
-0.140625 0.0090210979560879194 0.13600000000000001
-0.109375 -0.0090210979560878882 0.15475
-0.109375 0.0090210979560879194 0.13600000000000001
-0.109375 -0.027063293868263706 0.11725000000000001
-0.140625 -0.0090210979560878882 0.15475
-0.109375 -0.045105489780439517 0.13600000000000001
-0.125 -0.036084391824351608 0.15475
-0.09375 -0.036084391824351608 0.15475
-0.109375 -0.027063293868263696 0.17350000000000002
-0.125 -0.018042195912175797 0.13600000000000001
-0.078125 -0.045105489780439517 0.13599999999999998
-0.140625 -0.063147685692615321 0.15475
-0.171875 -0.045105489780439517 0.13599999999999998
-0.15625 -0.036084391824351608 0.15475
-0.15625 -0.054126587736527412 0.17350000000000002
-0.171875 -0.0090210979560878882 0.15475
-0.203125 -0.027063293868263706 0.11725000000000001
-0.1875 -0.018042195912175797 0.13599999999999998
-0.1875 -0.036084391824351608 0.15475
-0.171875 -0.027063293868263696 0.17350000000000002
-0.046875 -0.11727427342914275 0.21099999999999997
-0.109375 -0.081189881604791125 0.17350000000000002
-0.078125 -0.099232077516966943 0.19225
-0.09375 -0.072168783648703216 0.19225
-0.09375 -0.090210979560879034 0.21099999999999997
-0.078125 -0.063147685692615307 0.21100000000000002
-0.0625 -0.090210979560879034 0.21099999999999997
-0.0625 -0.10825317547305484 0.22974999999999998
-0.078125 -0.081189881604791125 0.22974999999999998
-0.140625 0.045105489780439503 0.21100000000000002
-0.171875 0.027063293868263737 0.17350000000000002
-0.15625 0.036084391824351594 0.19225
-0.140625 0.009021097956087902 0.19225
-0.109375 -0.0090210979560879055 0.21100000000000002
-0.125 0.018042195912175811 0.21100000000000002
-0.125 3.4694469519536142e-18 0.22974999999999998
-0.125 -0.054126587736527412 0.17350000000000002
-0.1875 0.018042195912175828 0.15475
-0.15625 2.0816681711721685e-17 0.17350000000000002
-0.09375 -0.036084391824351594 0.21100000000000002
-0.125 -0.03608439182435165 0.21100000000000002
-0.109375 -0.045105489780439503 0.19225
-0.125 -0.018042195912175842 0.19225
-0.140625 -0.045105489780439503 0.19225
-0.15625 -0.018042195912175787 0.19225
-0.140625 -0.027063293868263696 0.17350000000000002
-0.109375 -0.027063293868263713 0.22974999999999998
-0.140625 -0.0090210979560879055 0.21100000000000002
-0.09375 -0.054126587736527398 0.22974999999999998
-0.125 -0.072168783648703216 0.19225
-0.140625 -0.063147685692615307 0.21100000000000002
-0.109375 -0.063147685692615307 0.21100000000000002
-0.171875 -0.063147685692615321 0.15475
-0.109375 -0.099232077516966943 0.19225
-0.078125 -0.11727427342914275 0.21099999999999997
-0.140625 -0.081189881604791125 0.17350000000000002
-0.140625 -0.099232077516966943 0.19225
-0.125 -0.090210979560879034 0.21100000000000002
0 0.018042195912175808 0.042249999999999989
-0.03125 0.036084391824351615 0.023500000000000004
-0.015625 0.045105489780439524 0.042249999999999989
0 0.036084391824351615 0.023500000000000004
-0.09375 0.07216878364870323 -0.013999999999999992
-0.0625 0.054126587736527426 0.0047499999999999921
-0.078125 0.081189881604791139 0.0047499999999999921
-0.0625 0.07216878364870323 -0.013999999999999992
-0.046875 0.099232077516966957 0.042249999999999989
-0.03125 0.072168783648703244 0.042249999999999989
-0.0625 0.090210979560879048 0.023500000000000004
-0.03125 0.090210979560879048 0.023500000000000004
0 0.07216878364870323 -0.013999999999999992
0 0.054126587736527426 0.0047499999999999921
-0.03125 0.07216878364870323 -0.013999999999999992
-0.015625 0.081189881604791139 0.0047499999999999921
-0.03125 0.054126587736527426 0.0047499999999999921
-0.015625 0.063147685692615335 0.023500000000000004
-0.046875 0.081189881604791139 0.0047499999999999921
-0.046875 0.063147685692615335 0.023500000000000004
-0.125 0.090210979560879034 -0.032750000000000001
-0.0625 0.12629537138523067 0.042249999999999989
-0.078125 0.15335866525349437 0.042250000000000017
-0.09375 0.14433756729740649 0.023500000000000004
-0.0625 0.14433756729740649 0.023500000000000004
-0.0625 0.16237976320958228 0.0047499999999999921
-0.078125 0.17140086116567016 0.023500000000000004
-0.09375 0.16237976320958228 0.0047500000000000198
-0.09375 0.18042195912175807 0.042250000000000017
-0.109375 0.17140086116567016 0.023500000000000004
0 0.10825317547305485 -0.05149999999999999
0 0.12629537138523064 -0.070249999999999993
-0.03125 0.12629537138523064 -0.070249999999999993
-0.015625 0.13531646934131855 -0.05149999999999999
-0.03125 0.16237976320958228 -0.05149999999999999
-0.015625 0.15335866525349437 -0.070249999999999993
-0.046875 0.15335866525349437 -0.070249999999999993
0 0.090210979560879034 -0.032750000000000001
-0.03125 0.090210979560879034 -0.032750000000000001
-0.015625 0.099232077516966943 -0.013999999999999992
-0.03125 0.10825317547305485 -0.05149999999999999
-0.015625 0.11727427342914276 -0.032750000000000001
-0.0625 0.10825317547305485 -0.05149999999999999
-0.046875 0.11727427342914276 -0.032750000000000001
-0.03125 0.12629537138523067 -0.013999999999999992
-0.09375 0.12629537138523064 -0.070249999999999993
-0.0625 0.12629537138523064 -0.070249999999999993
-0.078125 0.13531646934131855 -0.05149999999999999
-0.046875 0.17140086116567019 -0.032750000000000001
-0.03125 0.14433756729740646 -0.032750000000000001
-0.0625 0.16237976320958228 -0.05149999999999999
-0.046875 0.15335866525349437 -0.013999999999999992
-0.0625 0.14433756729740646 -0.032750000000000001
-0.046875 0.13531646934131855 -0.05149999999999999
-0.078125 0.11727427342914276 0.023500000000000004
-0.09375 0.10825317547305485 0.0047499999999999921
-0.0625 0.10825317547305485 0.0047499999999999921
-0.09375 0.12629537138523067 -0.013999999999999992
-0.109375 0.099232077516966943 -0.013999999999999992
-0.09375 0.090210979560879034 -0.032750000000000001
-0.125 0.10825317547305485 -0.05149999999999999
-0.046875 0.099232077516966943 -0.013999999999999992
-0.0625 0.090210979560879034 -0.032750000000000001
-0.109375 0.13531646934131855 -0.05149999999999999
-0.109375 0.11727427342914276 -0.032749999999999974
-0.078125 0.11727427342914276 -0.032750000000000001
-0.09375 0.10825317547305485 -0.05149999999999999
-0.078125 0.099232077516966943 -0.013999999999999992
-0.046875 0.11727427342914276 0.023500000000000004
-0.078125 0.13531646934131858 0.0047500000000000198
-0.03125 0.10825317547305485 0.0047499999999999921
-0.046875 0.13531646934131858 0.0047499999999999921
-0.078125 0.15335866525349437 -0.013999999999999992
-0.09375 0.14433756729740646 -0.032750000000000001
-0.0625 0.12629537138523067 -0.013999999999999992
-0.109375 0.13531646934131858 0.0047500000000000198
-0.109375 0.15335866525349437 -0.013999999999999992
-0.140625 0.11727427342914276 -0.032749999999999974
-0.125 0.12629537138523067 -0.013999999999999992
0.03125 0 0.060999999999999999
0.0625 -0.018042195912175808 0.079750000000000015
0.046875 0.009021097956087909 0.079749999999999988
0.0625 0 0.060999999999999999
0.125 -0.054126587736527426 0.11725000000000001
0.09375 -0.036084391824351615 0.09849999999999999
0.109375 -0.027063293868263706 0.11725000000000001
0.125 -0.036084391824351615 0.09849999999999999
0.078125 0.027063293868263727 0.11725000000000001
0.0625 0.018042195912175818 0.09849999999999999
0.09375 1.0408340855860843e-17 0.11725000000000001
0.09375 0.018042195912175818 0.09849999999999999
0.125 0 0.060999999999999999
0.09375 0 0.060999999999999999
0.125 -0.018042195912175808 0.079750000000000015
0.109375 0.009021097956087909 0.079749999999999988
0.09375 -0.018042195912175808 0.079750000000000015
0.078125 0.009021097956087909 0.079749999999999988
0.109375 -0.0090210979560878986 0.09849999999999999
0.078125 -0.0090210979560878986 0.09849999999999999
0.15625 -0.07216878364870323 0.13599999999999998
0.125 0.054126587736527426 0.17349999999999999
0.09375 0.036084391824351636 0.13599999999999998
0.109375 0.045105489780439517 0.15475
0.125 0.018042195912175828 0.15475
0.125 0.036084391824351636 0.13600000000000001
0.15625 0.036084391824351636 0.13600000000000001
0.140625 0.045105489780439517 0.15475
0.15625 0.018042195912175828 0.15475
0.140625 0.02706329386826371 0.17350000000000002
0.15625 2.0816681711721685e-17 0.17350000000000002
0.15625 0 0.060999999999999999
0.15625 -0.018042195912175808 0.079750000000000015
0.140625 0.009021097956087909 0.079749999999999988
0.1875 0 0.060999999999999999
0.1875 -0.018042195912175808 0.079750000000000015
0.171875 0.009021097956087909 0.079749999999999988
0.1875 -0.036084391824351615 0.09849999999999999
0.171875 -0.0090210979560878986 0.09849999999999999
0.15625 0.018042195912175818 0.09849999999999999
0.171875 0.027063293868263727 0.11725000000000001
0.1875 0.018042195912175818 0.09849999999999999
0.1875 1.0408340855860843e-17 0.11725000000000001
0.140625 -0.0090210979560878986 0.09849999999999999
0.140625 -0.027063293868263706 0.11725000000000001
0.125 1.0408340855860843e-17 0.11725000000000001
0.15625 -0.018042195912175797 0.13599999999999998
0.140625 -0.045105489780439517 0.13599999999999998
0.109375 0.0090210979560879194 0.13599999999999998
0.125 -0.018042195912175797 0.13599999999999998
0.140625 -0.0090210979560878882 0.15475
0.15625 -0.036084391824351608 0.15475
0.125 0.018042195912175818 0.09849999999999999
0.15625 1.0408340855860843e-17 0.11725000000000001
0.109375 0.027063293868263727 0.11725000000000001
0.140625 0.027063293868263727 0.11725000000000001
0.171875 0.0090210979560879194 0.13600000000000001
0.140625 0.0090210979560879194 0.13600000000000001
0.171875 -0.0090210979560878882 0.15475
0.171875 -0.027063293868263706 0.11725000000000001
0.1875 -0.018042195912175797 0.13599999999999998
0.15625 -0.036084391824351615 0.09849999999999999
0.15625 -0.054126587736527426 0.11725000000000001
0.171875 -0.063147685692615321 0.15475
0.171875 -0.045105489780439517 0.13599999999999998
0.1875 -0.054126587736527426 0.11725000000000001
0.015625 0.027063293868263717 0.060999999999999999
0.015625 0.063147685692615335 0.023500000000000004
0.015625 0.045105489780439524 0.042249999999999989
0 0.072168783648703244 0.042249999999999989
0.03125 0.054126587736527433 0.060999999999999999
-0.015625 0.081189881604791153 0.060999999999999999
0.046875 0.045105489780439531 0.09849999999999999
0.03125 0.036084391824351622 0.079749999999999988
0.015625 0.063147685692615335 0.079749999999999988
0 0.054126587736527433 0.060999999999999999
0 0.14433756729740646 -0.08900000000000001
0.015625 0.13531646934131855 -0.05149999999999999
0.015625 0.11727427342914276 -0.032750000000000001
0 0.14433756729740646 -0.032750000000000001
0.03125 0.12629537138523067 -0.013999999999999992
0.015625 0.081189881604791139 0.0047499999999999921
0.015625 0.099232077516966943 -0.013999999999999992
0 0.10825317547305485 0.0047499999999999921
0.03125 0.090210979560879048 0.023500000000000004
-0.0625 0.1804219591217581 -0.014000000000000019
-0.03125 0.16237976320958228 0.0047499999999999921
-0.015625 0.15335866525349437 -0.013999999999999992
-0.015625 0.13531646934131858 0.0047499999999999921
0 0.14433756729740649 0.023500000000000004
0.0625 0.10825317547305481 0.060999999999999999
0.046875 0.11727427342914276 0.023500000000000004
0.046875 0.099232077516966957 0.042250000000000017
0.03125 0.12629537138523067 0.042250000000000017
0.03125 0.10825317547305485 0.0047499999999999921
0.015625 0.13531646934131858 0.0047499999999999921
0.015625 0.11727427342914276 0.023500000000000004
0 0.12629537138523067 -0.013999999999999992
-0.046875 0.13531646934131855 0.060999999999999999
-0.046875 0.15335866525349437 0.042250000000000017
-0.03125 0.16237976320958228 0.060999999999999999
-0.046875 0.17140086116567016 0.023500000000000004
-0.0625 0.18042195912175807 0.042250000000000017
-0.015625 0.15335866525349437 0.09849999999999999
-0.046875 0.17140086116567019 0.079750000000000015
-0.03125 0.14433756729740646 0.079749999999999988
-0.0625 0.16237976320958228 0.060999999999999999
-0.078125 0.18944305707784598 0.060999999999999999
0.109375 0.081189881604791111 0.17349999999999999
0.09375 0.07216878364870323 0.15475
0.09375 0.090210979560879034 0.13599999999999998
0.078125 0.099232077516966943 0.15475
0.0625 0.054126587736527385 0.11724999999999998
0.078125 0.063147685692615321 0.13599999999999998
0.0625 0.072168783648703189 0.09849999999999999
0.046875 0.081189881604791125 0.11725000000000001
0.078125 0.099232077516966943 0.09849999999999999
0.0625 0.090210979560879007 0.079749999999999988
0.046875 0.11727427342914275 0.079750000000000015
0.078125 0.081189881604791125 0.11725000000000001
0.0625 0.10825317547305485 0.11725000000000001
0.046875 0.099232077516966943 0.09849999999999999
0.03125 0.12629537138523067 0.09849999999999999
0.015625 0.13531646934131852 0.11725000000000001
0.046875 0.11727427342914276 0.13599999999999998
0.03125 0.10825317547305485 0.11725000000000001
0.0625 0.090210979560879034 0.13599999999999998
-0.03125 0.10825317547305487 0.060999999999999999
-0.015625 0.099232077516966957 0.042249999999999989
0 0.090210979560879062 0.079749999999999988
0 0.10825317547305487 0.060999999999999999
0 0.090210979560879048 0.023500000000000004
0.03125 0.072168783648703244 0.042249999999999989
0.03125 0.072168783648703244 0.09849999999999999
0.046875 0.063147685692615335 0.079750000000000015
0.03125 0.10825317547305487 0.060999999999999999
0.015625 0.099232077516966957 0.042249999999999989
0.03125 0.090210979560879062 0.079750000000000015
0.046875 0.081189881604791153 0.060999999999999999
0.015625 0.081189881604791153 0.060999999999999999
-0.015625 0.11727427342914275 0.079749999999999988
0 0.12629537138523067 0.09849999999999999
0.015625 0.11727427342914275 0.079750000000000015
0.015625 0.099232077516966943 0.09849999999999999
-0.03125 0.12629537138523067 0.042249999999999989
0 0.14433756729740646 0.079750000000000015
-0.03125 0.14433756729740649 0.023500000000000004
-0.015625 0.15335866525349437 0.042249999999999989
0 0.12629537138523067 0.042249999999999989
0.015625 0.13531646934131855 0.060999999999999999
-0.015625 0.13531646934131855 0.060999999999999999
-0.015625 0.11727427342914276 0.023500000000000004
0.0625 0.18042195912175804 -0.014000000000000019
0.078125 0.18944305707784598 0.0047499999999999921
0.078125 0.17140086116567016 0.023500000000000004
0.046875 0.18944305707784598 0.0047499999999999921
0.09375 0.16237976320958228 0.060999999999999999
0.09375 0.18042195912175807 0.042250000000000017
0.0625 0.18042195912175807 0.042250000000000017
0.125 0.14433756729740643 0.13599999999999998
0.125 0.16237976320958225 0.11725000000000001
0.109375 0.15335866525349434 0.09849999999999999
0.09375 0.16237976320958225 0.11725000000000001
0.109375 0.17140086116567016 0.079750000000000015
0.078125 0.17140086116567019 0.079750000000000015
0.0625 0.1804219591217581 0.09849999999999999
0.09375 0.18042195912175807 0.09849999999999999
0.03125 0.19846415503393386 0.079750000000000015
0.0625 0.19846415503393389 0.079750000000000015
0.046875 0.18944305707784598 0.060999999999999999
0.078125 0.18944305707784598 0.060999999999999999
0.015625 0.15335866525349437 -0.070249999999999993
0.03125 0.16237976320958228 -0.05149999999999999
0.03125 0.14433756729740646 -0.032750000000000001
0 0.16237976320958228 -0.05149999999999999
0.046875 0.17140086116567019 -0.032749999999999974
0.0625 0.16237976320958222 0.0047499999999999921
0.03125 0.1804219591217581 -0.013999999999999992
0.046875 0.15335866525349437 -0.013999999999999992
0.015625 0.17140086116567019 -0.032750000000000001
0.0625 0.14433756729740643 0.023500000000000004
0.03125 0.16237976320958228 0.0047500000000000198
0 0.1804219591217581 -0.014000000000000019
0.0625 0.12629537138523061 0.042249999999999989
0.046875 0.13531646934131858 0.0047500000000000198
0.03125 0.14433756729740649 0.023500000000000004
-0.03125 0.1804219591217581 -0.014000000000000019
-0.015625 0.17140086116567019 -0.032750000000000001
0 0.16237976320958228 0.0047499999999999921
0.015625 0.15335866525349437 -0.013999999999999992
0.125 0.09021097956087902 0.19225
0.125 0.10825317547305482 0.17349999999999999
0.109375 0.099232077516966916 0.15475
0.09375 0.10825317547305482 0.17349999999999999
0.125 0.12629537138523064 0.15475
0.109375 0.13531646934131852 0.11725000000000001
0.09375 0.14433756729740643 0.13599999999999998
0.109375 0.11727427342914273 0.13599999999999998
0.09375 0.12629537138523064 0.15475
0.09375 0.12629537138523067 0.09849999999999999
0.078125 0.13531646934131858 0.11725000000000001
0.0625 0.14433756729740649 0.13599999999999998
0.078125 0.11727427342914275 0.079750000000000015
0.09375 0.10825317547305485 0.11725000000000001
0.0625 0.12629537138523067 0.09849999999999999
0.03125 0.14433756729740643 0.13599999999999998
0.0625 0.12629537138523067 0.15475
0.046875 0.13531646934131858 0.11725000000000001
0.078125 0.11727427342914276 0.13599999999999998
0 0.18042195912175807 0.09849999999999999
0 0.19846415503393386 0.079750000000000015
-0.03125 0.19846415503393389 0.079750000000000015
-0.015625 0.18944305707784598 0.060999999999999999
-0.03125 0.18042195912175807 0.042249999999999989
0 0.16237976320958225 0.11725000000000001
-0.03125 0.1804219591217581 0.09849999999999999
-0.015625 0.17140086116567019 0.079750000000000015
-0.046875 0.18944305707784598 0.060999999999999999
0.046875 0.17140086116567019 0.079750000000000015
0.03125 0.16237976320958228 0.060999999999999999
0.015625 0.18944305707784595 0.060999999999999999
0.03125 0.18042195912175807 0.042250000000000017
0.03125 0.19846415503393389 0.023500000000000004
0.046875 0.17140086116567016 0.023500000000000004
0.078125 0.15335866525349437 0.042250000000000017
0.078125 0.15335866525349437 0.09849999999999999
0.09375 0.14433756729740646 0.079750000000000015
0.046875 0.13531646934131855 0.060999999999999999
0.046875 0.15335866525349437 0.042250000000000017
0.0625 0.14433756729740646 0.079750000000000015
0.078125 0.13531646934131855 0.060999999999999999
0.0625 0.16237976320958228 0.060999999999999999
0.03125 0.18042195912175807 0.09849999999999999
0.015625 0.17140086116567016 0.079750000000000015
0.0625 0.16237976320958228 0.11725000000000001
0.03125 0.16237976320958225 0.11725000000000001
0.015625 0.15335866525349434 0.09849999999999999
0.03125 0.14433756729740646 0.079750000000000015
0.046875 0.15335866525349437 0.09849999999999999
0 0.18042195912175807 0.042250000000000017
-0.046875 0.18944305707784598 0.0047499999999999921
-0.03125 0.19846415503393389 0.023500000000000004
-0.015625 0.17140086116567016 0.023500000000000004
0.015625 0.15335866525349437 0.042250000000000017
0 0.16237976320958228 0.060999999999999999
0 0.19846415503393389 0.023500000000000004
-0.015625 0.18944305707784598 0.0047499999999999921
0.015625 0.18944305707784598 0.0047499999999999921
0.015625 0.17140086116567016 0.023500000000000004
0.078125 0.18944305707784598 0.11725000000000001
0.109375 0.11727427342914273 0.19225
0.109375 0.15335866525349434 0.15475
0.109375 0.13531646934131855 0.17349999999999999
0.078125 0.15335866525349434 0.15475
0.046875 0.15335866525349434 0.15475
0.078125 0.13531646934131855 0.17349999999999999
0.0625 0.16237976320958225 0.17349999999999999
-0.015625 0.18944305707784598 0.11725000000000001
0.078125 0.17140086116567016 0.13599999999999998
0.046875 0.18944305707784598 0.11725000000000001
0.015625 0.17140086116567016 0.13599999999999998
0.015625 0.18944305707784598 0.11725000000000001
0.03125 0.18042195912175807 0.15475
0.046875 0.17140086116567016 0.13599999999999998
0.03125 0.018042195912175808 0.042249999999999989
0.03125 0.054126587736527426 0.0047499999999999921
0.03125 0.036084391824351615 0.023500000000000004
0.0625 0.036084391824351615 0.023500000000000004
0.046875 0.045105489780439524 0.042249999999999989
0.09375 0.018042195912175808 0.042249999999999989
0.0625 0.018042195912175808 0.042249999999999989
0.078125 0.027063293868263717 0.060999999999999999
0.0625 0.036084391824351622 0.079749999999999988
0.046875 0.027063293868263717 0.060999999999999999
0.03125 0.12629537138523064 -0.070249999999999993
0.03125 0.10825317547305485 -0.05149999999999999
0.0625 0.10825317547305485 -0.05149999999999999
0.046875 0.11727427342914276 -0.032750000000000001
0.03125 0.07216878364870323 -0.013999999999999992
0.03125 0.090210979560879034 -0.032750000000000001
0.0625 0.07216878364870323 -0.013999999999999992
0.046875 0.081189881604791139 0.0047499999999999921
0.125 0.07216878364870323 -0.013999999999999992
0.09375 0.090210979560879034 -0.032750000000000001
0.09375 0.07216878364870323 -0.013999999999999992
0.109375 0.081189881604791139 0.0047499999999999921
0.0625 0.090210979560879034 -0.032750000000000001
0.078125 0.099232077516966943 -0.013999999999999992
0.078125 0.081189881604791139 0.0047499999999999921
0.09375 0.090210979560879048 0.023500000000000004
0.078125 0.099232077516966957 0.042249999999999989
0.0625 0.10825317547305485 0.0047499999999999921
0.0625 0.090210979560879048 0.023500000000000004
0.046875 0.099232077516966943 -0.013999999999999992
0.125 0.018042195912175808 0.042249999999999989
0.15625 0.018042195912175808 0.042249999999999989
0.125 0.036084391824351615 0.023500000000000004
0.140625 0.027063293868263717 0.060999999999999999
0.15625 0.054126587736527426 0.0047499999999999921
0.125 0.054126587736527426 0.0047499999999999921
0.140625 0.063147685692615335 0.023500000000000004
0.1875 0.036084391824351615 0.023500000000000004
0.15625 0.036084391824351615 0.023500000000000004
0.171875 0.045105489780439524 0.042249999999999989
0.140625 0.045105489780439524 0.042249999999999989
0.15625 0.054126587736527433 0.060999999999999999
0.15625 0.036084391824351622 0.079749999999999988
0.171875 0.045105489780439531 0.09849999999999999
0.1875 0.036084391824351622 0.079749999999999988
0.1875 0.018042195912175808 0.042249999999999989
0.203125 0.009021097956087909 0.079749999999999988
0.171875 0.027063293868263717 0.060999999999999999
0.203125 0.027063293868263717 0.060999999999999999
0.140625 0.063147685692615335 0.19225
0.125 0.07216878364870323 0.15475
0.15625 0.054126587736527426 0.17349999999999999
0.09375 0.05412658773652744 0.11724999999999998
0.09375 0.090210979560879062 0.079749999999999988
0.109375 0.081189881604791125 0.11725000000000001
0.09375 0.072168783648703244 0.09849999999999999
0.125 0.072168783648703244 0.09849999999999999
0.1875 0.036084391824351636 0.13599999999999998
0.171875 0.045105489780439517 0.15475
0.15625 0.05412658773652744 0.11725000000000001
0.140625 0.063147685692615321 0.13599999999999998
0.125 0.05412658773652744 0.11725000000000001
0.109375 0.063147685692615321 0.13599999999999998
0.109375 0.027063293868263717 0.060999999999999999
0.078125 0.045105489780439524 0.042249999999999989
0.09375 0.036084391824351622 0.079749999999999988
0.09375 0.054126587736527433 0.060999999999999999
0.046875 0.063147685692615335 0.023500000000000004
0.078125 0.045105489780439531 0.09849999999999999
0.078125 0.081189881604791153 0.060999999999999999
0.0625 0.072168783648703244 0.042249999999999989
0.078125 0.063147685692615335 0.079749999999999988
0.0625 0.054126587736527433 0.060999999999999999
0.125 0.036084391824351622 0.079749999999999988
0.140625 0.045105489780439531 0.09849999999999999
0.109375 0.063147685692615335 0.079749999999999988
0.109375 0.045105489780439531 0.09849999999999999
0.109375 0.045105489780439524 0.042249999999999989
0.140625 0.063147685692615335 0.079750000000000015
0.109375 0.063147685692615335 0.023500000000000004
0.125 0.072168783648703244 0.042249999999999989
0.09375 0.072168783648703244 0.042249999999999989
0.109375 0.081189881604791153 0.060999999999999999
0.125 0.054126587736527433 0.060999999999999999
0.09375 0.036084391824351615 0.023500000000000004
0.09375 0.054126587736527426 0.0047499999999999921
0.0625 0.054126587736527426 0.0047499999999999921
0.078125 0.063147685692615335 0.023500000000000004
0.125 0.14433756729740649 0.023500000000000004
0.09375 0.16237976320958228 0.0047499999999999921
0.109375 0.17140086116567016 0.023500000000000004
0.125 0.16237976320958228 0.0047500000000000198
0.140625 0.15335866525349437 0.042250000000000017
0.03125 0.14433756729740646 -0.08900000000000001
0.046875 0.15335866525349437 -0.070249999999999993
0.046875 0.13531646934131855 -0.05149999999999999
0.0625 0.12629537138523064 -0.070249999999999993
0.078125 0.17140086116567019 -0.032750000000000001
0.078125 0.15335866525349437 -0.013999999999999992
0.0625 0.16237976320958228 -0.05149999999999999
0.0625 0.14433756729740646 -0.032750000000000001
0.09375 0.12629537138523067 -0.013999999999999992
0.09375 0.14433756729740646 -0.032750000000000001
0.109375 0.099232077516966943 -0.013999999999999992
0.125 0.090210979560879034 -0.032750000000000001
0.078125 0.11727427342914276 -0.032750000000000001
0.09375 0.10825317547305485 -0.05149999999999999
0.109375 0.11727427342914276 -0.032750000000000001
0.125 0.10825317547305485 -0.05149999999999999
0.078125 0.13531646934131855 -0.05149999999999999
0.09375 0.12629537138523064 -0.070249999999999993
0.109375 0.13531646934131855 -0.05149999999999999
0.140625 0.081189881604791139 0.0047499999999999921
0.15625 0.07216878364870323 -0.013999999999999992
0.171875 0.063147685692615335 0.023500000000000004
0.1875 0.054126587736527426 0.0047499999999999921
0.15625 0.090210979560879048 0.023500000000000004
0.171875 0.081189881604791139 0.0047499999999999921
0.1875 0.072168783648703244 0.042249999999999989
0.109375 0.15335866525349437 -0.013999999999999992
0.140625 0.13531646934131858 0.0047500000000000198
0.140625 0.099232077516966943 -0.013999999999999992
0.15625 0.090210979560879034 -0.032750000000000001
0.15625 0.10825317547305485 0.0047499999999999921
0.140625 0.11727427342914276 -0.032750000000000001
0.171875 0.099232077516966957 0.042250000000000017
0.140625 0.11727427342914276 0.023500000000000004
0.15625 0.12629537138523067 0.042250000000000017
0.171875 0.11727427342914276 0.023500000000000004
0.125 0.10825317547305485 0.0047499999999999921
0.109375 0.13531646934131858 0.0047499999999999921
0.125 0.12629537138523067 -0.013999999999999992
0.125 0.14433756729740646 -0.032750000000000001
0.140625 0.13531646934131858 0.11725000000000001
0.125 0.14433756729740646 0.079750000000000015
0.15625 0.12629537138523067 0.09849999999999999
0.140625 0.15335866525349437 0.09849999999999999
0.109375 0.15335866525349437 0.042250000000000017
0.171875 0.11727427342914275 0.079750000000000015
0.15625 0.14433756729740646 0.079750000000000015
0.140625 0.13531646934131855 0.060999999999999999
0.125 0.16237976320958228 0.060999999999999999
0.140625 0.081189881604791139 0.17349999999999999
0.140625 0.11727427342914276 0.13599999999999998
0.140625 0.099232077516966943 0.15475
0.125 0.10825317547305485 0.11725000000000001
0.15625 0.090210979560879034 0.13599999999999998
0.109375 0.099232077516966943 0.09849999999999999
0.171875 0.063147685692615321 0.13599999999999998
0.15625 0.07216878364870323 0.15475
0.140625 0.081189881604791125 0.11725000000000001
0.125 0.090210979560879034 0.13599999999999998
0.078125 0.13531646934131858 0.0047499999999999921
0.078125 0.11727427342914276 0.023500000000000004
0.09375 0.10825317547305485 0.0047499999999999921
0.0625 0.12629537138523067 -0.013999999999999992
0.171875 0.081189881604791153 0.060999999999999999
0.171875 0.063147685692615335 0.079750000000000015
0.15625 0.072168783648703244 0.042249999999999989
0.1875 0.054126587736527433 0.060999999999999999
0.140625 0.11727427342914275 0.079750000000000015
0.125 0.12629537138523067 0.042250000000000017
0.125 0.10825317547305487 0.060999999999999999
0.15625 0.10825317547305487 0.060999999999999999
0.125 0.12629537138523067 0.09849999999999999
0.09375 0.14433756729740649 0.023500000000000004
0.09375 0.10825317547305487 0.060999999999999999
0.109375 0.11727427342914275 0.079750000000000015
0.09375 0.12629537138523067 0.042249999999999989
0.109375 0.13531646934131855 0.060999999999999999
0.140625 0.099232077516966957 0.042250000000000017
0.125 0.090210979560879048 0.023500000000000004
0.109375 0.099232077516966957 0.042249999999999989
0.109375 0.11727427342914276 0.023500000000000004
0.1875 0.072168783648703244 0.09849999999999999
0.1875 0.090210979560879062 0.079749999999999988
0.15625 0.090210979560879062 0.079750000000000015
0.1875 0.05412658773652744 0.11724999999999998
0.15625 0.072168783648703244 0.09849999999999999
0.125 0.090210979560879062 0.079750000000000015
0.140625 0.081189881604791153 0.060999999999999999
0.171875 0.099232077516966943 0.09849999999999999
0.171875 0.081189881604791125 0.11725000000000001
0.15625 0.10825317547305485 0.11725000000000001
0.140625 0.099232077516966943 0.09849999999999999
-0.015625 0.0090210979560878986 0.023500000000000004
-0.078125 0.045105489780439517 -0.013999999999999992
-0.015625 0.045105489780439517 -0.013999999999999992
-0.015625 0.027063293868263706 0.0047499999999999921
-0.046875 0.045105489780439517 -0.013999999999999992
-0.03125 0.018042195912175797 -0.013999999999999992
-0.046875 -0.0090210979560879194 -0.013999999999999992
-0.03125 -1.0408340855860843e-17 0.0047499999999999921
-0.0625 0.018042195912175797 -0.013999999999999992
-0.046875 0.027063293868263706 0.0047499999999999921
-0.140625 0.081189881604791125 -0.051500000000000018
-0.015625 0.099232077516966943 -0.070249999999999993
-0.03125 0.090210979560879034 -0.088999999999999982
-0.015625 0.11727427342914275 -0.088999999999999982
-0.046875 0.11727427342914275 -0.088999999999999982
-0.015625 0.063147685692615321 -0.032750000000000001
-0.015625 0.081189881604791125 -0.05149999999999999
-0.046875 0.081189881604791125 -0.05149999999999999
-0.03125 0.054126587736527412 -0.05149999999999999
-0.078125 0.099232077516966943 -0.070249999999999993
-0.078125 0.11727427342914275 -0.088999999999999982
-0.0625 0.03608439182435165 -0.088999999999999982
-0.046875 0.063147685692615307 -0.088999999999999982
-0.046875 0.045105489780439503 -0.070249999999999965
-0.078125 0.063147685692615307 -0.088999999999999982
-0.03125 0.072168783648703216 -0.070249999999999993
-0.0625 0.090210979560879034 -0.088999999999999982
-0.0625 0.072168783648703216 -0.070249999999999993
-0.09375 0.090210979560879034 -0.088999999999999982
-0.046875 0.099232077516966943 -0.070249999999999993
-0.109375 -0.045105489780439559 -0.08900000000000001
-0.09375 -0.036084391824351594 -0.070250000000000021
-0.09375 -0.018042195912175783 -0.08900000000000001
-0.125 -0.018042195912175839 -0.088999999999999982
-0.0625 -0.018042195912175773 -0.032750000000000001
-0.078125 -0.027063293868263737 -0.051500000000000018
-0.09375 -2.0816681711721685e-17 -0.05149999999999999
-0.0625 3.4694469519536142e-17 -0.05149999999999999
-0.125 0.018042195912175787 -0.070249999999999993
-0.140625 0.0090210979560878778 -0.08900000000000001
-0.078125 0.0090210979560878778 -0.08900000000000001
-0.0625 0.018042195912175842 -0.070249999999999993
-0.09375 0.036084391824351594 -0.088999999999999982
-0.078125 -0.0090210979560879298 -0.070249999999999993
-0.109375 0.0090210979560878778 -0.08900000000000001
-0.09375 0.018042195912175787 -0.070249999999999993
-0.125 0.036084391824351594 -0.088999999999999982
-0.109375 -0.0090210979560879298 -0.070249999999999993
-0.109375 0.063147685692615321 -0.032750000000000001
-0.078125 0.063147685692615321 -0.032750000000000001
-0.09375 0.036084391824351608 -0.032750000000000001
-0.09375 0.054126587736527412 -0.05149999999999999
-0.046875 0.063147685692615321 -0.032750000000000001
-0.03125 0.036084391824351608 -0.032750000000000001
-0.078125 0.0090210979560878882 -0.032749999999999974
-0.046875 0.0090210979560878882 -0.032749999999999974
-0.078125 0.045105489780439503 -0.070249999999999965
-0.0625 0.054126587736527412 -0.05149999999999999
-0.078125 0.027063293868263696 -0.05149999999999999
-0.046875 0.027063293868263696 -0.05149999999999999
-0.0625 0.036084391824351608 -0.032750000000000001
-0.125 0.054126587736527412 -0.05149999999999999
-0.109375 0.045105489780439503 -0.070249999999999993
-0.109375 0.027063293868263696 -0.051500000000000018
-0.140625 0.045105489780439503 -0.070249999999999993
-0.109375 0.081189881604791125 -0.05149999999999999
-0.09375 0.072168783648703216 -0.070249999999999993
-0.109375 0.063147685692615307 -0.08900000000000001
-0.125 0.072168783648703216 -0.070249999999999993
-0.078125 0.081189881604791125 -0.05149999999999999
-0.109375 0.099232077516966943 -0.070249999999999993
-0.109375 -0.027063293868263748 -0.10775
-0.078125 0.027063293868263685 -0.10775
-0.09375 2.4286128663675299e-17 -0.10775000000000003
-0.109375 0.027063293868263685 -0.10775
-0.125 -3.1225022567582528e-17 -0.10775
-0.03125 0.10825317547305484 -0.10775
-0.0625 0.054126587736527454 -0.10775
-0.046875 0.081189881604791125 -0.10774999999999997
-0.078125 0.081189881604791125 -0.10774999999999997
-0.0625 0.10825317547305484 -0.10775
-0.09375 0.054126587736527398 -0.10775
-0.078125 0.045105489780439489 -0.1265
0.046875 -0.027063293868263717 0.060999999999999999
0.109375 -0.063147685692615335 0.09849999999999999
0.109375 -0.027063293868263717 0.060999999999999999
0.078125 -0.027063293868263717 0.060999999999999999
0.109375 -0.045105489780439524 0.079750000000000015
0.09375 -0.054126587736527433 0.060999999999999999
0.078125 -0.081189881604791153 0.060999999999999999
0.0625 -0.054126587736527433 0.060999999999999999
0.09375 -0.072168783648703244 0.079750000000000015
0.078125 -0.045105489780439524 0.079750000000000015
0.140625 -0.027063293868263717 0.060999999999999999
0.171875 -0.027063293868263717 0.060999999999999999
0.171875 -0.045105489780439524 0.079750000000000015
0.15625 -0.054126587736527433 0.060999999999999999
0.171875 -0.081189881604791153 0.060999999999999999
0.1875 -0.054126587736527433 0.060999999999999999
0.1875 -0.072168783648703244 0.079750000000000015
0.203125 -0.027063293868263717 0.060999999999999999
0.09375 -0.10825317547305487 0.060999999999999999
0.109375 -0.13531646934131852 0.060999999999999999
0.125 -0.12629537138523061 0.079750000000000015
0.125 -0.10825317547305481 0.060999999999999999
0.15625 -0.10825317547305487 0.060999999999999999
0.140625 -0.13531646934131852 0.060999999999999999
0.15625 -0.12629537138523067 0.079750000000000015
0.125 -0.16237976320958225 0.060999999999999999
0.140625 -0.15335866525349434 0.079749999999999988
0.140625 -0.081189881604791139 0.11725000000000001
0.140625 -0.063147685692615335 0.09849999999999999
0.125 -0.090210979560879048 0.09849999999999999
0.15625 -0.090210979560879048 0.09849999999999999
0.140625 -0.045105489780439524 0.079750000000000015
0.125 -0.054126587736527433 0.060999999999999999
0.109375 -0.099232077516966957 0.079749999999999988
0.109375 -0.081189881604791153 0.060999999999999999
0.171875 -0.099232077516966957 0.079749999999999988
0.15625 -0.072168783648703244 0.079750000000000015
0.140625 -0.099232077516966957 0.079749999999999988
0.140625 -0.081189881604791153 0.060999999999999999
0.125 -0.072168783648703244 0.079750000000000015
0.15625 -0.10825317547305485 0.11725000000000001
0.140625 -0.11727427342914276 0.09849999999999999
0.171875 -0.081189881604791139 0.11725000000000001
0.171875 -0.063147685692615335 0.09849999999999999
0.015625 -0.009021097956087909 0.042250000000000017
0.015625 0.0090210979560878986 0.023500000000000004
0 -0.018042195912175818 0.023500000000000004
0.03125 -0.018042195912175818 0.023500000000000004
0.015625 0.045105489780439517 -0.013999999999999992
0.015625 0.027063293868263706 0.0047499999999999921
0 0.018042195912175797 -0.013999999999999992
0.03125 0.018042195912175797 -0.013999999999999992
-0.03125 -0.03608439182435158 -0.013999999999999992
-0.015625 -0.027063293868263727 0.0047499999999999921
-0.015625 -0.0090210979560879194 -0.014000000000000019
0 -0.036084391824351636 -0.013999999999999992
0.0625 -0.036084391824351636 -0.013999999999999992
0.046875 -0.027063293868263727 0.0047499999999999921
0.046875 -0.0090210979560879194 -0.014000000000000019
0.03125 -0.036084391824351636 -0.013999999999999992
0.03125 -1.0408340855860843e-17 0.0047499999999999921
0.015625 -0.027063293868263727 0.0047499999999999921
0.015625 -0.0090210979560879194 -0.014000000000000019
0 -1.0408340855860843e-17 0.0047499999999999921
0.015625 0.11727427342914275 -0.088999999999999982
0.015625 0.099232077516966943 -0.070249999999999993
0 0.090210979560879034 -0.088999999999999982
0.03125 0.090210979560879034 -0.088999999999999982
0.015625 0.063147685692615321 -0.032750000000000001
0.015625 0.081189881604791125 -0.05149999999999999
0 0.054126587736527412 -0.05149999999999999
0.03125 0.054126587736527412 -0.05149999999999999
-0.03125 0.03608439182435165 -0.088999999999999982
-0.015625 0.063147685692615307 -0.08900000000000001
-0.015625 0.045105489780439503 -0.070249999999999993
0 0.036084391824351594 -0.088999999999999982
0.0625 0.036084391824351594 -0.088999999999999982
0.046875 0.063147685692615307 -0.08900000000000001
0.046875 0.045105489780439503 -0.070249999999999993
0.03125 0.036084391824351594 -0.088999999999999982
0.03125 0.072168783648703216 -0.070249999999999993
0.015625 0.063147685692615307 -0.08900000000000001
0.015625 0.045105489780439503 -0.070249999999999993
0 0.072168783648703216 -0.070249999999999993
-0.09375 -0.072168783648703216 -0.08900000000000001
-0.078125 -0.063147685692615307 -0.070249999999999993
-0.078125 -0.045105489780439503 -0.08900000000000001
-0.0625 -0.072168783648703216 -0.08900000000000001
-0.046875 -0.045105489780439489 -0.032750000000000001
-0.0625 -0.054126587736527398 -0.051500000000000018
-0.046875 -0.027063293868263682 -0.051500000000000018
-0.03125 -0.054126587736527398 -0.05149999999999999
-0.046875 0.0090210979560879333 -0.08900000000000001
-0.0625 -0.018042195912175783 -0.08900000000000001
-0.046875 -0.0090210979560878743 -0.070249999999999993
-0.03125 -0.018042195912175783 -0.088999999999999982
0 -0.072168783648703216 -0.088999999999999982
-0.03125 -0.072168783648703216 -0.08900000000000001
-0.015625 -0.063147685692615307 -0.070249999999999993
-0.015625 -0.045105489780439503 -0.08900000000000001
-0.046875 -0.063147685692615307 -0.070249999999999993
-0.046875 -0.045105489780439503 -0.08900000000000001
-0.03125 -0.036084391824351594 -0.070249999999999993
-0.0625 -0.036084391824351594 -0.070250000000000021
0.09375 -0.054126587736527398 -0.05149999999999999
0.109375 -0.063147685692615307 -0.070249999999999993
0.09375 -0.036084391824351594 -0.070249999999999993
0.078125 -0.063147685692615307 -0.070249999999999993
0.09375 -0.018042195912175783 -0.088999999999999982
0.109375 -0.045105489780439503 -0.08900000000000001
0.078125 -0.045105489780439503 -0.08900000000000001
0.0625 -0.072168783648703216 -0.088999999999999982
0.09375 -0.072168783648703216 -0.088999999999999982
0.078125 -0.045105489780439545 -0.032750000000000001
0.0625 -0.018042195912175828 -0.032750000000000001
0.046875 -0.045105489780439545 -0.032750000000000001
0.078125 -0.027063293868263737 -0.051500000000000018
0.0625 -0.054126587736527454 -0.05149999999999999
0.0625 -2.0816681711721685e-17 -0.05149999999999999
0.046875 -0.027063293868263737 -0.051500000000000018
0.03125 -0.054126587736527454 -0.05149999999999999
0.078125 0.0090210979560878778 -0.08900000000000001
0.0625 0.018042195912175787 -0.070249999999999993
0.046875 0.0090210979560878778 -0.08900000000000001
0.078125 -0.0090210979560879298 -0.070249999999999993
0.0625 -0.018042195912175839 -0.088999999999999982
0.046875 -0.0090210979560879298 -0.070249999999999993
0.03125 -0.018042195912175839 -0.088999999999999982
0.03125 -0.072168783648703216 -0.088999999999999982
0.015625 -0.063147685692615307 -0.070249999999999993
0.015625 -0.045105489780439503 -0.08900000000000001
0.046875 -0.063147685692615363 -0.070249999999999993
0.046875 -0.045105489780439559 -0.08900000000000001
0.03125 -0.03608439182435165 -0.070249999999999993
0.0625 -0.03608439182435165 -0.070249999999999993
0.03125 -0.018042195912175828 -0.032750000000000001
0.015625 0.0090210979560878882 -0.032750000000000001
0 -0.018042195912175828 -0.032750000000000001
0 -2.0816681711721685e-17 -0.05149999999999999
0 0.036084391824351608 -0.032750000000000001
-0.03125 -0.018042195912175773 -0.032750000000000001
-0.03125 0.018042195912175842 -0.070249999999999993
-0.015625 0.027063293868263696 -0.051500000000000018
-0.03125 3.4694469519536142e-17 -0.05149999999999999
-0.015625 0.0090210979560878882 -0.032750000000000001
0.015625 -0.045105489780439545 -0.032750000000000001
0.015625 -0.027063293868263737 -0.051500000000000018
-0.015625 -0.045105489780439489 -0.032750000000000001
0 -0.054126587736527398 -0.05149999999999999
0 -0.036084391824351594 -0.070249999999999993
-0.015625 -0.0090210979560878743 -0.070249999999999993
-0.015625 -0.027063293868263682 -0.051500000000000018
0.03125 -2.0816681711721685e-17 -0.05149999999999999
0 -0.018042195912175783 -0.088999999999999982
0.03125 0.018042195912175787 -0.070249999999999993
0.015625 0.0090210979560878778 -0.08900000000000001
0 0.018042195912175787 -0.070249999999999993
-0.015625 0.0090210979560879333 -0.08900000000000001
0.015625 -0.0090210979560879298 -0.070249999999999993
0.046875 0.0090210979560878882 -0.032750000000000001
0.046875 0.027063293868263696 -0.051500000000000018
0.03125 0.036084391824351608 -0.032750000000000001
0.015625 0.027063293868263696 -0.051500000000000018
0.078125 -0.027063293868263692 -0.10775
0.0625 -0.054126587736527412 -0.10775
0.0625 -0.036084391824351601 -0.12649999999999997
0.09375 -0.054126587736527412 -0.10775
0.046875 0.027063293868263685 -0.10775
0.0625 -3.1225022567582528e-17 -0.10775
0.03125 -3.1225022567582528e-17 -0.10775
0.03125 0.018042195912175776 -0.12649999999999997
0 -0.054126587736527412 -0.10775
0.03125 -0.054126587736527412 -0.10775
0.015625 -0.027063293868263692 -0.10775
0 -0.036084391824351601 -0.12649999999999997
0.046875 -0.027063293868263748 -0.10775
0.03125 -0.036084391824351601 -0.12649999999999997
0.046875 -0.0090210979560879402 -0.1265
0.015625 -0.0090210979560878847 -0.1265
0 0.10825317547305484 -0.10775
0.03125 0.054126587736527398 -0.10775
0.015625 0.081189881604791125 -0.10775
0 0.054126587736527398 -0.10775
0 0.072168783648703216 -0.12649999999999997
-0.03125 0.054126587736527454 -0.10775
-0.015625 0.081189881604791125 -0.10775
-0.03125 0.072168783648703272 -0.12649999999999997
-0.09375 -0.054126587736527412 -0.10775000000000003
-0.03125 -0.054126587736527412 -0.10775000000000003
-0.0625 -0.054126587736527412 -0.10775000000000003
-0.046875 -0.027063293868263692 -0.10775
-0.0625 -0.036084391824351601 -0.1265
-0.0625 2.4286128663675299e-17 -0.10775000000000003
-0.078125 -0.027063293868263692 -0.10775
-0.078125 -0.0090210979560878847 -0.1265
0.015625 0.027063293868263685 -0.10775
-0.015625 -0.027063293868263692 -0.10775
-0.046875 0.027063293868263741 -0.10775
-0.03125 0.018042195912175832 -0.12649999999999997
-0.015625 0.027063293868263741 -0.10775
-0.03125 2.4286128663675299e-17 -0.10775
0 0.018042195912175832 -0.12649999999999997
-0.015625 -0.0090210979560878847 -0.1265
0 2.4286128663675299e-17 -0.10775
-0.03125 -0.036084391824351601 -0.1265
-0.0625 0.018042195912175832 -0.1265
-0.046875 -0.0090210979560878847 -0.1265
-0.046875 0.045105489780439545 -0.1265
0.015625 0.045105489780439489 -0.1265
-0.015625 0.045105489780439545 -0.1265
0.078125 -0.081189881604791125 -0.10775
0.015625 -0.081189881604791125 -0.10775
0.046875 -0.081189881604791125 -0.10775
0.015625 -0.063147685692615321 -0.1265
0.046875 -0.063147685692615321 -0.1265
-0.078125 -0.081189881604791125 -0.10775
-0.015625 -0.081189881604791125 -0.10775
-0.046875 -0.081189881604791125 -0.10775
-0.046875 -0.063147685692615321 -0.1265
-0.015625 -0.063147685692615321 -0.1265
0.109375 -0.027063293868263692 -0.10775
0.078125 0.027063293868263685 -0.10775
0.09375 2.4286128663675299e-17 -0.10775
0.0625 0.018042195912175776 -0.12649999999999997
0.078125 -0.0090210979560878847 -0.1265
0.03125 0.10825317547305484 -0.10775
0.0625 0.054126587736527398 -0.10775
0.046875 0.081189881604791125 -0.10775
0.03125 0.072168783648703216 -0.12649999999999997
0.046875 0.045105489780439489 -0.1265
0.03125 -0.036084391824351622 0.042250000000000017
0 -0.05412658773652744 0.0047500000000000198
0.0625 -0.090210979560879062 0.042250000000000017
0.046875 -0.063147685692615335 0.042249999999999989
0.03125 -0.072168783648703244 0.023500000000000004
0.0625 -0.072168783648703244 0.023500000000000004
0.0625 -0.05412658773652744 0.0047500000000000198
0.046875 -0.045105489780439531 0.023500000000000004
0.03125 -0.05412658773652744 0.0047500000000000198
0.015625 -0.045105489780439531 0.023500000000000004
-0.0625 -0.09021097956087902 -0.070249999999999993
-0.03125 -0.072168783648703203 -0.032749999999999974
0 -0.12629537138523064 -0.032749999999999974
-0.03125 -0.10825317547305482 -0.051500000000000018
-0.015625 -0.099232077516966916 -0.032750000000000001
0 -0.10825317547305482 -0.05149999999999999
0 -0.09021097956087902 -0.070249999999999965
-0.03125 -0.09021097956087902 -0.070249999999999993
-0.015625 -0.081189881604791111 -0.05149999999999999
-0.046875 -0.081189881604791111 -0.05149999999999999
0.078125 -0.11727427342914278 0.042249999999999989
0.09375 -0.14433756729740643 0.042250000000000017
0.0625 -0.12629537138523067 0.023500000000000004
0.09375 -0.12629537138523061 0.023500000000000004
0.03125 -0.14433756729740643 -0.013999999999999992
0.0625 -0.16237976320958225 0.0047500000000000198
0.046875 -0.13531646934131858 0.0047499999999999921
0.0625 -0.14433756729740643 -0.013999999999999992
0.109375 -0.13531646934131852 0.0047499999999999921
0.109375 -0.15335866525349434 0.023500000000000004
0.078125 -0.13531646934131852 0.0047499999999999921
0.09375 -0.14433756729740643 -0.013999999999999992
0.09375 -0.16237976320958225 0.0047500000000000198
0.109375 -0.17140086116567016 0.042249999999999989
0.078125 -0.15335866525349434 0.023500000000000004
0.09375 -0.18042195912175807 0.023500000000000004
0.109375 -0.081189881604791111 -0.05149999999999999
0.09375 -0.09021097956087902 -0.070249999999999965
0.125 -0.10825317547305482 -0.05149999999999999
0.125 -0.09021097956087902 -0.070249999999999965
0.078125 -0.063147685692615349 -0.013999999999999992
0.09375 -0.072168783648703203 -0.032749999999999974
0.0625 -0.072168783648703258 -0.032749999999999974
0.09375 -0.090210979560879007 -0.013999999999999992
0.03125 -0.09021097956087902 -0.070249999999999965
0.0625 -0.09021097956087902 -0.070249999999999965
0.046875 -0.081189881604791167 -0.05149999999999999
0.0625 -0.10825317547305482 -0.05149999999999999
0.125 -0.14433756729740643 -0.013999999999999992
0.125 -0.12629537138523064 -0.032749999999999974
0.109375 -0.11727427342914273 -0.013999999999999992
0.09375 -0.12629537138523064 -0.032749999999999974
0.109375 -0.099232077516966916 -0.032750000000000001
0.09375 -0.10825317547305482 -0.05149999999999999
0.078125 -0.099232077516966916 -0.032750000000000001
0.078125 -0.081189881604791111 -0.05149999999999999
0.046875 -0.099232077516966971 0.023500000000000004
0.015625 -0.081189881604791153 0.0047499999999999921
0.046875 -0.081189881604791153 0.0047499999999999921
0.03125 -0.090210979560879062 -0.013999999999999992
-0.015625 -0.063147685692615294 -0.013999999999999992
0.046875 -0.063147685692615349 -0.013999999999999992
0.015625 -0.081189881604791111 -0.05149999999999999
0 -0.072168783648703203 -0.032749999999999974
0.03125 -0.072168783648703258 -0.032749999999999974
0.015625 -0.063147685692615349 -0.013999999999999992
0.078125 -0.099232077516966971 0.023500000000000004
0.0625 -0.10825317547305488 0.0047500000000000198
0.078125 -0.081189881604791153 0.0047499999999999921
0.09375 -0.10825317547305482 0.0047500000000000198
0.078125 -0.11727427342914273 -0.013999999999999992
0.046875 -0.099232077516966971 -0.032750000000000001
0.0625 -0.090210979560879062 -0.013999999999999992
0.03125 -0.10825317547305488 0.0047500000000000198
0.0625 -0.12629537138523064 -0.032749999999999974
0.015625 -0.11727427342914273 -0.013999999999999992
0.03125 -0.12629537138523064 -0.032749999999999974
0.015625 -0.099232077516966916 -0.032750000000000001
0.03125 -0.10825317547305482 -0.05149999999999999
0.046875 -0.11727427342914279 -0.013999999999999992
0 -0.090210979560879007 -0.013999999999999992
0.015625 -0.15335866525349434 -0.032750000000000001
0.046875 -0.17140086116567016 -0.013999999999999992
0.046875 -0.15335866525349434 -0.032750000000000001
0.03125 -0.16237976320958225 -0.05149999999999999
0.078125 -0.15335866525349434 -0.032750000000000001
0.078125 -0.17140086116567016 -0.013999999999999992
0.0625 -0.16237976320958225 -0.05149999999999999
-0.078125 -0.099232077516966929 -0.088999999999999982
-0.015625 -0.13531646934131855 -0.05149999999999999
-0.046875 -0.11727427342914273 -0.070249999999999993
-0.015625 -0.11727427342914273 -0.070249999999999993
-0.03125 -0.12629537138523064 -0.08900000000000001
-0.015625 -0.099232077516966929 -0.088999999999999982
-0.046875 -0.099232077516966929 -0.088999999999999982
-0.0625 -0.10825317547305484 -0.10775
-0.03125 -0.10825317547305484 -0.10775
0.109375 -0.13531646934131855 -0.05149999999999999
0.109375 -0.11727427342914273 -0.070249999999999993
0.078125 -0.11727427342914273 -0.070249999999999993
0.046875 -0.099232077516966929 -0.088999999999999982
0.078125 -0.099232077516966929 -0.088999999999999982
0.015625 -0.13531646934131855 -0.05149999999999999
0.078125 -0.13531646934131855 -0.05149999999999999
0.015625 -0.099232077516966929 -0.088999999999999982
0.03125 -0.12629537138523064 -0.088999999999999982
0.015625 -0.11727427342914273 -0.070249999999999993
0.046875 -0.11727427342914273 -0.070249999999999993
0.03125 -0.14433756729740646 -0.070249999999999965
0.0625 -0.14433756729740646 -0.070249999999999965
0.046875 -0.13531646934131855 -0.05149999999999999
0.03125 -0.10825317547305484 -0.10774999999999997
0.0625 -0.12629537138523064 -0.088999999999999982
0 -0.10825317547305484 -0.10775
0 -0.14433756729740646 -0.070249999999999993
0 -0.12629537138523064 -0.08900000000000001
0.03125 -0.18042195912175807 -0.032749999999999974
-0.03125 -0.14433756729740646 -0.070249999999999993
-0.0625 -0.12629537138523064 -0.08900000000000001
0 -0.16237976320958225 -0.051500000000000018
0.046875 -0.009021097956087909 0.042250000000000017
0.078125 -0.063147685692615335 0.042249999999999989
0.109375 -0.009021097956087909 0.042250000000000017
0.078125 -0.009021097956087909 0.042250000000000017
0.09375 -0.036084391824351622 0.042250000000000017
0.09375 -0.018042195912175818 0.023500000000000004
0.078125 -0.027063293868263727 0.0047499999999999921
0.0625 -0.018042195912175818 0.023500000000000004
0.078125 -0.045105489780439531 0.023500000000000004
0.0625 -0.036084391824351622 0.042250000000000017
0.109375 -0.11727427342914272 0.042249999999999989
0.140625 -0.11727427342914272 0.042249999999999989
0.125 -0.12629537138523061 0.023500000000000004
0.125 -0.14433756729740643 0.042250000000000017
0.140625 -0.009021097956087909 0.042250000000000017
0.171875 -0.009021097956087909 0.042250000000000017
0.15625 -0.036084391824351622 0.042250000000000017
0.15625 -0.018042195912175818 0.023500000000000004
0.171875 -0.063147685692615335 0.042249999999999989
0.171875 -0.027063293868263727 0.0047499999999999921
0.1875 -0.018042195912175818 0.023500000000000004
0.171875 -0.045105489780439531 0.023500000000000004
0.203125 -0.009021097956087909 0.042250000000000017
0.1875 -0.036084391824351622 0.042250000000000017
0.125 -0.054126587736527398 -0.05149999999999999
0.140625 -0.081189881604791111 -0.05149999999999999
0.15625 -0.054126587736527398 -0.051500000000000018
0.140625 -0.063147685692615307 -0.070249999999999993
0.09375 -0.036084391824351636 -0.013999999999999992
0.109375 -0.045105489780439489 -0.032750000000000001
0.109375 -0.063147685692615294 -0.013999999999999992
0.125 -0.03608439182435158 -0.013999999999999992
0.140625 -0.11727427342914273 -0.013999999999999992
0.140625 -0.099232077516966916 -0.032750000000000001
0.125 -0.090210979560879007 -0.013999999999999992
0.15625 -0.090210979560879007 -0.014000000000000019
0.1875 -0.036084391824351636 -0.013999999999999992
0.171875 -0.045105489780439545 -0.032750000000000001
0.15625 -0.036084391824351636 -0.013999999999999992
0.171875 -0.063147685692615349 -0.013999999999999992
0.140625 -0.045105489780439489 -0.032750000000000001
0.15625 -0.072168783648703203 -0.032750000000000001
0.140625 -0.063147685692615294 -0.013999999999999992
0.125 -0.072168783648703203 -0.032749999999999974
0.09375 -0.05412658773652744 0.0047500000000000198
0.09375 -0.072168783648703244 0.023500000000000004
0.109375 -0.045105489780439531 0.023500000000000004
0.125 -0.072168783648703189 0.023500000000000004
0.09375 -0.090210979560879062 0.042250000000000017
0.125 -0.036084391824351622 0.042250000000000017
0.15625 -0.090210979560879062 0.042250000000000017
0.125 -0.090210979560879007 0.042250000000000017
0.140625 -0.063147685692615335 0.042249999999999989
0.109375 -0.063147685692615335 0.042249999999999989
0.109375 -0.027063293868263727 0.0047499999999999921
0.125 -0.054126587736527385 0.0047500000000000198
0.125 -0.018042195912175818 0.023500000000000004
0.1875 -0.05412658773652744 0.0047500000000000198
0.140625 -0.027063293868263727 0.0047499999999999921
0.15625 -0.05412658773652744 0.0047500000000000198
0.1875 -0.072168783648703244 0.023500000000000004
0.15625 -0.072168783648703244 0.023500000000000004
0.140625 -0.045105489780439531 0.023500000000000004
0.109375 -0.081189881604791098 0.0047499999999999921
0.171875 -0.081189881604791153 0.0047499999999999921
0.140625 -0.13531646934131852 0.0047499999999999921
0.125 -0.10825317547305482 0.0047500000000000198
0.15625 -0.10825317547305482 0.0047499999999999921
0.15625 -0.12629537138523061 0.023499999999999976
0.140625 -0.099232077516966916 0.023500000000000004
0.171875 -0.11727427342914278 0.042249999999999989
0.171875 -0.099232077516966971 0.023500000000000004
0.140625 -0.081189881604791098 0.0047499999999999921
0.109375 -0.099232077516966916 0.023500000000000004
0.078125 0.0090210979560878986 0.023500000000000004
0.046875 0.027063293868263706 0.0047499999999999921
0.0625 -1.0408340855860843e-17 0.0047499999999999921
0.046875 0.0090210979560878986 0.023500000000000004
0.140625 0.0090210979560878986 0.023500000000000004
0.140625 0.045105489780439517 -0.013999999999999992
0.171875 0.027063293868263706 0.0047499999999999921
0.140625 0.027063293868263706 0.0047499999999999921
0.15625 0.018042195912175797 -0.013999999999999992
0.15625 -1.0408340855860843e-17 0.0047499999999999921
0.171875 -0.0090210979560879194 -0.014000000000000019
0.1875 -1.0408340855860843e-17 0.0047499999999999921
0.171875 0.0090210979560878986 0.023500000000000004
0.046875 0.099232077516966943 -0.070249999999999993
0.046875 0.063147685692615321 -0.032750000000000001
0.109375 0.063147685692615321 -0.032750000000000001
0.078125 0.081189881604791125 -0.05149999999999999
0.078125 0.063147685692615321 -0.032750000000000001
0.09375 0.054126587736527412 -0.05149999999999999
0.078125 0.045105489780439503 -0.070249999999999993
0.0625 0.072168783648703216 -0.070249999999999993
0.0625 0.054126587736527412 -0.05149999999999999
0.046875 0.081189881604791125 -0.05149999999999999
0.125 -0.036084391824351594 -0.070249999999999993
0.09375 -0.018042195912175828 -0.032750000000000001
0.15625 -0.018042195912175828 -0.032750000000000001
0.140625 -0.027063293868263682 -0.051500000000000018
0.125 -0.018042195912175773 -0.032750000000000001
0.125 3.4694469519536142e-17 -0.05149999999999999
0.09375 0.018042195912175787 -0.070249999999999993
0.109375 -0.0090210979560878743 -0.070249999999999993
0.09375 -2.0816681711721685e-17 -0.05149999999999999
0.109375 -0.027063293868263682 -0.051500000000000018
0.109375 0.0090210979560878986 0.023500000000000004
0.078125 0.027063293868263706 0.0047499999999999921
0.09375 -1.0408340855860843e-17 0.0047499999999999921
0.09375 0.018042195912175797 -0.013999999999999992
0.046875 0.045105489780439517 -0.013999999999999992
0.078125 -0.0090210979560879194 -0.014000000000000019
0.078125 0.027063293868263696 -0.051500000000000018
0.0625 0.036084391824351608 -0.032750000000000001
0.078125 0.0090210979560878882 -0.032750000000000001
0.0625 0.018042195912175797 -0.013999999999999992
0.125 -1.0408340855860843e-17 0.0047499999999999921
0.140625 -0.0090210979560879194 -0.014000000000000019
0.109375 0.0090210979560878882 -0.032750000000000001
0.109375 -0.0090210979560879194 -0.014000000000000019
0.109375 0.027063293868263706 0.0047499999999999921
0.140625 0.0090210979560878882 -0.032750000000000001
0.109375 0.045105489780439517 -0.013999999999999992
0.125 0.036084391824351608 -0.032750000000000001
0.09375 0.036084391824351608 -0.032750000000000001
0.109375 0.027063293868263696 -0.051500000000000018
0.125 0.018042195912175797 -0.013999999999999992
0.078125 0.045105489780439517 -0.013999999999999992
0.140625 0.063147685692615321 -0.032750000000000001
0.171875 0.045105489780439517 -0.013999999999999992
0.15625 0.036084391824351608 -0.032750000000000001
0.15625 0.054126587736527412 -0.05149999999999999
0.171875 0.0090210979560878882 -0.032750000000000001
0.1875 0.018042195912175797 -0.013999999999999992
0.046875 0.11727427342914275 -0.088999999999999982
0.109375 0.081189881604791125 -0.05149999999999999
0.078125 0.099232077516966943 -0.070249999999999993
0.09375 0.072168783648703216 -0.070249999999999993
0.09375 0.090210979560879034 -0.088999999999999982
0.078125 0.063147685692615307 -0.08900000000000001
0.0625 0.090210979560879034 -0.088999999999999982
0.0625 0.10825317547305484 -0.10775
0.078125 0.081189881604791125 -0.10775
0.140625 -0.0090210979560878743 -0.070249999999999993
0.109375 0.0090210979560879333 -0.08900000000000001
0.125 -0.018042195912175783 -0.088999999999999982
0.125 0.054126587736527412 -0.05149999999999999
0.15625 -2.0816681711721685e-17 -0.05149999999999999
0.09375 0.036084391824351594 -0.088999999999999982
0.125 0.03608439182435165 -0.088999999999999982
0.109375 0.045105489780439503 -0.070249999999999993
0.125 0.018042195912175842 -0.070249999999999993
0.140625 0.045105489780439503 -0.070249999999999993
0.15625 0.018042195912175787 -0.070249999999999993
0.140625 0.027063293868263696 -0.051500000000000018
0.109375 0.027063293868263741 -0.10775
0.09375 0.054126587736527398 -0.10775
0.125 0.072168783648703216 -0.070249999999999993
0.109375 0.063147685692615307 -0.08900000000000001
0.171875 0.063147685692615321 -0.032750000000000001
0.109375 0.099232077516966943 -0.070249999999999993
0.078125 0.11727427342914275 -0.088999999999999982
0.140625 0.081189881604791125 -0.05149999999999999
CELLS 11976 59880
4 0 1 2 3
4 4 5 1 6
4 7 2 5 8
4 9 6 3 8
4 3 1 2 5
4 3 2 8 5
4 3 8 6 5
4 3 6 1 5
4 10 12 11 13
4 4 11 14 15
4 16 14 12 17
4 18 13 15 17
4 12 11 13 15
4 12 13 17 15
4 12 17 14 15
4 12 14 11 15
4 19 20 21 22
4 7 23 20 24
4 16 21 23 25
4 26 24 22 25
4 21 22 20 24
4 21 25 22 24
4 21 23 25 24
4 21 20 23 24
4 27 29 28 30
4 9 28 31 32
4 18 31 29 33
4 26 30 32 33
4 28 30 29 33
4 28 32 30 33
4 28 31 32 33
4 28 29 31 33
4 9 6 8 34
4 4 5 6 14
4 7 8 5 23
4 16 14 34 23
4 34 6 8 5
4 34 8 23 5
4 34 23 14 5
4 34 14 6 5
4 9 8 32 34
4 7 24 8 23
4 26 32 24 25
4 16 23 34 25
4 34 8 32 24
4 34 32 25 24
4 34 25 23 24
4 34 23 8 24
4 9 32 31 34
4 26 33 32 25
4 18 31 33 17
4 16 25 34 17
4 34 32 31 33
4 34 31 17 33
4 34 17 25 33
4 34 25 32 33
4 9 31 6 34
4 18 15 31 17
4 4 6 15 14
4 16 17 34 14
4 34 31 6 15
4 34 6 14 15
4 34 14 17 15
4 34 17 31 15
4 10 35 36 37
4 38 39 40 41
4 42 43 39 44
4 45 44 41 46
4 40 41 39 44
4 40 46 41 44
4 40 43 46 44
4 40 39 43 44
4 19 48 47 49
4 42 47 50 51
4 52 50 48 53
4 54 49 51 53
4 49 48 47 50
4 49 53 48 50
4 49 51 53 50
4 49 47 51 50
4 52 55 56 57
4 58 60 59 61
4 45 59 62 63
4 54 62 60 64
4 60 59 61 63
4 60 61 64 63
4 60 64 62 63
4 60 62 59 63
4 42 43 44 51
4 45 44 46 62
4 54 65 51 62
4 65 46 43 44
4 65 62 46 44
4 65 51 62 44
4 65 43 51 44
4 45 46 63 62
4 54 65 62 64
4 65 62 64 63
4 65 46 62 63
4 52 57 56 53
4 54 65 64 53
4 65 53 56 57
4 65 64 53 57
4 52 56 50 53
4 42 50 43 51
4 54 65 53 51
4 65 43 56 50
4 65 51 43 50
4 65 53 51 50
4 65 56 53 50
4 27 66 67 68
4 69 70 66 71
4 72 67 70 73
4 74 71 68 73
4 66 67 68 73
4 66 68 71 73
4 66 71 70 73
4 66 70 67 73
4 74 75 76 77
4 69 71 78 79
4 74 76 71 77
4 79 71 78 76
4 79 77 71 76
4 69 70 71 79
4 74 71 73 77
4 79 70 71 73
4 79 71 77 73
4 27 29 30 80
4 18 33 29 81
4 26 30 33 82
4 83 81 80 82
4 80 29 30 33
4 80 30 82 33
4 80 82 81 33
4 80 81 29 33
4 10 12 13 36
4 18 13 17 84
4 16 17 12 85
4 86 36 84 85
4 12 13 36 84
4 12 36 85 84
4 12 85 17 84
4 12 17 13 84
4 19 22 21 48
4 26 25 22 87
4 16 21 25 88
4 52 87 48 88
4 21 48 22 87
4 21 88 48 87
4 21 25 88 87
4 21 22 25 87
4 83 89 90 91
4 52 55 91 92
4 89 91 55 92
4 89 90 91 92
4 83 81 82 93
4 18 33 81 17
4 26 82 33 25
4 16 17 93 25
4 93 81 82 33
4 93 82 25 33
4 93 25 17 33
4 93 17 81 33
4 83 82 91 93
4 26 87 82 25
4 52 91 87 88
4 16 25 93 88
4 93 82 91 87
4 93 91 88 87
4 93 88 25 87
4 93 25 82 87
4 83 91 90 93
4 52 92 91 88
4 86 90 92 85
4 16 88 93 85
4 93 91 90 92
4 93 90 85 92
4 93 85 88 92
4 93 88 91 92
4 83 90 81 93
4 86 84 90 85
4 18 81 84 17
4 16 85 93 17
4 93 90 81 84
4 93 81 17 84
4 93 17 85 84
4 93 85 90 84
4 27 30 68 80
4 26 94 30 82
4 74 68 94 95
4 83 82 80 95
4 80 30 68 94
4 80 68 95 94
4 80 95 82 94
4 80 82 30 94
4 19 49 22 48
4 26 22 96 87
4 54 96 49 53
4 52 48 87 53
4 49 22 48 87
4 49 48 53 87
4 49 53 96 87
4 49 96 22 87
4 58 75 60 61
4 74 97 75 98
4 54 60 97 64
4 60 61 75 98
4 60 64 61 98
4 60 97 64 98
4 60 75 97 98
4 83 89 91 99
4 52 91 55 57
4 89 91 99 57
4 89 55 91 57
4 83 82 95 100
4 26 94 82 96
4 74 95 94 97
4 54 96 100 97
4 100 82 95 94
4 100 95 97 94
4 100 97 96 94
4 100 96 82 94
4 83 95 99 100
4 74 98 95 97
4 54 97 100 64
4 100 95 99 98
4 100 99 64 98
4 100 64 97 98
4 100 97 95 98
4 83 99 91 100
4 52 91 57 53
4 54 64 100 53
4 100 99 91 57
4 100 91 53 57
4 100 53 64 57
4 100 64 99 57
4 83 91 82 100
4 52 87 91 53
4 26 82 87 96
4 54 53 100 96
4 100 91 82 87
4 100 82 96 87
4 100 96 53 87
4 100 53 91 87
4 27 68 67 80
4 74 73 68 95
4 72 67 73 101
4 83 95 80 101
4 80 68 67 73
4 80 67 101 73
4 80 101 95 73
4 80 95 68 73
4 74 75 77 98
4 83 89 99 102
4 83 95 101 103
4 74 73 95 77
4 103 95 101 73
4 103 77 95 73
4 83 101 102 103
4 83 102 99 103
4 83 99 95 103
4 74 95 98 77
4 103 99 95 98
4 103 95 77 98
4 27 67 29 80
4 72 104 67 101
4 18 29 104 81
4 83 101 80 81
4 80 67 29 104
4 80 29 81 104
4 80 81 101 104
4 80 101 67 104
4 10 13 37 36
4 18 105 13 84
4 86 84 36 106
4 37 36 13 84
4 37 106 36 84
4 37 105 106 84
4 37 13 105 84
4 83 89 102 90
4 83 101 81 107
4 72 104 101 108
4 18 81 104 105
4 107 101 81 104
4 107 81 105 104
4 107 105 108 104
4 107 108 101 104
4 83 81 90 107
4 18 84 81 105
4 86 90 84 106
4 107 81 90 84
4 107 90 106 84
4 107 106 105 84
4 107 105 81 84
4 83 90 102 107
4 83 102 101 107
4 0 110 109 111
4 112 109 113 114
4 115 113 110 116
4 117 111 114 116
4 110 109 111 114
4 110 111 116 114
4 110 116 113 114
4 110 113 109 114
4 118 119 120 121
4 112 122 119 123
4 124 120 122 125
4 126 123 121 125
4 121 119 120 122
4 121 120 125 122
4 121 125 123 122
4 121 123 119 122
4 127 129 128 130
4 115 128 131 132
4 124 131 129 133
4 134 130 132 133
4 128 130 129 133
4 128 132 130 133
4 128 131 132 133
4 128 129 131 133
4 135 136 137 138
4 117 139 136 140
4 126 137 139 141
4 134 140 138 141
4 137 138 136 140
4 137 141 138 140
4 137 139 141 140
4 137 136 139 140
4 115 113 116 142
4 112 114 113 123
4 117 116 114 139
4 126 123 142 139
4 142 113 116 114
4 142 116 139 114
4 142 139 123 114
4 142 123 113 114
4 115 116 132 142
4 117 140 116 139
4 134 132 140 141
4 126 139 142 141
4 142 116 132 140
4 142 132 141 140
4 142 141 139 140
4 142 139 116 140
4 115 132 131 142
4 134 133 132 141
4 124 131 133 125
4 126 141 142 125
4 142 132 131 133
4 142 131 125 133
4 142 125 141 133
4 142 141 132 133
4 115 131 113 142
4 124 122 131 125
4 112 113 122 123
4 126 125 142 123
4 142 131 113 122
4 142 113 123 122
4 142 123 125 122
4 142 125 131 122
4 118 144 143 145
4 127 146 147 148
4 149 150 146 151
4 152 147 150 153
4 154 151 148 153
4 146 147 148 153
4 146 148 151 153
4 146 151 150 153
4 146 150 147 153
4 154 155 156 157
4 149 151 158 159
4 154 156 151 157
4 159 151 158 156
4 159 157 151 156
4 149 150 151 159
4 154 151 153 157
4 159 150 151 153
4 159 151 157 153
4 160 162 161 163
4 164 163 165 166
4 135 168 167 169
4 160 167 170 171
4 172 170 168 173
4 174 169 171 173
4 169 168 167 170
4 169 173 168 170
4 169 171 173 170
4 169 167 171 170
4 172 175 176 177
4 178 180 179 181
4 164 179 182 183
4 174 182 180 184
4 180 179 181 183
4 180 181 184 183
4 180 184 182 183
4 180 182 179 183
4 160 162 163 171
4 164 163 166 182
4 174 185 171 182
4 185 166 162 163
4 185 182 166 163
4 185 171 182 163
4 185 162 171 163
4 164 166 183 182
4 174 185 182 184
4 185 182 184 183
4 185 166 182 183
4 172 177 176 173
4 174 185 184 173
4 185 173 176 177
4 185 184 173 177
4 172 176 170 173
4 160 170 162 171
4 174 185 173 171
4 185 162 176 170
4 185 171 162 170
4 185 173 171 170
4 185 176 173 170
4 127 129 130 186
4 124 133 129 187
4 134 130 133 188
4 189 187 186 188
4 186 129 130 133
4 186 130 188 133
4 186 188 187 133
4 186 187 129 133
4 118 121 120 145
4 124 120 125 190
4 126 125 121 191
4 192 145 190 191
4 121 120 145 190
4 121 145 191 190
4 121 191 125 190
4 121 125 120 190
4 135 138 137 168
4 134 141 138 193
4 126 137 141 194
4 172 193 168 194
4 137 168 138 193
4 137 194 168 193
4 137 141 194 193
4 137 138 141 193
4 189 195 196 197
4 172 175 197 198
4 195 197 175 198
4 195 196 197 198
4 189 187 188 199
4 124 133 187 125
4 134 188 133 141
4 126 125 199 141
4 199 187 188 133
4 199 188 141 133
4 199 141 125 133
4 199 125 187 133
4 189 188 197 199
4 134 193 188 141
4 172 197 193 194
4 126 141 199 194
4 199 188 197 193
4 199 197 194 193
4 199 194 141 193
4 199 141 188 193
4 189 197 196 199
4 172 198 197 194
4 192 196 198 191
4 126 194 199 191
4 199 197 196 198
4 199 196 191 198
4 199 191 194 198
4 199 194 197 198
4 189 196 187 199
4 192 190 196 191
4 124 187 190 125
4 126 191 199 125
4 199 196 187 190
4 199 187 125 190
4 199 125 191 190
4 199 191 196 190
4 127 130 148 186
4 134 200 130 188
4 154 148 200 201
4 189 188 186 201
4 186 130 148 200
4 186 148 201 200
4 186 201 188 200
4 186 188 130 200
4 135 169 138 168
4 134 138 202 193
4 174 202 169 173
4 172 168 193 173
4 169 138 168 193
4 169 168 173 193
4 169 173 202 193
4 169 202 138 193
4 178 155 180 181
4 154 203 155 204
4 174 180 203 184
4 180 181 155 204
4 180 184 181 204
4 180 203 184 204
4 180 155 203 204
4 189 195 197 205
4 172 197 175 177
4 195 197 205 177
4 195 175 197 177
4 189 188 201 206
4 134 200 188 202
4 154 201 200 203
4 174 202 206 203
4 206 188 201 200
4 206 201 203 200
4 206 203 202 200
4 206 202 188 200
4 189 201 205 206
4 154 204 201 203
4 174 203 206 184
4 206 201 205 204
4 206 205 184 204
4 206 184 203 204
4 206 203 201 204
4 189 205 197 206
4 172 197 177 173
4 174 184 206 173
4 206 205 197 177
4 206 197 173 177
4 206 173 184 177
4 206 184 205 177
4 189 197 188 206
4 172 193 197 173
4 134 188 193 202
4 174 173 206 202
4 206 197 188 193
4 206 188 202 193
4 206 202 173 193
4 206 173 197 193
4 127 148 147 186
4 154 153 148 201
4 152 147 153 207
4 189 201 186 207
4 186 148 147 153
4 186 147 207 153
4 186 207 201 153
4 186 201 148 153
4 154 155 157 204
4 189 201 207 208
4 154 153 201 157
4 208 201 207 153
4 208 157 201 153
4 189 205 201 208
4 154 201 204 157
4 208 205 201 204
4 208 201 157 204
4 127 147 129 186
4 152 209 147 207
4 124 129 209 187
4 189 207 186 187
4 186 147 129 209
4 186 129 187 209
4 186 187 207 209
4 186 207 147 209
4 118 120 144 145
4 124 210 120 190
4 192 190 145 211
4 144 145 120 190
4 144 211 145 190
4 144 210 211 190
4 144 120 210 190
4 189 207 187 212
4 152 209 207 213
4 124 187 209 210
4 212 207 187 209
4 212 187 210 209
4 212 210 213 209
4 212 213 207 209
4 189 187 196 212
4 124 190 187 210
4 192 196 190 211
4 212 187 196 190
4 212 196 211 190
4 212 211 210 190
4 212 210 187 190
4 0 3 2 111
4 7 2 8 214
4 9 8 3 215
4 117 111 214 215
4 3 2 111 214
4 3 111 215 214
4 3 215 8 214
4 3 8 2 214
4 19 20 22 216
4 7 24 20 217
4 26 22 24 218
4 219 217 216 218
4 216 20 22 24
4 216 22 218 24
4 216 218 217 24
4 216 217 20 24
4 27 30 28 220
4 9 28 32 221
4 26 32 30 222
4 223 220 221 222
4 28 220 30 222
4 28 221 220 222
4 28 32 221 222
4 28 30 32 222
4 135 136 224 225
4 117 226 136 227
4 219 224 226 228
4 223 227 225 228
4 224 225 136 227
4 224 228 225 227
4 224 226 228 227
4 224 136 226 227
4 9 8 215 229
4 7 214 8 217
4 117 215 214 226
4 219 217 229 226
4 229 8 215 214
4 229 215 226 214
4 229 226 217 214
4 229 217 8 214
4 9 215 221 229
4 117 227 215 226
4 223 221 227 228
4 219 226 229 228
4 229 215 221 227
4 229 221 228 227
4 229 228 226 227
4 229 226 215 227
4 9 221 32 229
4 223 222 221 228
4 26 32 222 218
4 219 228 229 218
4 229 221 32 222
4 229 32 218 222
4 229 218 228 222
4 229 228 221 222
4 9 32 8 229
4 26 24 32 218
4 7 8 24 217
4 219 218 229 217
4 229 32 8 24
4 229 8 217 24
4 229 217 218 24
4 229 218 32 24
4 38 39 41 230
4 42 44 39 231
4 45 41 44 232
4 233 231 230 232
4 230 39 41 44
4 230 41 232 44
4 230 232 231 44
4 230 231 39 44
4 19 49 47 234
4 42 47 51 235
4 54 51 49 236
4 237 234 235 236
4 49 47 234 235
4 49 234 236 235
4 49 236 51 235
4 49 51 47 235
4 58 59 60 238
4 45 62 59 239
4 54 60 62 240
4 241 239 238 240
4 60 238 59 239
4 60 240 238 239
4 60 62 240 239
4 60 59 62 239
4 242 244 243 245
4 233 243 246 247
4 237 246 244 248
4 241 245 247 248
4 243 245 244 248
4 243 247 245 248
4 243 246 247 248
4 243 244 246 248
4 233 231 232 249
4 42 44 231 51
4 45 232 44 62
4 54 51 249 62
4 249 231 232 44
4 249 232 62 44
4 249 62 51 44
4 249 51 231 44
4 233 232 247 249
4 45 239 232 62
4 241 247 239 240
4 54 62 249 240
4 249 232 247 239
4 249 247 240 239
4 249 240 62 239
4 249 62 232 239
4 233 247 246 249
4 241 248 247 240
4 237 246 248 236
4 54 240 249 236
4 249 247 246 248
4 249 246 236 248
4 249 236 240 248
4 249 240 247 248
4 233 246 231 249
4 237 235 246 236
4 42 231 235 51
4 54 236 249 51
4 249 246 231 235
4 249 231 51 235
4 249 51 236 235
4 249 236 246 235
4 27 66 68 250
4 69 71 66 251
4 74 68 71 252
4 253 251 250 252
4 66 68 250 252
4 66 250 251 252
4 66 251 71 252
4 66 71 68 252
4 58 75 254 255
4 74 76 75 256
4 257 255 258 256
4 255 75 254 76
4 255 256 75 76
4 255 258 256 76
4 255 254 258 76
4 259 260 261 262
4 263 264 260 265
4 253 261 264 266
4 257 265 262 266
4 262 260 261 264
4 262 261 266 264
4 262 266 265 264
4 262 265 260 264
4 69 267 78 268
4 263 269 267 265
4 257 268 258 265
4 268 267 78 269
4 268 265 267 269
4 268 258 265 269
4 268 78 258 269
4 69 251 267 268
4 263 267 264 265
4 253 264 251 266
4 257 268 265 266
4 268 251 267 264
4 268 266 251 264
4 268 265 266 264
4 268 267 265 264
4 69 71 251 268
4 253 251 252 266
4 74 252 71 256
4 257 268 266 256
4 268 71 251 252
4 268 256 71 252
4 268 266 256 252
4 268 251 266 252
4 69 78 71 268
4 74 71 76 256
4 257 268 256 258
4 268 78 71 76
4 268 258 78 76
4 268 256 258 76
4 268 71 256 76
4 270 161 271 272
4 160 273 161 274
4 275 271 273 276
4 277 274 272 276
4 271 272 161 274
4 271 276 272 274
4 271 273 276 274
4 271 161 273 274
4 135 278 167 279
4 160 167 280 281
4 282 280 278 283
4 284 279 281 283
4 279 278 167 280
4 279 283 278 280
4 279 281 283 280
4 279 167 281 280
4 242 285 286 287
4 275 288 285 289
4 282 286 288 290
4 291 289 287 290
4 285 286 287 290
4 285 287 289 290
4 285 289 288 290
4 285 288 286 290
4 259 293 292 294
4 277 292 295 296
4 284 295 293 297
4 291 294 296 297
4 293 292 294 296
4 293 294 297 296
4 293 297 295 296
4 293 295 292 296
4 275 276 273 298
4 160 273 274 281
4 277 274 276 295
4 284 298 281 295
4 298 276 273 274
4 298 295 276 274
4 298 281 295 274
4 298 273 281 274
4 275 289 276 298
4 277 276 296 295
4 291 296 289 297
4 284 298 295 297
4 298 289 276 296
4 298 297 289 296
4 298 295 297 296
4 298 276 295 296
4 275 288 289 298
4 291 289 290 297
4 282 290 288 283
4 284 298 297 283
4 298 288 289 290
4 298 283 288 290
4 298 297 283 290
4 298 289 297 290
4 275 273 288 298
4 282 288 280 283
4 160 280 273 281
4 284 298 283 281
4 298 273 288 280
4 298 281 273 280
4 298 283 281 280
4 298 288 283 280
4 27 30 220 299
4 26 222 30 300
4 223 220 222 301
4 302 300 299 301
4 299 30 220 222
4 299 220 301 222
4 299 301 300 222
4 299 300 30 222
4 19 216 22 234
4 26 22 218 303
4 219 218 216 304
4 237 234 303 304
4 216 22 234 303
4 216 234 304 303
4 216 304 218 303
4 216 218 22 303
4 135 225 224 278
4 223 228 225 305
4 219 224 228 306
4 282 305 278 306
4 224 278 225 305
4 224 306 278 305
4 224 228 306 305
4 224 225 228 305
4 242 244 307 286
4 302 307 308 309
4 237 308 244 310
4 282 286 309 310
4 307 286 244 310
4 307 309 286 310
4 307 308 309 310
4 307 244 308 310
4 302 300 301 311
4 26 222 300 218
4 223 301 222 228
4 219 218 311 228
4 311 300 301 222
4 311 301 228 222
4 311 228 218 222
4 311 218 300 222
4 302 301 309 311
4 223 305 301 228
4 282 309 305 306
4 219 228 311 306
4 311 301 309 305
4 311 309 306 305
4 311 306 228 305
4 311 228 301 305
4 302 309 308 311
4 282 310 309 306
4 237 308 310 304
4 219 306 311 304
4 311 309 308 310
4 311 308 304 310
4 311 304 306 310
4 311 306 309 310
4 302 308 300 311
4 237 303 308 304
4 26 300 303 218
4 219 304 311 218
4 311 308 300 303
4 311 300 218 303
4 311 218 304 303
4 311 304 308 303
4 27 220 250 299
4 223 312 220 301
4 253 250 312 313
4 302 301 299 313
4 299 220 250 312
4 299 250 313 312
4 299 313 301 312
4 299 301 220 312
4 135 279 225 278
4 223 225 314 305
4 284 314 279 283
4 282 278 305 283
4 279 225 278 305
4 279 278 283 305
4 279 283 314 305
4 279 314 225 305
4 259 261 293 294
4 253 315 261 316
4 284 293 315 297
4 291 316 294 297
4 293 294 261 316
4 293 297 294 316
4 293 315 297 316
4 293 261 315 316
4 242 286 307 287
4 302 307 309 317
4 282 309 286 290
4 291 287 317 290
4 307 287 286 290
4 307 317 287 290
4 307 309 317 290
4 307 286 309 290
4 302 301 313 318
4 223 312 301 314
4 253 313 312 315
4 284 314 318 315
4 318 301 313 312
4 318 313 315 312
4 318 315 314 312
4 318 314 301 312
4 302 313 317 318
4 253 316 313 315
4 291 317 316 297
4 284 315 318 297
4 318 313 317 316
4 318 317 297 316
4 318 297 315 316
4 318 315 313 316
4 302 317 309 318
4 291 290 317 297
4 282 309 290 283
4 284 297 318 283
4 318 317 309 290
4 318 309 283 290
4 318 283 297 290
4 318 297 317 290
4 302 309 301 318
4 282 305 309 283
4 223 301 305 314
4 284 283 318 314
4 318 309 301 305
4 318 301 314 305
4 318 314 283 305
4 318 283 309 305
4 27 250 68 299
4 253 252 250 313
4 74 68 252 319
4 302 313 299 319
4 299 250 68 252
4 299 68 319 252
4 299 319 313 252
4 299 313 250 252
4 259 262 261 294
4 253 261 266 316
4 257 266 262 320
4 291 294 316 320
4 262 261 294 316
4 262 294 320 316
4 262 320 266 316
4 262 266 261 316
4 58 75 255 238
4 74 256 75 321
4 257 255 256 322
4 241 321 238 322
4 255 238 75 321
4 255 322 238 321
4 255 256 322 321
4 255 75 256 321
4 242 287 307 245
4 302 307 317 323
4 291 317 287 324
4 241 245 323 324
4 307 245 287 324
4 307 323 245 324
4 307 317 323 324
4 307 287 317 324
4 302 313 319 325
4 253 252 313 266
4 74 319 252 256
4 257 266 325 256
4 325 313 319 252
4 325 319 256 252
4 325 256 266 252
4 325 266 313 252
4 302 319 323 325
4 74 321 319 256
4 241 323 321 322
4 257 256 325 322
4 325 319 323 321
4 325 323 322 321
4 325 322 256 321
4 325 256 319 321
4 302 323 317 325
4 241 324 323 322
4 291 317 324 320
4 257 322 325 320
4 325 323 317 324
4 325 317 320 324
4 325 320 322 324
4 325 322 323 324
4 302 317 313 325
4 291 316 317 320
4 253 313 316 266
4 257 320 325 266
4 325 317 313 316
4 325 313 266 316
4 325 266 320 316
4 325 320 317 316
4 27 68 30 299
4 74 94 68 319
4 26 30 94 300
4 302 319 299 300
4 299 68 30 94
4 299 30 300 94
4 299 300 319 94
4 299 319 68 94
4 58 60 75 238
4 74 75 97 321
4 54 97 60 240
4 241 238 321 240
4 60 75 238 321
4 60 238 240 321
4 60 240 97 321
4 60 97 75 321
4 19 22 49 234
4 26 96 22 303
4 54 49 96 236
4 237 303 234 236
4 49 234 22 303
4 49 236 234 303
4 49 96 236 303
4 49 22 96 303
4 242 245 307 244
4 302 307 323 308
4 241 323 245 248
4 237 244 308 248
4 307 244 245 248
4 307 308 244 248
4 307 323 308 248
4 307 245 323 248
4 302 319 300 326
4 74 94 319 97
4 26 300 94 96
4 54 97 326 96
4 326 319 300 94
4 326 300 96 94
4 326 96 97 94
4 326 97 319 94
4 302 300 308 326
4 26 303 300 96
4 237 308 303 236
4 54 96 326 236
4 326 300 308 303
4 326 308 236 303
4 326 236 96 303
4 326 96 300 303
4 302 308 323 326
4 237 248 308 236
4 241 323 248 240
4 54 236 326 240
4 326 308 323 248
4 326 323 240 248
4 326 240 236 248
4 326 236 308 248
4 302 323 319 326
4 241 321 323 240
4 74 319 321 97
4 54 240 326 97
4 326 323 319 321
4 326 319 97 321
4 326 97 240 321
4 326 240 323 321
4 327 328 329 330
4 331 329 332 333
4 334 335 330 333
4 329 330 328 335
4 329 333 330 335
4 329 332 333 335
4 329 328 332 335
4 331 337 336 338
4 339 340 341 338
4 336 340 338 341
4 336 338 337 341
4 334 342 343 344
4 339 346 345 344
4 331 347 332 337
4 339 341 346 338
4 331 347 337 338
4 347 338 346 341
4 347 337 338 341
4 339 346 344 338
4 334 344 343 333
4 331 347 338 333
4 347 343 346 344
4 347 333 343 344
4 347 338 333 344
4 347 346 338 344
4 334 343 335 333
4 331 347 333 332
4 347 333 332 335
4 347 343 333 335
4 38 348 230 41
4 349 350 348 351
4 233 230 350 232
4 45 351 41 232
4 230 41 348 351
4 230 232 41 351
4 230 350 232 351
4 230 348 350 351
4 327 353 352 354
4 349 352 355 356
4 357 355 353 358
4 359 354 356 358
4 354 353 352 355
4 354 358 353 355
4 354 356 358 355
4 354 352 356 355
4 242 243 360 245
4 233 361 243 247
4 357 360 361 362
4 241 247 245 362
4 243 360 245 362
4 243 245 247 362
4 243 247 361 362
4 243 361 360 362
4 58 363 59 238
4 45 59 364 239
4 359 364 363 365
4 241 238 239 365
4 363 59 238 239
4 363 238 365 239
4 363 365 364 239
4 363 364 59 239
4 233 232 350 366
4 349 350 351 356
4 45 351 232 364
4 359 366 356 364
4 366 232 350 351
4 366 364 232 351
4 366 356 364 351
4 366 350 356 351
4 233 247 232 366
4 45 232 239 364
4 241 239 247 365
4 359 366 364 365
4 366 247 232 239
4 366 365 247 239
4 366 364 365 239
4 366 232 364 239
4 233 361 247 366
4 241 247 362 365
4 357 362 361 358
4 359 366 365 358
4 366 361 247 362
4 366 358 361 362
4 366 365 358 362
4 366 247 365 362
4 233 350 361 366
4 357 361 355 358
4 349 355 350 356
4 359 366 358 356
4 366 350 361 355
4 366 356 350 355
4 366 358 356 355
4 366 361 358 355
4 270 271 367 272
4 368 367 369 370
4 275 369 271 276
4 277 272 370 276
4 271 367 272 370
4 271 272 276 370
4 271 276 369 370
4 271 369 367 370
4 371 372 373 374
4 368 375 372 376
4 377 373 375 378
4 379 376 374 378
4 374 372 373 375
4 374 373 378 375
4 374 378 376 375
4 374 376 372 375
4 242 380 285 287
4 275 285 381 289
4 377 381 380 382
4 291 287 289 382
4 285 287 380 382
4 285 289 287 382
4 285 381 289 382
4 285 380 381 382
4 259 292 383 294
4 277 384 292 296
4 379 383 384 385
4 291 296 294 385
4 383 294 292 296
4 383 385 294 296
4 383 384 385 296
4 383 292 384 296
4 275 369 276 386
4 368 370 369 376
4 277 276 370 384
4 379 376 386 384
4 386 369 276 370
4 386 276 384 370
4 386 384 376 370
4 386 376 369 370
4 275 276 289 386
4 277 296 276 384
4 291 289 296 385
4 379 384 386 385
4 386 276 289 296
4 386 289 385 296
4 386 385 384 296
4 386 384 276 296
4 275 289 381 386
4 291 382 289 385
4 377 381 382 378
4 379 385 386 378
4 386 289 381 382
4 386 381 378 382
4 386 378 385 382
4 386 385 289 382
4 275 381 369 386
4 377 375 381 378
4 368 369 375 376
4 379 378 386 376
4 386 381 369 375
4 386 369 376 375
4 386 376 378 375
4 386 378 381 375
4 387 389 388 390
4 391 392 393 390
4 58 254 394 255
4 387 394 395 396
4 257 258 255 396
4 255 254 394 395
4 255 394 396 395
4 255 396 258 395
4 255 258 254 395
4 259 397 260 262
4 263 260 398 265
4 391 398 397 399
4 257 262 265 399
4 262 397 260 398
4 262 399 397 398
4 262 265 399 398
4 262 260 265 398
4 263 400 269 265
4 257 258 401 265
4 401 400 265 269
4 401 265 258 269
4 263 398 400 265
4 391 393 398 399
4 257 265 401 399
4 401 400 393 398
4 401 393 399 398
4 401 399 265 398
4 401 265 400 398
4 391 390 393 399
4 387 389 390 396
4 257 399 401 396
4 401 393 389 390
4 401 389 396 390
4 401 396 399 390
4 401 399 393 390
4 387 395 389 396
4 257 396 401 258
4 401 258 396 395
4 401 396 389 395
4 402 345 342 403
4 334 342 344 404
4 339 344 345 405
4 406 403 404 405
4 403 345 342 344
4 403 405 345 344
4 403 404 405 344
4 403 342 404 344
4 327 330 329 353
4 334 333 330 407
4 331 329 333 408
4 357 407 353 408
4 329 353 330 407
4 329 408 353 407
4 329 333 408 407
4 329 330 333 407
4 371 336 340 373
4 339 340 338 409
4 331 338 336 410
4 377 373 409 410
4 336 340 373 409
4 336 373 410 409
4 336 410 338 409
4 336 338 340 409
4 242 411 360 380
4 406 412 411 413
4 357 360 412 414
4 377 413 380 414
4 411 360 380 414
4 411 380 413 414
4 411 413 412 414
4 411 412 360 414
4 406 405 404 415
4 334 404 344 333
4 339 344 405 338
4 331 415 333 338
4 415 405 404 344
4 415 338 405 344
4 415 333 338 344
4 415 404 333 344
4 406 413 405 415
4 339 405 409 338
4 377 409 413 410
4 331 415 338 410
4 415 413 405 409
4 415 410 413 409
4 415 338 410 409
4 415 405 338 409
4 406 412 413 415
4 377 413 414 410
4 357 414 412 408
4 331 415 410 408
4 415 412 413 414
4 415 408 412 414
4 415 410 408 414
4 415 413 410 414
4 406 404 412 415
4 357 412 407 408
4 334 407 404 333
4 331 415 408 333
4 415 404 412 407
4 415 333 404 407
4 415 408 333 407
4 415 412 408 407
4 402 392 345 403
4 339 345 416 405
4 391 416 392 417
4 406 403 405 417
4 403 392 345 416
4 403 417 392 416
4 403 405 417 416
4 403 345 405 416
4 371 340 374 373
4 339 418 340 409
4 379 374 418 378
4 377 409 373 378
4 374 373 340 409
4 374 378 373 409
4 374 418 378 409
4 374 340 418 409
4 259 383 397 294
4 391 397 419 420
4 379 419 383 385
4 291 294 420 385
4 383 397 294 420
4 383 294 385 420
4 383 385 419 420
4 383 419 397 420
4 242 411 380 287
4 406 413 411 421
4 377 380 413 382
4 291 421 287 382
4 411 380 287 382
4 411 287 421 382
4 411 421 413 382
4 411 413 380 382
4 406 417 405 422
4 339 405 416 418
4 391 416 417 419
4 379 422 418 419
4 422 417 405 416
4 422 419 417 416
4 422 418 419 416
4 422 405 418 416
4 406 421 417 422
4 391 417 420 419
4 291 420 421 385
4 379 422 419 385
4 422 421 417 420
4 422 385 421 420
4 422 419 385 420
4 422 417 419 420
4 406 413 421 422
4 291 421 382 385
4 377 382 413 378
4 379 422 385 378
4 422 413 421 382
4 422 378 413 382
4 422 385 378 382
4 422 421 385 382
4 406 405 413 422
4 377 413 409 378
4 339 409 405 418
4 379 422 378 418
4 422 405 413 409
4 422 418 405 409
4 422 378 418 409
4 422 413 378 409
4 402 388 392 403
4 391 392 390 417
4 387 390 388 423
4 406 403 417 423
4 403 388 392 390
4 403 423 388 390
4 403 417 423 390
4 403 392 417 390
4 259 397 262 294
4 391 399 397 420
4 257 262 399 320
4 291 420 294 320
4 262 294 397 420
4 262 320 294 420
4 262 399 320 420
4 262 397 399 420
4 58 255 394 238
4 387 394 396 424
4 257 396 255 322
4 241 238 424 322
4 255 394 238 424
4 255 238 322 424
4 255 322 396 424
4 255 396 394 424
4 242 411 287 245
4 406 421 411 425
4 291 287 421 324
4 241 425 245 324
4 411 287 245 324
4 411 245 425 324
4 411 425 421 324
4 411 421 287 324
4 406 423 417 426
4 391 417 390 399
4 387 390 423 396
4 257 426 399 396
4 426 423 417 390
4 426 396 423 390
4 426 399 396 390
4 426 417 399 390
4 406 425 423 426
4 387 423 424 396
4 241 424 425 322
4 257 426 396 322
4 426 425 423 424
4 426 322 425 424
4 426 396 322 424
4 426 423 396 424
4 406 421 425 426
4 241 425 324 322
4 291 324 421 320
4 257 426 322 320
4 426 421 425 324
4 426 320 421 324
4 426 322 320 324
4 426 425 322 324
4 406 417 421 426
4 291 421 420 320
4 391 420 417 399
4 257 426 320 399
4 426 417 421 420
4 426 399 417 420
4 426 320 399 420
4 426 421 320 420
4 402 342 388 403
4 387 388 427 423
4 334 427 342 404
4 406 403 423 404
4 403 342 388 427
4 403 404 342 427
4 403 423 404 427
4 403 388 423 427
4 58 394 363 238
4 387 428 394 424
4 359 363 428 365
4 241 424 238 365
4 363 238 394 424
4 363 365 238 424
4 363 428 365 424
4 363 394 428 424
4 327 354 330 353
4 334 330 429 407
4 359 429 354 358
4 357 353 407 358
4 354 330 353 407
4 354 353 358 407
4 354 358 429 407
4 354 429 330 407
4 242 411 245 360
4 406 425 411 412
4 241 245 425 362
4 357 412 360 362
4 411 245 360 362
4 411 360 412 362
4 411 412 425 362
4 411 425 245 362
4 406 404 423 430
4 387 423 427 428
4 334 427 404 429
4 359 430 428 429
4 430 404 423 427
4 430 429 404 427
4 430 428 429 427
4 430 423 428 427
4 406 412 404 430
4 334 404 407 429
4 357 407 412 358
4 359 430 429 358
4 430 412 404 407
4 430 358 412 407
4 430 429 358 407
4 430 404 429 407
4 406 425 412 430
4 357 412 362 358
4 241 362 425 365
4 359 430 358 365
4 430 425 412 362
4 430 365 425 362
4 430 358 365 362
4 430 412 358 362
4 406 423 425 430
4 241 425 424 365
4 387 424 423 428
4 359 430 365 428
4 430 423 425 424
4 430 428 423 424
4 430 365 428 424
4 430 425 365 424
4 339 341 340 431
4 339 345 346 432
4 339 432 346 431
4 339 346 341 431
4 270 367 433 272
4 368 434 367 370
4 277 370 272 435
4 433 272 367 370
4 433 435 272 370
4 433 434 435 370
4 433 367 434 370
4 371 436 372 374
4 368 372 437 376
4 379 374 376 438
4 374 436 372 437
4 374 438 436 437
4 374 376 438 437
4 374 372 376 437
4 259 383 292 439
4 277 292 384 440
4 379 384 383 441
4 442 439 440 441
4 383 292 439 440
4 383 439 441 440
4 383 441 384 440
4 383 384 292 440
4 368 434 370 376
4 277 370 435 384
4 379 443 376 384
4 443 435 434 370
4 443 384 435 370
4 443 376 384 370
4 443 434 376 370
4 277 435 440 384
4 442 440 444 441
4 379 443 384 441
4 443 444 435 440
4 443 441 444 440
4 443 384 441 440
4 443 435 384 440
4 442 444 445 441
4 379 443 441 438
4 443 441 438 445
4 443 444 441 445
4 368 437 434 376
4 379 443 438 376
4 443 376 434 437
4 443 438 376 437
4 391 393 392 446
4 259 260 397 447
4 263 398 260 448
4 391 397 398 449
4 450 448 447 449
4 447 260 397 398
4 447 397 449 398
4 447 449 448 398
4 447 448 260 398
4 391 393 446 449
4 391 398 393 449
4 263 400 398 448
4 339 345 432 451
4 452 345 451 432
4 339 431 340 453
4 339 451 432 431
4 339 453 451 431
4 391 446 392 454
4 452 454 392 446
4 259 447 397 439
4 391 397 449 455
4 450 449 447 456
4 442 439 455 456
4 447 397 439 455
4 447 439 456 455
4 447 456 449 455
4 447 449 397 455
4 391 446 454 449
4 457 449 454 446
4 458 459 454 457
4 391 454 455 449
4 442 455 459 456
4 450 457 449 456
4 457 459 454 455
4 457 456 459 455
4 457 449 456 455
4 457 454 449 455
4 402 345 392 452
4 391 392 416 454
4 339 416 345 451
4 458 452 454 451
4 452 345 392 416
4 452 451 345 416
4 452 454 451 416
4 452 392 454 416
4 259 397 383 439
4 391 419 397 455
4 379 383 419 441
4 442 455 439 441
4 383 439 397 455
4 383 441 439 455
4 383 419 441 455
4 383 397 419 455
4 371 374 340 436
4 339 340 418 453
4 379 418 374 438
4 374 340 436 453
4 374 436 438 453
4 374 438 418 453
4 374 418 340 453
4 458 451 454 460
4 391 454 416 419
4 339 416 451 418
4 379 460 419 418
4 460 451 454 416
4 460 418 451 416
4 460 419 418 416
4 460 454 419 416
4 458 461 451 460
4 339 451 453 418
4 379 460 418 438
4 460 461 451 453
4 460 438 461 453
4 460 418 438 453
4 460 451 418 453
4 458 459 461 460
4 442 445 459 441
4 379 460 438 441
4 460 459 461 445
4 460 441 459 445
4 460 438 441 445
4 460 461 438 445
4 458 454 459 460
4 442 459 455 441
4 391 455 454 419
4 379 460 441 419
4 460 454 459 455
4 460 419 454 455
4 460 441 419 455
4 460 459 441 455
4 0 2 110 111
4 7 462 2 214
4 115 110 462 116
4 117 214 111 116
4 110 111 2 214
4 110 116 111 214
4 110 462 116 214
4 110 2 462 214
4 19 463 20 216
4 7 20 464 217
4 465 464 463 466
4 219 216 217 466
4 216 463 20 464
4 216 466 463 464
4 216 217 466 464
4 216 20 217 464
4 127 128 467 130
4 115 468 128 132
4 465 467 468 469
4 134 132 130 469
4 128 467 130 469
4 128 130 132 469
4 128 132 468 469
4 128 468 467 469
4 135 224 136 138
4 117 136 226 140
4 219 226 224 470
4 134 138 140 470
4 224 136 138 140
4 224 138 470 140
4 224 470 226 140
4 224 226 136 140
4 115 116 462 471
4 7 462 214 217
4 117 214 116 226
4 219 471 217 226
4 471 116 462 214
4 471 226 116 214
4 471 217 226 214
4 471 462 217 214
4 115 132 116 471
4 117 116 140 226
4 134 140 132 470
4 219 471 226 470
4 471 132 116 140
4 471 470 132 140
4 471 226 470 140
4 471 116 226 140
4 115 468 132 471
4 134 132 469 470
4 465 469 468 466
4 219 471 470 466
4 471 468 132 469
4 471 466 468 469
4 471 470 466 469
4 471 132 470 469
4 115 462 468 471
4 465 468 464 466
4 7 464 462 217
4 219 471 466 217
4 471 462 468 464
4 471 217 462 464
4 471 466 217 464
4 471 468 466 464
4 38 472 39 230
4 42 39 473 231
4 474 473 472 475
4 233 230 231 475
4 230 472 39 473
4 230 475 472 473
4 230 231 475 473
4 230 39 231 473
4 19 47 476 234
4 42 477 47 235
4 478 476 477 479
4 237 235 234 479
4 476 234 47 235
4 476 479 234 235
4 476 477 479 235
4 476 47 477 235
4 480 482 481 483
4 474 481 484 485
4 478 484 482 486
4 487 483 485 486
4 482 481 483 485
4 482 483 486 485
4 482 486 484 485
4 482 484 481 485
4 242 243 244 488
4 233 246 243 489
4 237 244 246 490
4 487 489 488 490
4 243 244 488 490
4 243 488 489 490
4 243 489 246 490
4 243 246 244 490
4 233 475 231 491
4 42 231 473 477
4 474 473 475 484
4 478 491 477 484
4 491 475 231 473
4 491 484 475 473
4 491 477 484 473
4 491 231 477 473
4 233 489 475 491
4 474 475 485 484
4 487 485 489 486
4 478 491 484 486
4 491 489 475 485
4 491 486 489 485
4 491 484 486 485
4 491 475 484 485
4 233 246 489 491
4 487 489 490 486
4 237 490 246 479
4 478 491 486 479
4 491 246 489 490
4 491 479 246 490
4 491 486 479 490
4 491 489 486 490
4 233 231 246 491
4 237 246 235 479
4 42 235 231 477
4 478 491 479 477
4 491 231 246 235
4 491 477 231 235
4 491 479 477 235
4 491 246 479 235
4 127 492 146 148
4 149 146 493 151
4 494 493 492 495
4 154 148 151 495
4 146 148 492 495
4 146 151 148 495
4 146 493 151 495
4 146 492 493 495
4 480 496 497 498
4 499 500 496 501
4 494 497 500 502
4 503 501 498 502
4 498 496 497 500
4 498 497 502 500
4 498 502 501 500
4 498 501 496 500
4 154 156 155 504
4 503 505 506 504
4 505 504 155 156
4 505 506 504 156
4 149 507 158 508
4 499 509 507 501
4 503 501 508 506
4 508 507 158 509
4 508 158 506 509
4 508 506 501 509
4 508 501 507 509
4 149 158 151 508
4 154 151 156 504
4 503 506 508 504
4 508 158 151 156
4 508 151 504 156
4 508 504 506 156
4 508 506 158 156
4 149 151 493 508
4 154 495 151 504
4 494 493 495 502
4 503 504 508 502
4 508 151 493 495
4 508 493 502 495
4 508 502 504 495
4 508 504 151 495
4 149 493 507 508
4 494 500 493 502
4 499 507 500 501
4 503 502 508 501
4 508 493 507 500
4 508 507 501 500
4 508 501 502 500
4 508 502 493 500
4 270 271 161 165
4 160 161 273 163
4 275 273 271 510
4 164 165 163 510
4 271 161 165 163
4 271 165 510 163
4 271 510 273 163
4 271 273 161 163
4 135 167 278 169
4 160 280 167 171
4 282 278 280 511
4 174 171 169 511
4 169 167 278 280
4 169 278 511 280
4 169 511 171 280
4 169 171 167 280
4 242 286 285 512
4 275 285 288 513
4 282 288 286 514
4 515 512 513 514
4 285 512 286 514
4 285 513 512 514
4 285 288 513 514
4 285 286 288 514
4 178 179 180 516
4 164 182 179 517
4 174 180 182 518
4 515 517 516 518
4 180 516 179 517
4 180 518 516 517
4 180 182 518 517
4 180 179 182 517
4 275 273 510 519
4 160 163 273 171
4 164 510 163 182
4 174 171 519 182
4 519 273 510 163
4 519 510 182 163
4 519 182 171 163
4 519 171 273 163
4 275 510 513 519
4 164 517 510 182
4 515 513 517 518
4 174 182 519 518
4 519 510 513 517
4 519 513 518 517
4 519 518 182 517
4 519 182 510 517
4 275 513 288 519
4 515 514 513 518
4 282 288 514 511
4 174 518 519 511
4 519 513 288 514
4 519 288 511 514
4 519 511 518 514
4 519 518 513 514
4 275 288 273 519
4 282 280 288 511
4 160 273 280 171
4 174 511 519 171
4 519 288 273 280
4 519 273 171 280
4 519 171 511 280
4 519 511 288 280
4 127 130 467 520
4 465 467 469 521
4 134 469 130 522
4 523 520 521 522
4 520 130 467 469
4 520 522 130 469
4 520 521 522 469
4 520 467 521 469
4 19 463 216 234
4 465 466 463 524
4 219 216 466 304
4 237 524 234 304
4 216 234 463 524
4 216 304 234 524
4 216 466 304 524
4 216 463 466 524
4 135 224 138 278
4 134 138 470 525
4 219 470 224 306
4 282 278 525 306
4 224 138 278 525
4 224 278 306 525
4 224 306 470 525
4 224 470 138 525
4 242 526 244 286
4 523 527 526 528
4 237 244 527 310
4 282 528 286 310
4 526 244 286 310
4 526 286 528 310
4 526 528 527 310
4 526 527 244 310
4 523 522 521 529
4 465 521 469 466
4 134 469 522 470
4 219 529 466 470
4 529 522 521 469
4 529 470 522 469
4 529 466 470 469
4 529 521 466 469
4 523 528 522 529
4 134 522 525 470
4 282 525 528 306
4 219 529 470 306
4 529 528 522 525
4 529 306 528 525
4 529 470 306 525
4 529 522 470 525
4 523 527 528 529
4 282 528 310 306
4 237 310 527 304
4 219 529 306 304
4 529 527 528 310
4 529 304 527 310
4 529 306 304 310
4 529 528 306 310
4 523 521 527 529
4 237 527 524 304
4 465 524 521 466
4 219 529 304 466
4 529 521 527 524
4 529 466 521 524
4 529 304 466 524
4 529 527 304 524
4 127 148 130 520
4 134 130 200 522
4 154 200 148 530
4 523 520 522 530
4 520 148 130 200
4 520 530 148 200
4 520 522 530 200
4 520 130 522 200
4 135 138 169 278
4 134 202 138 525
4 174 169 202 511
4 282 525 278 511
4 169 278 138 525
4 169 511 278 525
4 169 202 511 525
4 169 138 202 525
4 178 180 155 516
4 154 155 203 531
4 174 203 180 518
4 515 516 531 518
4 180 155 516 531
4 180 516 518 531
4 180 518 203 531
4 180 203 155 531
4 242 526 286 512
4 523 528 526 532
4 282 286 528 514
4 515 532 512 514
4 526 286 512 514
4 526 512 532 514
4 526 532 528 514
4 526 528 286 514
4 523 530 522 533
4 134 522 200 202
4 154 200 530 203
4 174 533 202 203
4 533 530 522 200
4 533 203 530 200
4 533 202 203 200
4 533 522 202 200
4 523 532 530 533
4 154 530 531 203
4 515 531 532 518
4 174 533 203 518
4 533 532 530 531
4 533 518 532 531
4 533 203 518 531
4 533 530 203 531
4 523 528 532 533
4 515 532 514 518
4 282 514 528 511
4 174 533 518 511
4 533 528 532 514
4 533 511 528 514
4 533 518 511 514
4 533 532 518 514
4 523 522 528 533
4 282 528 525 511
4 134 525 522 202
4 174 533 511 202
4 533 522 528 525
4 533 202 522 525
4 533 511 202 525
4 533 528 511 525
4 127 492 148 520
4 154 148 495 530
4 494 495 492 534
4 523 520 530 534
4 520 492 148 495
4 520 534 492 495
4 520 530 534 495
4 520 148 530 495
4 178 155 505 516
4 154 504 155 531
4 503 505 504 535
4 515 531 516 535
4 505 516 155 531
4 505 535 516 531
4 505 504 535 531
4 505 155 504 531
4 480 498 497 483
4 494 497 502 536
4 503 502 498 537
4 487 483 536 537
4 498 497 483 536
4 498 483 537 536
4 498 537 502 536
4 498 502 497 536
4 242 526 512 488
4 523 532 526 538
4 515 512 532 539
4 487 538 488 539
4 526 512 488 539
4 526 488 538 539
4 526 538 532 539
4 526 532 512 539
4 523 534 530 540
4 154 530 495 504
4 494 495 534 502
4 503 540 504 502
4 540 534 530 495
4 540 502 534 495
4 540 504 502 495
4 540 530 504 495
4 523 538 534 540
4 494 534 536 502
4 487 536 538 537
4 503 540 502 537
4 540 538 534 536
4 540 537 538 536
4 540 502 537 536
4 540 534 502 536
4 523 532 538 540
4 487 538 539 537
4 515 539 532 535
4 503 540 537 535
4 540 532 538 539
4 540 535 532 539
4 540 537 535 539
4 540 538 537 539
4 523 530 532 540
4 515 532 531 535
4 154 531 530 504
4 503 540 535 504
4 540 530 532 531
4 540 504 530 531
4 540 535 504 531
4 540 532 535 531
4 127 467 492 520
4 494 492 541 534
4 465 541 467 521
4 523 520 534 521
4 520 467 492 541
4 520 521 467 541
4 520 534 521 541
4 520 492 534 541
4 480 497 482 483
4 494 542 497 536
4 478 482 542 486
4 487 536 483 486
4 482 483 497 536
4 482 486 483 536
4 482 542 486 536
4 482 497 542 536
4 19 476 463 234
4 465 463 543 524
4 478 543 476 479
4 237 234 524 479
4 476 463 234 524
4 476 234 479 524
4 476 479 543 524
4 476 543 463 524
4 242 526 488 244
4 523 538 526 527
4 487 488 538 490
4 237 527 244 490
4 526 488 244 490
4 526 244 527 490
4 526 527 538 490
4 526 538 488 490
4 523 521 534 544
4 494 534 541 542
4 465 541 521 543
4 478 544 542 543
4 544 521 534 541
4 544 543 521 541
4 544 542 543 541
4 544 534 542 541
4 523 527 521 544
4 465 521 524 543
4 237 524 527 479
4 478 544 543 479
4 544 527 521 524
4 544 479 527 524
4 544 543 479 524
4 544 521 543 524
4 523 538 527 544
4 237 527 490 479
4 487 490 538 486
4 478 544 479 486
4 544 538 527 490
4 544 486 538 490
4 544 479 486 490
4 544 527 479 490
4 523 534 538 544
4 487 538 536 486
4 494 536 534 542
4 478 544 486 542
4 544 534 538 536
4 544 542 534 536
4 544 486 542 536
4 544 538 486 536
4 38 348 545 472
4 349 546 348 547
4 474 547 472 548
4 545 472 348 547
4 545 548 472 547
4 545 546 548 547
4 545 348 546 547
4 327 549 352 550
4 349 352 551 552
4 553 550 552 554
4 550 549 352 551
4 550 554 549 551
4 550 552 554 551
4 550 352 552 551
4 480 555 481 556
4 474 481 557 558
4 553 557 555 559
4 560 556 558 559
4 555 481 556 558
4 555 556 559 558
4 555 559 557 558
4 555 557 481 558
4 349 546 547 552
4 474 547 548 557
4 553 561 552 557
4 561 548 546 547
4 561 557 548 547
4 561 552 557 547
4 561 546 552 547
4 474 548 558 557
4 560 558 562 559
4 553 561 557 559
4 561 562 548 558
4 561 559 562 558
4 561 557 559 558
4 561 548 557 558
4 560 562 563 559
4 553 561 559 554
4 561 559 554 563
4 561 562 559 563
4 349 551 546 552
4 553 561 554 552
4 561 552 546 551
4 561 554 552 551
4 480 496 564 565
4 499 566 496 567
4 568 564 566 569
4 565 496 564 566
4 565 564 569 566
4 565 569 567 566
4 565 567 496 566
4 568 566 570 569
4 499 571 566 567
4 480 565 564 556
4 568 564 569 572
4 560 556 572 573
4 565 564 556 572
4 565 556 573 572
4 565 573 569 572
4 565 569 564 572
4 568 574 572 569
4 560 572 575 573
4 568 576 577 574
4 578 577 579 580
4 480 564 555 556
4 568 581 564 572
4 553 555 581 559
4 560 572 556 559
4 555 556 564 572
4 555 559 556 572
4 555 581 559 572
4 555 564 581 572
4 327 550 582 549
4 578 582 583 584
4 553 583 550 554
4 550 582 549 584
4 550 549 554 584
4 550 554 583 584
4 550 583 582 584
4 568 574 577 581
4 578 577 580 583
4 553 585 581 583
4 585 580 574 577
4 585 583 580 577
4 585 581 583 577
4 585 574 581 577
4 578 580 584 583
4 553 585 583 554
4 585 583 554 584
4 585 580 583 584
4 560 563 575 559
4 553 585 554 559
4 585 559 575 563
4 585 554 559 563
4 560 575 572 559
4 568 572 574 581
4 553 585 559 581
4 585 574 575 572
4 585 581 574 572
4 585 559 581 572
4 585 575 559 572
4 331 336 337 586
4 587 589 588 586
4 336 586 588 589
4 336 337 586 589
4 327 329 328 582
4 331 332 329 590
4 578 582 591 590
4 329 328 582 591
4 329 582 590 591
4 329 590 332 591
4 329 332 328 591
4 578 592 579 593
4 331 594 337 332
4 578 591 592 590
4 331 594 332 590
4 594 590 592 591
4 594 332 590 591
4 578 592 593 590
4 331 594 590 586
4 594 590 586 593
4 594 592 590 593
4 331 594 586 337
4 594 586 337 589
4 270 367 271 165
4 368 369 367 595
4 275 271 369 510
4 164 595 165 510
4 271 165 367 595
4 271 510 165 595
4 271 369 510 595
4 271 367 369 595
4 371 373 372 596
4 368 372 375 597
4 377 375 373 598
4 599 596 597 598
4 596 373 372 375
4 596 598 373 375
4 596 597 598 375
4 596 372 597 375
4 242 285 380 512
4 275 381 285 513
4 377 380 381 600
4 515 513 512 600
4 285 380 512 600
4 285 512 513 600
4 285 513 381 600
4 285 381 380 600
4 178 601 179 516
4 164 179 602 517
4 599 602 601 603
4 515 516 517 603
4 601 179 516 517
4 601 516 603 517
4 601 603 602 517
4 601 602 179 517
4 275 510 369 604
4 368 369 595 597
4 164 595 510 602
4 599 604 597 602
4 604 510 369 595
4 604 602 510 595
4 604 597 602 595
4 604 369 597 595
4 275 513 510 604
4 164 510 517 602
4 515 517 513 603
4 599 604 602 603
4 604 513 510 517
4 604 603 513 517
4 604 602 603 517
4 604 510 602 517
4 275 381 513 604
4 515 513 600 603
4 377 600 381 598
4 599 604 603 598
4 604 381 513 600
4 604 598 381 600
4 604 603 598 600
4 604 513 603 600
4 275 369 381 604
4 377 381 375 598
4 368 375 369 597
4 599 604 598 597
4 604 369 381 375
4 604 597 369 375
4 604 598 597 375
4 604 381 598 375
4 38 230 348 472
4 349 348 350 547
4 233 350 230 475
4 474 472 547 475
4 230 348 472 547
4 230 472 475 547
4 230 475 350 547
4 230 350 348 547
4 327 352 353 550
4 349 355 352 552
4 357 353 355 605
4 553 552 550 605
4 550 352 353 355
4 550 353 605 355
4 550 605 552 355
4 550 552 352 355
4 242 360 243 488
4 233 243 361 489
4 357 361 360 606
4 487 488 489 606
4 243 488 360 606
4 243 489 488 606
4 243 361 489 606
4 243 360 361 606
4 480 481 555 483
4 474 557 481 485
4 553 555 557 607
4 487 485 483 607
4 555 483 481 485
4 555 607 483 485
4 555 557 607 485
4 555 481 557 485
4 233 350 475 608
4 349 547 350 552
4 474 475 547 557
4 553 552 608 557
4 608 350 475 547
4 608 475 557 547
4 608 557 552 547
4 608 552 350 547
4 233 475 489 608
4 474 485 475 557
4 487 489 485 607
4 553 557 608 607
4 608 475 489 485
4 608 489 607 485
4 608 607 557 485
4 608 557 475 485
4 233 489 361 608
4 487 606 489 607
4 357 361 606 605
4 553 607 608 605
4 608 489 361 606
4 608 361 605 606
4 608 605 607 606
4 608 607 489 606
4 233 361 350 608
4 357 355 361 605
4 349 350 355 552
4 553 605 608 552
4 608 361 350 355
4 608 350 552 355
4 608 552 605 355
4 608 605 361 355
4 568 576 570 609
4 503 506 505 610
4 480 564 496 498
4 499 496 566 501
4 568 566 564 611
4 503 498 501 611
4 498 564 496 566
4 498 611 564 566
4 498 501 611 566
4 498 496 501 566
4 499 571 509 501
4 503 506 612 501
4 612 571 501 509
4 612 501 506 509
4 499 566 571 501
4 568 570 566 611
4 503 501 612 611
4 612 571 570 566
4 612 570 611 566
4 612 611 501 566
4 612 501 571 566
4 568 609 570 611
4 503 611 612 610
4 612 610 611 609
4 612 611 570 609
4 503 610 612 506
4 587 613 593 614
4 578 593 579 615
4 616 617 614 615
4 617 579 613 593
4 617 615 579 593
4 617 614 615 593
4 617 613 614 593
4 371 588 336 373
4 587 586 588 618
4 331 336 586 410
4 377 618 373 410
4 336 373 588 618
4 336 410 373 618
4 336 586 410 618
4 336 588 586 618
4 327 329 582 353
4 578 582 590 619
4 331 590 329 408
4 357 353 619 408
4 329 582 353 619
4 329 353 408 619
4 329 408 590 619
4 329 590 582 619
4 242 620 380 360
4 616 621 620 622
4 377 380 621 414
4 357 622 360 414
4 620 380 360 414
4 620 360 622 414
4 620 622 621 414
4 620 621 380 414
4 616 615 614 623
4 587 614 593 586
4 578 593 615 590
4 331 623 586 590
4 623 615 614 593
4 623 590 615 593
4 623 586 590 593
4 623 614 586 593
4 616 622 615 623
4 578 615 619 590
4 357 619 622 408
4 331 623 590 408
4 623 622 615 619
4 623 408 622 619
4 623 590 408 619
4 623 615 590 619
4 616 621 622 623
4 357 622 414 408
4 377 414 621 410
4 331 623 408 410
4 623 621 622 414
4 623 410 621 414
4 623 408 410 414
4 623 622 408 414
4 616 614 621 623
4 377 621 618 410
4 587 618 614 586
4 331 623 410 586
4 623 614 621 618
4 623 586 614 618
4 623 410 586 618
4 623 621 410 618
4 578 579 577 615
4 568 577 576 624
4 616 617 615 624
4 617 576 579 577
4 617 624 576 577
4 617 615 624 577
4 617 579 615 577
4 327 582 550 353
4 578 583 582 619
4 553 550 583 605
4 357 619 353 605
4 550 353 582 619
4 550 605 353 619
4 550 583 605 619
4 550 582 583 619
4 480 555 564 483
4 568 564 581 625
4 553 581 555 607
4 487 483 625 607
4 555 564 483 625
4 555 483 607 625
4 555 607 581 625
4 555 581 564 625
4 242 620 360 488
4 616 622 620 626
4 357 360 622 606
4 487 626 488 606
4 620 360 488 606
4 620 488 626 606
4 620 626 622 606
4 620 622 360 606
4 616 624 615 627
4 578 615 577 583
4 568 577 624 581
4 553 627 583 581
4 627 624 615 577
4 627 581 624 577
4 627 583 581 577
4 627 615 583 577
4 616 626 624 627
4 568 624 625 581
4 487 625 626 607
4 553 627 581 607
4 627 626 624 625
4 627 607 626 625
4 627 581 607 625
4 627 624 581 625
4 616 622 626 627
4 487 626 606 607
4 357 606 622 605
4 553 627 607 605
4 627 622 626 606
4 627 605 622 606
4 627 607 605 606
4 627 626 607 606
4 616 615 622 627
4 357 622 619 605
4 578 619 615 583
4 553 627 605 583
4 627 615 622 619
4 627 583 615 619
4 627 605 583 619
4 627 622 605 619
4 568 576 609 624
4 628 609 629 630
4 616 617 624 630
4 617 629 576 609
4 617 630 629 609
4 617 624 630 609
4 617 576 624 609
4 480 564 498 483
4 568 611 564 625
4 503 498 611 537
4 487 625 483 537
4 498 483 564 625
4 498 537 483 625
4 498 611 537 625
4 498 564 611 625
4 178 505 631 516
4 628 631 610 632
4 503 610 505 535
4 515 516 632 535
4 505 631 516 632
4 505 516 535 632
4 505 535 610 632
4 505 610 631 632
4 242 620 488 512
4 616 626 620 633
4 487 488 626 539
4 515 633 512 539
4 620 488 512 539
4 620 512 633 539
4 620 633 626 539
4 620 626 488 539
4 616 630 624 634
4 568 624 609 611
4 628 609 630 610
4 503 634 611 610
4 634 630 624 609
4 634 610 630 609
4 634 611 610 609
4 634 624 611 609
4 616 633 630 634
4 628 630 632 610
4 515 632 633 535
4 503 634 610 535
4 634 633 630 632
4 634 535 633 632
4 634 610 535 632
4 634 630 610 632
4 616 626 633 634
4 515 633 539 535
4 487 539 626 537
4 503 634 535 537
4 634 626 633 539
4 634 537 626 539
4 634 535 537 539
4 634 633 535 539
4 616 624 626 634
4 487 626 625 537
4 568 625 624 611
4 503 634 537 611
4 634 624 626 625
4 634 611 624 625
4 634 537 611 625
4 634 626 537 625
4 628 629 635 630
4 587 635 613 614
4 616 617 630 614
4 617 613 629 635
4 617 614 613 635
4 617 630 614 635
4 617 629 630 635
4 178 631 601 516
4 628 636 631 632
4 599 601 636 603
4 515 632 516 603
4 601 516 631 632
4 601 603 516 632
4 601 636 603 632
4 601 631 636 632
4 371 596 588 373
4 587 588 637 618
4 599 637 596 598
4 377 373 618 598
4 596 588 373 618
4 596 373 598 618
4 596 598 637 618
4 596 637 588 618
4 242 620 512 380
4 616 633 620 621
4 515 512 633 600
4 377 621 380 600
4 620 512 380 600
4 620 380 621 600
4 620 621 633 600
4 620 633 512 600
4 616 614 630 638
4 628 630 635 636
4 587 635 614 637
4 599 638 636 637
4 638 614 630 635
4 638 637 614 635
4 638 636 637 635
4 638 630 636 635
4 616 621 614 638
4 587 614 618 637
4 377 618 621 598
4 599 638 637 598
4 638 621 614 618
4 638 598 621 618
4 638 637 598 618
4 638 614 637 618
4 616 633 621 638
4 377 621 600 598
4 515 600 633 603
4 599 638 598 603
4 638 633 621 600
4 638 603 633 600
4 638 598 603 600
4 638 621 598 600
4 616 630 633 638
4 515 633 632 603
4 628 632 630 636
4 599 638 603 636
4 638 630 633 632
4 638 636 630 632
4 638 603 636 632
4 638 633 603 632
4 0 1 3 639
4 4 6 1 640
4 9 3 6 641
4 642 640 639 641
4 1 3 639 641
4 1 639 640 641
4 1 640 6 641
4 1 6 3 641
4 10 13 11 643
4 4 11 15 644
4 18 15 13 645
4 646 643 644 645
4 11 643 13 645
4 11 644 643 645
4 11 15 644 645
4 11 13 15 645
4 27 28 29 647
4 9 31 28 648
4 18 29 31 649
4 650 648 647 649
4 647 28 29 31
4 647 29 649 31
4 647 649 648 31
4 647 648 28 31
4 651 653 652 654
4 642 652 655 656
4 646 655 653 657
4 650 654 656 657
4 654 653 652 655
4 654 657 653 655
4 654 656 657 655
4 654 652 656 655
4 4 6 640 658
4 9 641 6 648
4 642 640 641 656
4 650 648 658 656
4 658 6 640 641
4 658 640 656 641
4 658 656 648 641
4 658 648 6 641
4 4 640 644 658
4 642 655 640 656
4 646 644 655 657
4 650 656 658 657
4 644 658 640 656
4 644 657 658 656
4 644 655 657 656
4 644 640 655 656
4 4 644 15 658
4 646 645 644 657
4 18 15 645 649
4 650 657 658 649
4 658 644 15 645
4 658 15 649 645
4 658 649 657 645
4 658 657 644 645
4 4 15 6 658
4 18 31 15 649
4 9 6 31 648
4 650 649 658 648
4 15 6 658 648
4 15 658 649 648
4 15 649 31 648
4 15 31 6 648
4 10 35 37 659
4 35 37 659 660
4 27 67 66 661
4 69 66 70 662
4 72 70 67 663
4 664 661 662 663
4 67 66 661 662
4 67 661 663 662
4 67 663 70 662
4 67 70 66 662
4 664 666 665 667
4 664 666 667 663
4 664 662 666 663
4 69 668 662 70
4 72 663 669 70
4 669 666 668 662
4 669 668 70 662
4 669 70 663 662
4 669 663 666 662
4 651 670 671 672
4 673 674 670 675
4 676 671 674 677
4 678 675 672 677
4 671 672 670 675
4 671 677 672 675
4 671 674 677 675
4 671 670 674 675
4 678 679 680 681
4 678 681 680 677
4 678 680 675 677
4 673 675 682 674
4 676 683 677 674
4 683 682 680 675
4 683 674 682 675
4 683 677 674 675
4 683 680 677 675
4 10 13 643 684
4 18 645 13 685
4 646 643 645 686
4 687 685 684 686
4 684 13 643 645
4 684 643 686 645
4 684 686 685 645
4 684 685 13 645
4 27 647 29 661
4 18 29 649 688
4 650 649 647 689
4 664 661 688 689
4 647 29 661 688
4 647 661 689 688
4 647 689 649 688
4 647 649 29 688
4 651 653 654 672
4 646 657 653 690
4 650 654 657 691
4 678 690 672 691
4 654 672 653 690
4 654 691 672 690
4 654 657 691 690
4 654 653 657 690
4 687 692 693 694
4 664 693 665 695
4 678 679 694 695
4 692 679 665 695
4 692 694 679 695
4 692 693 694 695
4 692 665 693 695
4 687 685 686 696
4 18 645 685 649
4 646 686 645 657
4 650 649 696 657
4 696 685 686 645
4 696 686 657 645
4 696 657 649 645
4 696 649 685 645
4 687 686 694 696
4 646 690 686 657
4 678 694 690 691
4 650 657 696 691
4 686 694 696 691
4 686 696 657 691
4 686 657 690 691
4 686 690 694 691
4 687 694 693 696
4 678 695 694 691
4 664 693 695 689
4 650 691 696 689
4 696 694 693 695
4 696 693 689 695
4 696 689 691 695
4 696 691 694 695
4 687 693 685 696
4 664 688 693 689
4 18 685 688 649
4 650 689 696 649
4 685 696 693 689
4 685 649 696 689
4 685 688 649 689
4 685 693 688 689
4 10 643 659 684
4 646 697 643 686
4 687 686 684 698
4 659 684 643 686
4 659 698 684 686
4 659 697 698 686
4 659 643 697 686
4 651 671 653 672
4 646 653 699 690
4 676 699 671 677
4 678 672 690 677
4 672 671 653 699
4 672 677 671 699
4 672 690 677 699
4 672 653 690 699
4 687 692 694 700
4 678 694 679 681
4 679 681 694 700
4 679 694 692 700
4 646 697 686 690
4 687 686 698 694
4 678 701 690 694
4 701 698 697 686
4 701 694 698 686
4 701 690 694 686
4 701 697 690 686
4 687 698 700 694
4 678 701 694 681
4 701 694 681 700
4 701 698 694 700
4 678 701 681 677
4 676 702 699 677
4 646 699 697 690
4 678 701 677 690
4 701 697 702 699
4 701 690 697 699
4 701 677 690 699
4 701 702 677 699
4 10 659 37 684
4 687 698 684 703
4 684 659 37 660
4 684 37 703 660
4 684 703 698 660
4 684 698 659 660
4 687 692 700 704
4 10 37 13 684
4 18 13 105 685
4 687 703 684 685
4 37 13 684 685
4 37 684 703 685
4 37 703 105 685
4 37 105 13 685
4 27 29 67 661
4 18 104 29 688
4 72 67 104 663
4 664 688 661 663
4 661 29 67 104
4 661 67 663 104
4 661 663 688 104
4 661 688 29 104
4 687 692 704 693
4 664 665 693 667
4 665 693 667 704
4 665 692 693 704
4 18 685 105 688
4 687 703 685 693
4 664 688 705 693
4 705 105 703 685
4 705 703 693 685
4 705 693 688 685
4 705 688 105 685
4 687 704 703 693
4 664 693 705 667
4 705 667 693 704
4 705 693 703 704
4 664 667 705 663
4 72 104 108 663
4 18 105 104 688
4 664 663 705 688
4 705 108 105 104
4 705 105 688 104
4 705 688 663 104
4 705 663 108 104
4 0 111 109 706
4 112 109 114 707
4 117 114 111 708
4 709 706 707 708
4 109 706 111 708
4 109 707 706 708
4 109 114 707 708
4 109 111 114 708
4 118 119 121 710
4 112 123 119 711
4 126 121 123 712
4 713 711 710 712
4 119 121 710 712
4 119 710 711 712
4 119 711 123 712
4 119 123 121 712
4 135 137 136 714
4 117 136 139 715
4 126 139 137 716
4 717 714 715 716
4 714 137 136 139
4 714 716 137 139
4 714 715 716 139
4 714 136 715 139
4 718 719 720 721
4 709 722 719 723
4 713 720 722 724
4 717 723 721 724
4 721 719 720 722
4 721 720 724 722
4 721 724 723 722
4 721 723 719 722
4 112 707 114 725
4 117 114 708 715
4 709 708 707 723
4 717 725 715 723
4 725 707 114 708
4 725 723 707 708
4 725 715 723 708
4 725 114 715 708
4 112 711 707 725
4 709 707 722 723
4 713 722 711 724
4 717 725 723 724
4 707 725 711 724
4 707 723 725 724
4 707 722 723 724
4 707 711 722 724
4 112 123 711 725
4 713 711 712 724
4 126 712 123 716
4 717 725 724 716
4 725 123 711 712
4 725 716 123 712
4 725 724 716 712
4 725 711 724 712
4 112 114 123 725
4 126 123 139 716
4 117 139 114 715
4 717 725 716 715
4 114 123 725 716
4 114 725 715 716
4 114 715 139 716
4 114 139 123 716
4 118 145 143 726
4 143 726 145 727
4 160 161 162 728
4 729 730 728 731
4 730 728 731 162
4 730 161 728 162
4 135 167 168 732
4 160 170 167 733
4 172 168 170 734
4 735 733 732 734
4 168 732 167 733
4 168 734 732 733
4 168 170 734 733
4 168 167 170 733
4 172 176 175 736
4 175 736 176 737
4 738 739 740 741
4 729 742 739 743
4 735 740 742 744
4 745 743 741 744
4 739 740 741 744
4 739 741 743 744
4 739 743 742 744
4 739 742 740 744
4 729 731 728 746
4 160 728 162 170
4 172 746 170 176
4 731 728 746 170
4 731 746 176 170
4 731 176 162 170
4 731 162 728 170
4 729 743 731 746
4 745 737 743 736
4 172 746 176 736
4 746 743 731 737
4 746 736 743 737
4 746 176 736 737
4 746 731 176 737
4 729 742 743 746
4 745 743 744 736
4 735 744 742 734
4 172 746 736 734
4 743 746 742 734
4 743 736 746 734
4 743 744 736 734
4 743 742 744 734
4 729 728 742 746
4 735 742 733 734
4 160 733 728 170
4 172 746 734 170
4 746 728 742 733
4 746 170 728 733
4 746 734 170 733
4 746 742 734 733
4 747 749 748 750
4 751 750 752 753
4 752 753 750 749
4 752 750 748 749
4 718 755 754 756
4 747 754 757 758
4 759 757 755 760
4 761 756 758 760
4 755 754 756 758
4 755 756 760 758
4 755 760 757 758
4 755 757 754 758
4 738 763 762 764
4 751 762 765 766
4 761 765 763 767
4 768 764 766 767
4 762 764 763 767
4 762 766 764 767
4 762 765 766 767
4 762 763 765 767
4 751 750 753 769
4 747 749 750 757
4 759 757 769 770
4 753 769 750 757
4 753 770 769 757
4 753 749 770 757
4 753 750 749 757
4 751 753 766 769
4 759 770 769 771
4 751 766 765 769
4 768 767 766 771
4 761 765 767 760
4 759 771 769 760
4 766 765 769 760
4 766 769 771 760
4 766 771 767 760
4 766 767 765 760
4 751 765 750 769
4 761 758 765 760
4 747 750 758 757
4 759 760 769 757
4 769 765 750 758
4 769 750 757 758
4 769 757 760 758
4 769 760 765 758
4 118 710 121 772
4 126 121 712 773
4 713 712 710 774
4 775 772 773 774
4 772 710 121 712
4 772 774 710 712
4 772 773 774 712
4 772 121 773 712
4 135 137 714 732
4 126 716 137 776
4 717 714 716 777
4 735 776 732 777
4 714 732 137 776
4 714 777 732 776
4 714 716 777 776
4 714 137 716 776
4 718 721 720 756
4 713 720 724 778
4 717 724 721 779
4 761 756 778 779
4 721 720 756 778
4 721 756 779 778
4 721 779 724 778
4 721 724 720 778
4 738 780 740 763
4 775 781 780 782
4 735 740 781 783
4 761 782 763 783
4 780 740 763 783
4 780 763 782 783
4 780 782 781 783
4 780 781 740 783
4 775 774 773 784
4 126 773 712 716
4 713 712 774 724
4 717 784 716 724
4 784 774 773 712
4 784 724 774 712
4 784 716 724 712
4 784 773 716 712
4 775 782 774 784
4 713 774 778 724
4 761 778 782 779
4 717 784 724 779
4 782 774 784 724
4 782 784 779 724
4 782 779 778 724
4 782 778 774 724
4 775 781 782 784
4 761 782 783 779
4 735 783 781 777
4 717 784 779 777
4 784 781 782 783
4 784 777 781 783
4 784 779 777 783
4 784 782 779 783
4 775 773 781 784
4 735 781 776 777
4 126 776 773 716
4 717 784 777 716
4 781 784 773 716
4 781 777 784 716
4 781 776 777 716
4 781 773 776 716
4 118 726 710 772
4 713 710 785 774
4 786 785 726 787
4 775 772 774 787
4 710 772 726 787
4 710 774 772 787
4 710 785 774 787
4 710 726 785 787
4 718 720 755 756
4 713 788 720 778
4 759 755 788 760
4 761 778 756 760
4 720 755 756 760
4 720 756 778 760
4 720 778 788 760
4 720 788 755 760
4 738 780 763 764
4 775 782 780 789
4 761 763 782 767
4 768 789 764 767
4 764 780 763 782
4 764 763 767 782
4 764 767 789 782
4 764 789 780 782
4 713 774 785 790
4 786 785 787 791
4 775 787 774 789
4 768 790 791 789
4 790 774 785 787
4 790 789 774 787
4 790 791 789 787
4 790 785 791 787
4 713 778 774 790
4 775 774 782 789
4 761 782 778 767
4 768 790 789 767
4 790 778 774 782
4 790 767 778 782
4 790 789 767 782
4 790 774 789 782
4 713 788 778 790
4 761 778 760 767
4 759 760 788 771
4 768 790 767 771
4 790 788 778 760
4 790 771 788 760
4 790 767 771 760
4 790 778 767 760
4 713 785 788 790
4 759 788 792 771
4 786 792 785 791
4 768 790 771 791
4 790 785 788 792
4 790 791 785 792
4 790 771 791 792
4 790 788 771 792
4 118 145 726 772
4 786 726 727 787
4 192 727 145 793
4 775 772 787 793
4 772 145 726 727
4 772 793 145 727
4 772 787 793 727
4 772 726 787 727
4 738 780 764 741
4 775 789 780 794
4 768 764 789 795
4 745 794 741 795
4 780 764 741 795
4 780 741 794 795
4 780 794 789 795
4 780 789 764 795
4 775 793 787 796
4 796 793 787 727
4 775 794 793 796
4 775 789 794 796
4 796 789 794 795
4 775 787 789 796
4 118 121 145 772
4 192 145 191 793
4 126 191 121 773
4 775 772 793 773
4 121 145 772 793
4 121 772 773 793
4 121 773 191 793
4 121 191 145 793
4 172 175 198 736
4 135 168 137 732
4 126 137 194 776
4 172 194 168 734
4 735 732 776 734
4 137 732 168 734
4 137 776 732 734
4 137 194 776 734
4 137 168 194 734
4 738 780 741 740
4 775 794 780 781
4 745 741 794 744
4 735 781 740 744
4 741 740 780 781
4 741 744 740 781
4 741 794 744 781
4 741 780 794 781
4 126 191 773 797
4 192 793 191 798
4 775 773 793 794
4 745 798 797 794
4 797 191 773 793
4 797 773 794 793
4 797 794 798 793
4 797 798 191 793
4 126 773 776 797
4 775 781 773 794
4 735 776 781 744
4 745 794 797 744
4 797 773 776 781
4 797 776 744 781
4 797 744 794 781
4 797 794 773 781
4 126 776 194 797
4 735 734 776 744
4 172 194 734 736
4 745 744 797 736
4 797 776 194 734
4 797 194 736 734
4 797 736 744 734
4 797 744 776 734
4 126 194 191 797
4 172 198 194 736
4 192 191 198 798
4 745 736 797 798
4 797 194 191 198
4 797 191 798 198
4 797 798 736 198
4 797 736 194 198
4 751 753 752 799
4 738 764 762 800
4 751 762 766 801
4 768 766 764 802
4 762 800 764 802
4 762 801 800 802
4 762 766 801 802
4 762 764 766 802
4 729 730 731 803
4 738 739 741 804
4 729 743 739 805
4 745 741 743 806
4 739 741 804 806
4 739 804 805 806
4 739 805 743 806
4 739 743 741 806
4 738 764 807 741
4 807 741 764 795
4 738 741 807 804
4 738 804 807 800
4 738 800 807 764
4 0 639 3 808
4 9 3 641 809
4 642 641 639 810
4 811 808 809 810
4 808 639 3 641
4 808 810 639 641
4 808 809 810 641
4 808 3 809 641
4 27 28 647 812
4 9 648 28 813
4 650 647 648 814
4 815 813 812 814
4 647 812 28 813
4 647 814 812 813
4 647 648 814 813
4 647 28 648 813
4 651 654 652 816
4 642 652 656 817
4 650 656 654 818
4 819 816 817 818
4 654 652 816 817
4 654 816 818 817
4 654 818 656 817
4 654 656 652 817
4 820 821 822 823
4 811 824 821 825
4 815 822 824 826
4 819 825 823 826
4 821 822 823 826
4 821 823 825 826
4 821 825 824 826
4 821 824 822 826
4 811 810 809 827
4 9 809 641 648
4 642 641 810 656
4 650 827 648 656
4 827 810 809 641
4 827 656 810 641
4 827 648 656 641
4 827 809 648 641
4 811 825 810 827
4 642 810 817 656
4 819 817 825 818
4 650 827 656 818
4 825 810 827 656
4 825 827 818 656
4 825 818 817 656
4 825 817 810 656
4 811 824 825 827
4 819 825 826 818
4 815 826 824 814
4 650 827 818 814
4 827 824 825 826
4 827 814 824 826
4 827 818 814 826
4 827 825 818 826
4 811 809 824 827
4 815 824 813 814
4 9 813 809 648
4 650 827 814 648
4 824 827 809 648
4 824 814 827 648
4 824 813 814 648
4 824 809 813 648
4 27 661 66 828
4 69 66 662 829
4 664 662 661 830
4 831 828 829 830
4 828 661 66 662
4 828 830 661 662
4 828 829 830 662
4 828 66 829 662
4 664 665 666 832
4 831 834 833 835
4 836 837 838 835
4 833 837 835 838
4 833 835 834 838
4 69 668 839 829
4 831 840 829 834
4 668 829 840 834
4 668 839 829 834
4 831 840 834 835
4 840 834 835 838
4 664 832 666 830
4 831 840 835 830
4 666 840 830 835
4 666 830 832 835
4 664 666 662 830
4 69 662 668 829
4 831 840 830 829
4 840 668 666 662
4 840 829 668 662
4 840 830 829 662
4 840 666 830 662
4 651 670 672 841
4 673 675 670 842
4 678 672 675 843
4 844 842 841 843
4 841 670 672 675
4 841 672 843 675
4 841 843 842 675
4 841 842 670 675
4 678 680 679 845
4 846 847 848 845
4 844 849 850 851
4 846 853 852 851
4 849 851 852 853
4 849 850 851 853
4 673 854 682 842
4 844 842 855 850
4 682 855 842 850
4 682 842 854 850
4 846 848 853 851
4 844 850 855 851
4 855 848 851 853
4 855 851 850 853
4 846 845 848 851
4 678 680 845 843
4 844 851 855 843
4 680 855 848 851
4 680 843 855 851
4 680 845 843 851
4 680 848 845 851
4 678 675 680 843
4 673 682 675 842
4 844 843 855 842
4 855 680 682 675
4 855 682 842 675
4 855 842 843 675
4 855 843 680 675
4 856 857 858 859
4 860 861 857 862
4 863 858 861 864
4 865 862 859 864
4 857 858 859 864
4 857 859 862 864
4 857 862 861 864
4 857 861 858 864
4 820 867 866 868
4 860 866 869 870
4 871 869 867 872
4 873 868 870 872
4 866 868 867 872
4 866 870 868 872
4 866 869 870 872
4 866 867 869 872
4 874 875 876 877
4 863 878 875 879
4 871 876 878 880
4 881 879 877 880
4 877 875 876 878
4 877 876 880 878
4 877 880 879 878
4 877 879 875 878
4 882 884 883 885
4 865 883 886 887
4 873 886 884 888
4 881 885 887 888
4 885 884 883 886
4 885 888 884 886
4 885 887 888 886
4 885 883 887 886
4 860 861 862 889
4 863 864 861 879
4 865 862 864 887
4 881 879 889 887
4 889 861 862 864
4 889 862 887 864
4 889 887 879 864
4 889 879 861 864
4 860 862 870 889
4 865 886 862 887
4 873 870 886 888
4 881 887 889 888
4 862 870 889 888
4 862 889 887 888
4 862 887 886 888
4 862 886 870 888
4 860 870 869 889
4 873 872 870 888
4 871 869 872 880
4 881 888 889 880
4 889 870 869 872
4 889 869 880 872
4 889 880 888 872
4 889 888 870 872
4 860 869 861 889
4 871 878 869 880
4 863 861 878 879
4 881 880 889 879
4 861 889 869 880
4 861 879 889 880
4 861 878 879 880
4 861 869 878 880
4 820 823 822 890
4 815 822 826 891
4 819 826 823 892
4 893 890 891 892
4 890 823 822 826
4 890 892 823 826
4 890 891 892 826
4 890 822 891 826
4 27 812 647 661
4 815 814 812 894
4 650 647 814 689
4 664 894 661 689
4 647 661 812 894
4 647 689 661 894
4 647 814 689 894
4 647 812 814 894
4 651 654 816 672
4 819 816 818 895
4 650 818 654 691
4 678 672 895 691
4 654 816 672 895
4 654 672 691 895
4 654 691 818 895
4 654 818 816 895
4 893 897 896 898
4 664 665 897 695
4 678 898 679 695
4 896 665 679 695
4 896 679 898 695
4 896 898 897 695
4 896 897 665 695
4 893 892 891 899
4 815 891 826 814
4 819 826 892 818
4 650 899 814 818
4 899 892 891 826
4 899 818 892 826
4 899 814 818 826
4 899 891 814 826
4 893 898 892 899
4 819 892 895 818
4 678 895 898 691
4 650 899 818 691
4 892 899 898 691
4 892 818 899 691
4 892 895 818 691
4 892 898 895 691
4 893 897 898 899
4 678 898 695 691
4 664 695 897 689
4 650 899 691 689
4 899 897 898 695
4 899 689 897 695
4 899 691 689 695
4 899 898 691 695
4 893 891 897 899
4 664 897 894 689
4 815 894 891 814
4 650 899 689 814
4 891 897 899 689
4 891 899 814 689
4 891 814 894 689
4 891 894 897 689
4 820 868 823 890
4 819 823 900 892
4 873 900 868 901
4 893 890 892 901
4 868 823 890 892
4 868 890 901 892
4 868 901 900 892
4 868 900 823 892
4 651 816 841 672
4 819 902 816 895
4 844 841 902 843
4 678 895 672 843
4 672 816 841 902
4 672 841 843 902
4 672 843 895 902
4 672 895 816 902
4 882 849 884 852
4 873 884 903 904
4 844 903 849 851
4 846 852 904 851
4 884 852 849 851
4 884 904 852 851
4 884 903 904 851
4 884 849 903 851
4 893 898 896 905
4 678 679 898 845
4 846 905 847 845
4 679 847 896 905
4 679 845 847 905
4 679 898 845 905
4 679 896 898 905
4 873 900 901 906
4 819 892 900 895
4 893 901 892 898
4 678 895 906 898
4 906 900 901 892
4 906 901 898 892
4 906 898 895 892
4 906 895 900 892
4 873 901 904 906
4 893 905 901 898
4 846 904 905 845
4 678 898 906 845
4 906 901 904 905
4 906 904 845 905
4 906 845 898 905
4 906 898 901 905
4 873 904 903 906
4 846 851 904 845
4 844 903 851 843
4 678 845 906 843
4 906 904 903 851
4 906 903 843 851
4 906 843 845 851
4 906 845 904 851
4 873 903 900 906
4 844 902 903 843
4 819 900 902 895
4 678 843 906 895
4 906 903 900 902
4 906 900 895 902
4 906 895 843 902
4 906 843 903 902
4 820 867 868 890
4 873 868 872 901
4 871 872 867 907
4 893 890 901 907
4 890 867 868 872
4 890 907 867 872
4 890 901 907 872
4 890 868 901 872
4 882 884 885 852
4 873 888 884 904
4 881 885 888 908
4 846 904 852 908
4 885 852 884 904
4 885 908 852 904
4 885 888 908 904
4 885 884 888 904
4 874 877 876 837
4 871 876 880 909
4 881 880 877 910
4 836 837 909 910
4 877 876 837 909
4 877 837 910 909
4 877 910 880 909
4 877 880 876 909
4 893 905 896 911
4 846 847 905 912
4 836 911 913 912
4 896 847 913 912
4 896 913 911 912
4 896 911 905 912
4 896 905 847 912
4 893 907 901 914
4 873 901 872 888
4 871 872 907 880
4 881 914 888 880
4 914 907 901 872
4 914 880 907 872
4 914 888 880 872
4 914 901 888 872
4 893 911 907 914
4 871 907 909 880
4 836 909 911 910
4 881 914 880 910
4 911 907 914 880
4 911 914 910 880
4 911 910 909 880
4 911 909 907 880
4 893 905 911 914
4 836 911 912 910
4 846 912 905 908
4 881 914 910 908
4 914 905 911 912
4 914 908 905 912
4 914 910 908 912
4 914 911 910 912
4 893 901 905 914
4 846 905 904 908
4 873 904 901 888
4 881 914 908 888
4 905 914 901 888
4 905 908 914 888
4 905 904 908 888
4 905 901 904 888
4 820 822 867 890
4 871 867 915 907
4 815 915 822 891
4 893 890 907 891
4 867 890 822 891
4 867 907 890 891
4 867 915 907 891
4 867 822 915 891
4 874 876 833 837
4 871 916 876 909
4 831 833 916 835
4 836 909 837 835
4 876 833 837 835
4 876 837 909 835
4 876 909 916 835
4 876 916 833 835
4 27 828 812 661
4 815 812 917 894
4 831 917 828 830
4 664 661 894 830
4 661 828 812 917
4 661 830 828 917
4 661 894 830 917
4 661 812 894 917
4 893 911 896 897
4 836 913 911 832
4 664 897 665 832
4 665 896 913 911
4 665 913 832 911
4 665 832 897 911
4 665 897 896 911
4 871 907 915 918
4 815 915 891 894
4 893 891 907 897
4 664 918 894 897
4 918 907 915 891
4 918 897 907 891
4 918 894 897 891
4 918 915 894 891
4 871 909 907 918
4 893 907 911 897
4 836 911 909 832
4 664 918 897 832
4 918 909 907 911
4 918 832 909 911
4 918 897 832 911
4 918 907 897 911
4 871 916 909 918
4 836 909 835 832
4 831 835 916 830
4 664 918 832 830
4 918 916 909 835
4 918 830 916 835
4 918 832 830 835
4 918 909 832 835
4 871 915 916 918
4 831 916 917 830
4 815 917 915 894
4 664 918 830 894
4 918 915 916 917
4 918 894 915 917
4 918 830 894 917
4 918 916 830 917
4 0 706 639 808
4 642 639 919 810
4 709 919 706 920
4 811 808 810 920
4 639 808 706 920
4 639 810 808 920
4 639 919 810 920
4 639 706 919 920
4 651 652 921 816
4 642 922 652 817
4 923 921 922 924
4 819 817 816 924
4 652 921 816 924
4 652 816 817 924
4 652 817 922 924
4 652 922 921 924
4 718 925 719 926
4 709 719 927 928
4 923 927 925 929
4 930 926 928 929
4 926 925 719 927
4 926 929 925 927
4 926 928 929 927
4 926 719 928 927
4 820 821 823 931
4 811 825 821 932
4 819 823 825 933
4 930 932 931 933
4 931 821 823 825
4 931 823 933 825
4 931 933 932 825
4 931 932 821 825
4 642 810 919 934
4 709 919 920 928
4 811 920 810 932
4 930 934 928 932
4 934 810 919 920
4 934 932 810 920
4 934 928 932 920
4 934 919 928 920
4 642 817 810 934
4 811 810 825 932
4 819 825 817 933
4 930 934 932 933
4 934 817 810 825
4 934 933 817 825
4 934 932 933 825
4 934 810 932 825
4 642 922 817 934
4 819 817 924 933
4 923 924 922 929
4 930 934 933 929
4 934 922 817 924
4 934 929 922 924
4 934 933 929 924
4 934 817 933 924
4 642 919 922 934
4 923 922 927 929
4 709 927 919 928
4 930 934 929 928
4 934 919 922 927
4 934 928 919 927
4 934 929 928 927
4 934 922 929 927
4 651 935 670 841
4 673 670 936 842
4 937 936 935 938
4 844 841 842 938
4 670 841 935 938
4 670 842 841 938
4 670 936 842 938
4 670 935 936 938
4 939 940 941 942
4 943 944 940 945
4 937 941 944 946
4 947 945 942 946
4 942 940 941 944
4 942 941 946 944
4 942 946 945 944
4 942 945 940 944
4 844 850 849 948
4 947 949 950 948
4 949 948 849 850
4 949 950 948 850
4 673 951 854 952
4 943 953 951 945
4 947 945 952 950
4 952 951 854 953
4 952 854 950 953
4 952 950 945 953
4 952 945 951 953
4 673 854 842 952
4 844 842 850 948
4 947 950 952 948
4 952 854 842 850
4 952 842 948 850
4 952 948 950 850
4 952 950 854 850
4 673 842 936 952
4 844 938 842 948
4 937 936 938 946
4 947 948 952 946
4 952 842 936 938
4 952 936 946 938
4 952 946 948 938
4 952 948 842 938
4 673 936 951 952
4 937 944 936 946
4 943 951 944 945
4 947 946 952 945
4 952 936 951 944
4 952 951 945 944
4 952 945 946 944
4 952 946 936 944
4 954 955 748 956
4 747 748 957 958
4 959 957 955 960
4 961 956 958 960
4 956 955 748 957
4 956 960 955 957
4 956 958 960 957
4 956 748 958 957
4 718 754 962 963
4 747 964 754 965
4 966 962 964 967
4 968 965 963 967
4 962 963 754 965
4 962 967 963 965
4 962 964 967 965
4 962 754 964 965
4 939 970 969 971
4 959 969 972 973
4 966 972 970 974
4 975 971 973 974
4 970 969 971 973
4 970 971 974 973
4 970 974 972 973
4 970 972 969 973
4 976 977 978 979
4 961 980 977 981
4 968 978 980 982
4 975 981 979 982
4 977 978 979 982
4 977 979 981 982
4 977 981 980 982
4 977 980 978 982
4 961 960 958 983
4 747 958 957 964
4 959 957 960 972
4 966 983 964 972
4 983 960 958 957
4 983 972 960 957
4 983 964 972 957
4 983 958 964 957
4 961 981 960 983
4 959 960 973 972
4 975 973 981 974
4 966 983 972 974
4 983 981 960 973
4 983 974 981 973
4 983 972 974 973
4 983 960 972 973
4 961 980 981 983
4 975 981 982 974
4 968 982 980 967
4 966 983 974 967
4 983 980 981 982
4 983 967 980 982
4 983 974 967 982
4 983 981 974 982
4 961 958 980 983
4 968 980 965 967
4 747 965 958 964
4 966 983 967 964
4 983 958 980 965
4 983 964 958 965
4 983 967 964 965
4 983 980 967 965
4 856 857 859 984
4 860 862 857 985
4 865 859 862 986
4 987 985 984 986
4 984 857 859 862
4 984 859 986 862
4 984 986 985 862
4 984 985 857 862
4 820 868 866 988
4 860 866 870 989
4 873 870 868 990
4 991 988 989 990
4 868 866 988 989
4 868 988 990 989
4 868 990 870 989
4 868 870 866 989
4 882 883 884 992
4 865 886 883 993
4 873 884 886 994
4 995 993 992 994
4 884 992 883 993
4 884 994 992 993
4 884 886 994 993
4 884 883 886 993
4 976 997 996 998
4 987 996 999 1000
4 991 999 997 1001
4 995 998 1000 1001
4 996 998 997 1001
4 996 1000 998 1001
4 996 999 1000 1001
4 996 997 999 1001
4 987 985 986 1002
4 860 862 985 870
4 865 986 862 886
4 873 870 1002 886
4 1002 985 986 862
4 1002 986 886 862
4 1002 886 870 862
4 1002 870 985 862
4 987 986 1000 1002
4 865 993 986 886
4 995 1000 993 994
4 873 886 1002 994
4 1002 986 1000 993
4 1002 1000 994 993
4 1002 994 886 993
4 1002 886 986 993
4 987 1000 999 1002
4 995 1001 1000 994
4 991 999 1001 990
4 873 994 1002 990
4 1002 1000 999 1001
4 1002 999 990 1001
4 1002 990 994 1001
4 1002 994 1000 1001
4 987 999 985 1002
4 991 989 999 990
4 860 985 989 870
4 873 990 1002 870
4 1002 999 985 989
4 1002 985 870 989
4 1002 870 990 989
4 1002 990 999 989
4 651 816 921 1003
4 923 921 924 1004
4 819 924 816 1005
4 1006 1003 1004 1005
4 1003 816 921 924
4 1003 1005 816 924
4 1003 1004 1005 924
4 1003 921 1004 924
4 718 925 926 963
4 923 929 925 1007
4 930 926 929 1008
4 968 1007 963 1008
4 926 963 925 1007
4 926 1008 963 1007
4 926 929 1008 1007
4 926 925 929 1007
4 820 931 823 988
4 819 823 933 1009
4 930 933 931 1010
4 991 988 1009 1010
4 931 823 988 1009
4 931 988 1010 1009
4 931 1010 933 1009
4 931 933 823 1009
4 976 1011 978 997
4 1006 1012 1011 1013
4 968 978 1012 1014
4 991 1013 997 1014
4 1011 978 997 1014
4 1011 997 1013 1014
4 1011 1013 1012 1014
4 1011 1012 978 1014
4 1006 1005 1004 1015
4 923 1004 924 929
4 819 924 1005 933
4 930 1015 929 933
4 1015 1005 1004 924
4 1015 933 1005 924
4 1015 929 933 924
4 1015 1004 929 924
4 1006 1013 1005 1015
4 819 1005 1009 933
4 991 1009 1013 1010
4 930 1015 933 1010
4 1015 1013 1005 1009
4 1015 1010 1013 1009
4 1015 933 1010 1009
4 1015 1005 933 1009
4 1006 1012 1013 1015
4 991 1013 1014 1010
4 968 1014 1012 1008
4 930 1015 1010 1008
4 1015 1012 1013 1014
4 1015 1008 1012 1014
4 1015 1010 1008 1014
4 1015 1013 1010 1014
4 1006 1004 1012 1015
4 968 1012 1007 1008
4 923 1007 1004 929
4 930 1015 1008 929
4 1015 1004 1012 1007
4 1015 929 1004 1007
4 1015 1008 929 1007
4 1015 1012 1008 1007
4 651 841 816 1003
4 819 816 902 1005
4 844 902 841 1016
4 1006 1003 1005 1016
4 1003 841 816 902
4 1003 1016 841 902
4 1003 1005 1016 902
4 1003 816 1005 902
4 820 823 868 988
4 819 900 823 1009
4 873 868 900 990
4 991 1009 988 990
4 868 988 823 1009
4 868 990 988 1009
4 868 900 990 1009
4 868 823 900 1009
4 882 884 849 992
4 844 849 903 1017
4 873 903 884 994
4 995 992 1017 994
4 884 849 992 1017
4 884 992 994 1017
4 884 994 903 1017
4 884 903 849 1017
4 976 1011 997 998
4 1006 1013 1011 1018
4 991 997 1013 1001
4 995 1018 998 1001
4 1011 997 998 1001
4 1011 998 1018 1001
4 1011 1018 1013 1001
4 1011 1013 997 1001
4 1006 1016 1005 1019
4 819 1005 902 900
4 844 902 1016 903
4 873 1019 900 903
4 1019 1016 1005 902
4 1019 903 1016 902
4 1019 900 903 902
4 1019 1005 900 902
4 1006 1018 1016 1019
4 844 1016 1017 903
4 995 1017 1018 994
4 873 1019 903 994
4 1019 1018 1016 1017
4 1019 994 1018 1017
4 1019 903 994 1017
4 1019 1016 903 1017
4 1006 1013 1018 1019
4 995 1018 1001 994
4 991 1001 1013 990
4 873 1019 994 990
4 1019 1013 1018 1001
4 1019 990 1013 1001
4 1019 994 990 1001
4 1019 1018 994 1001
4 1006 1005 1013 1019
4 991 1013 1009 990
4 819 1009 1005 900
4 873 1019 990 900
4 1019 1005 1013 1009
4 1019 900 1005 1009
4 1019 990 900 1009
4 1019 1013 990 1009
4 651 935 841 1003
4 844 841 938 1016
4 937 938 935 1020
4 1006 1003 1016 1020
4 1003 935 841 938
4 1003 1020 935 938
4 1003 1016 1020 938
4 1003 841 1016 938
4 882 849 949 992
4 844 948 849 1017
4 947 949 948 1021
4 995 1017 992 1021
4 949 992 849 1017
4 949 1021 992 1017
4 949 948 1021 1017
4 949 849 948 1017
4 939 942 941 971
4 937 941 946 1022
4 947 946 942 1023
4 975 971 1022 1023
4 942 941 971 1022
4 942 971 1023 1022
4 942 1023 946 1022
4 942 946 941 1022
4 976 1011 998 979
4 1006 1018 1011 1024
4 995 998 1018 1025
4 975 1024 979 1025
4 1011 998 979 1025
4 1011 979 1024 1025
4 1011 1024 1018 1025
4 1011 1018 998 1025
4 1006 1020 1016 1026
4 844 1016 938 948
4 937 938 1020 946
4 947 1026 948 946
4 1026 1020 1016 938
4 1026 946 1020 938
4 1026 948 946 938
4 1026 1016 948 938
4 1006 1024 1020 1026
4 937 1020 1022 946
4 975 1022 1024 1023
4 947 1026 946 1023
4 1026 1024 1020 1022
4 1026 1023 1024 1022
4 1026 946 1023 1022
4 1026 1020 946 1022
4 1006 1018 1024 1026
4 975 1024 1025 1023
4 995 1025 1018 1021
4 947 1026 1023 1021
4 1026 1018 1024 1025
4 1026 1021 1018 1025
4 1026 1023 1021 1025
4 1026 1024 1023 1025
4 1006 1016 1018 1026
4 995 1018 1017 1021
4 844 1017 1016 948
4 947 1026 1021 948
4 1026 1016 1018 1017
4 1026 948 1016 1017
4 1026 1021 948 1017
4 1026 1018 1021 1017
4 651 921 935 1003
4 937 935 1027 1020
4 923 1027 921 1004
4 1006 1003 1020 1004
4 1003 921 935 1027
4 1003 1004 921 1027
4 1003 1020 1004 1027
4 1003 935 1020 1027
4 939 941 970 971
4 937 1028 941 1022
4 966 970 1028 974
4 975 1022 971 974
4 970 971 941 1022
4 970 974 971 1022
4 970 1028 974 1022
4 970 941 1028 1022
4 718 962 925 963
4 923 925 1029 1007
4 966 1029 962 967
4 968 963 1007 967
4 962 925 963 1007
4 962 963 967 1007
4 962 967 1029 1007
4 962 1029 925 1007
4 976 1011 979 978
4 1006 1024 1011 1012
4 975 979 1024 982
4 968 1012 978 982
4 1011 979 978 982
4 1011 978 1012 982
4 1011 1012 1024 982
4 1011 1024 979 982
4 1006 1004 1020 1030
4 937 1020 1027 1028
4 923 1027 1004 1029
4 966 1030 1028 1029
4 1030 1004 1020 1027
4 1030 1029 1004 1027
4 1030 1028 1029 1027
4 1030 1020 1028 1027
4 1006 1012 1004 1030
4 923 1004 1007 1029
4 968 1007 1012 967
4 966 1030 1029 967
4 1030 1012 1004 1007
4 1030 967 1012 1007
4 1030 1029 967 1007
4 1030 1004 1029 1007
4 1006 1024 1012 1030
4 968 1012 982 967
4 975 982 1024 974
4 966 1030 967 974
4 1030 1024 1012 982
4 1030 974 1024 982
4 1030 967 974 982
4 1030 1012 967 982
4 1006 1020 1024 1030
4 975 1024 1022 974
4 937 1022 1020 1028
4 966 1030 974 1028
4 1030 1020 1024 1022
4 1030 1028 1020 1022
4 1030 974 1028 1022
4 1030 1024 974 1022
4 939 940 942 1031
4 943 945 940 1032
4 947 942 945 1033
4 1034 1032 1031 1033
4 942 1031 940 1032
4 942 1033 1031 1032
4 942 945 1033 1032
4 942 940 945 1032
4 947 950 949 1035
4 947 1036 945 950
4 1036 945 950 953
4 947 1036 950 1035
4 947 1036 1035 1033
4 1036 1035 1033 1037
4 947 1036 1033 945
4 1036 1033 945 1032
4 959 960 955 1038
4 961 956 960 1039
4 956 960 1039 1038
4 956 955 960 1038
4 939 971 969 1040
4 959 969 973 1041
4 975 973 971 1042
4 1043 1040 1041 1042
4 1040 971 969 973
4 1040 1042 971 973
4 1040 1041 1042 973
4 1040 969 1041 973
4 976 977 979 1044
4 961 981 977 1045
4 975 979 981 1046
4 977 979 1044 1046
4 977 1044 1045 1046
4 977 1045 981 1046
4 977 981 979 1046
4 961 1039 960 1047
4 959 960 1038 1041
4 1043 1047 1041 1048
4 1047 1039 960 1038
4 1047 1048 1039 1038
4 1047 1041 1048 1038
4 1047 960 1041 1038
4 961 1045 1039 1047
4 1043 1047 1048 1049
4 961 981 1045 1047
4 975 1046 981 1042
4 1043 1047 1049 1042
4 1047 981 1045 1046
4 1047 1042 981 1046
4 1047 1049 1042 1046
4 1047 1045 1049 1046
4 961 960 981 1047
4 975 981 973 1042
4 959 973 960 1041
4 1043 1047 1042 1041
4 1047 960 981 973
4 1047 1041 960 973
4 1047 1042 1041 973
4 1047 981 1042 973
4 865 859 986 1050
4 987 986 984 1051
4 984 1051 986 1050
4 984 986 859 1050
4 882 883 992 1052
4 865 993 883 1053
4 995 992 993 1054
4 1052 883 992 993
4 1052 992 1054 993
4 1052 1054 1053 993
4 1052 1053 883 993
4 976 998 996 1055
4 987 996 1000 1056
4 995 1000 998 1057
4 996 1055 998 1057
4 996 1056 1055 1057
4 996 1000 1056 1057
4 996 998 1000 1057
4 987 986 1051 1058
4 865 1050 986 1053
4 1058 986 1051 1050
4 1058 1053 986 1050
4 987 1051 1056 1058
4 987 1056 1000 1058
4 995 1000 1057 1054
4 1058 1056 1000 1057
4 1058 1000 1054 1057
4 1058 1054 1059 1057
4 1058 1059 1056 1057
4 987 1000 986 1058
4 995 993 1000 1054
4 865 986 993 1053
4 1058 1000 986 993
4 1058 986 1053 993
4 1058 1053 1054 993
4 1058 1054 1000 993
4 939 1031 942 971
4 1034 1033 1031 1060
4 947 942 1033 1023
4 975 1060 971 1023
4 942 971 1031 1060
4 942 1023 971 1060
4 942 1033 1023 1060
4 942 1031 1033 1060
4 882 949 1061 992
4 947 1035 949 1021
4 995 992 1062 1021
4 949 1061 992 1062
4 949 992 1021 1062
4 949 1021 1035 1062
4 949 1035 1061 1062
4 976 1063 979 998
4 1064 1065 1063 1066
4 975 979 1065 1025
4 995 1066 998 1025
4 1063 979 998 1025
4 1063 998 1066 1025
4 1063 1066 1065 1025
4 1063 1065 979 1025
4 1064 1068 1067 1069
4 1034 1067 1037 1033
4 947 1069 1033 1035
4 1069 1068 1067 1037
4 1069 1035 1068 1037
4 1069 1033 1035 1037
4 1069 1067 1033 1037
4 1064 1066 1068 1069
4 995 1062 1066 1021
4 947 1069 1035 1021
4 1069 1066 1068 1062
4 1069 1021 1066 1062
4 1069 1035 1021 1062
4 1069 1068 1035 1062
4 1064 1065 1066 1069
4 995 1066 1025 1021
4 975 1025 1065 1023
4 947 1069 1021 1023
4 1069 1065 1066 1025
4 1069 1023 1065 1025
4 1069 1021 1023 1025
4 1069 1066 1021 1025
4 1064 1067 1065 1069
4 975 1065 1060 1023
4 1034 1060 1067 1033
4 947 1069 1023 1033
4 1069 1067 1065 1060
4 1069 1033 1067 1060
4 1069 1023 1033 1060
4 1069 1065 1023 1060
4 882 1061 1052 992
4 995 1062 992 1054
4 1052 992 1061 1062
4 1052 1054 992 1062
4 976 1063 998 1055
4 1064 1066 1063 1070
4 995 998 1066 1057
4 1063 998 1055 1057
4 1063 1055 1070 1057
4 1063 1070 1066 1057
4 1063 1066 998 1057
4 1064 1066 1070 1071
4 995 1057 1066 1054
4 1071 1066 1070 1057
4 1071 1054 1066 1057
4 1071 1059 1054 1057
4 1071 1070 1059 1057
4 1064 1068 1066 1071
4 995 1066 1062 1054
4 1071 1068 1066 1062
4 1071 1066 1054 1062
4 976 1063 1055 1044
4 1064 1070 1063 1072
4 1063 1055 1044 1073
4 1063 1044 1072 1073
4 1063 1072 1070 1073
4 1063 1070 1055 1073
4 939 1040 1031 971
4 1034 1031 1074 1060
4 1043 1074 1040 1042
4 975 971 1060 1042
4 1040 1031 971 1060
4 1040 971 1042 1060
4 1040 1042 1074 1060
4 1040 1074 1031 1060
4 976 1063 1044 979
4 1064 1072 1063 1065
4 975 1065 979 1046
4 1063 1044 979 1046
4 1063 979 1065 1046
4 1063 1065 1072 1046
4 1063 1072 1044 1046
4 1064 1065 1067 1075
4 1034 1067 1060 1074
4 975 1060 1065 1042
4 1043 1075 1074 1042
4 1075 1065 1067 1060
4 1075 1042 1065 1060
4 1075 1074 1042 1060
4 1075 1067 1074 1060
4 1064 1072 1065 1075
4 975 1065 1046 1042
4 1043 1075 1042 1049
4 1075 1072 1065 1046
4 1075 1049 1072 1046
4 1075 1042 1049 1046
4 1075 1065 1042 1046
4 939 1076 940 1031
4 943 940 1077 1032
4 1034 1031 1032 1078
4 1076 940 1031 1032
4 1076 1031 1078 1032
4 1076 1078 1077 1032
4 1076 1077 940 1032
4 959 955 1079 1038
4 1080 1079 955 1038
4 939 969 1081 1040
4 959 1082 969 1041
4 1083 1081 1082 1084
4 1043 1041 1040 1084
4 1040 969 1081 1082
4 1040 1081 1084 1082
4 1040 1084 1041 1082
4 1040 1041 969 1082
4 959 1038 1079 1041
4 1043 1041 1085 1048
4 1085 1048 1041 1038
4 1085 1041 1079 1038
4 1083 1082 1086 1084
4 959 1079 1082 1041
4 1043 1084 1085 1041
4 1085 1086 1079 1082
4 1085 1079 1041 1082
4 1085 1041 1084 1082
4 1085 1084 1086 1082
4 939 1076 1031 1081
4 1034 1031 1078 1087
4 1083 1081 1087 1088
4 1076 1031 1081 1087
4 1076 1081 1088 1087
4 1076 1088 1078 1087
4 1076 1078 1031 1087
4 939 1031 1040 1081
4 1034 1074 1031 1087
4 1043 1040 1074 1084
4 1083 1087 1081 1084
4 1040 1081 1031 1087
4 1040 1084 1081 1087
4 1040 1074 1084 1087
4 1040 1031 1074 1087
4 0 111 706 808
4 709 706 708 920
4 117 708 111 1089
4 811 808 920 1089
4 808 111 706 708
4 808 1089 111 708
4 808 920 1089 708
4 808 706 920 708
4 718 719 721 926
4 709 723 719 928
4 717 721 723 1090
4 930 928 926 1090
4 721 926 719 928
4 721 1090 926 928
4 721 723 1090 928
4 721 719 723 928
4 135 714 136 1091
4 117 136 715 1092
4 717 715 714 1093
4 1094 1091 1092 1093
4 714 136 1091 1092
4 714 1091 1093 1092
4 714 1093 715 1092
4 714 715 136 1092
4 820 821 931 1095
4 811 932 821 1096
4 930 931 932 1097
4 1094 1096 1095 1097
4 821 931 1095 1097
4 821 1095 1096 1097
4 821 1096 932 1097
4 821 932 931 1097
4 811 1089 920 1098
4 709 920 708 723
4 117 708 1089 715
4 717 1098 723 715
4 1098 1089 920 708
4 1098 715 1089 708
4 1098 723 715 708
4 1098 920 723 708
4 811 1096 1089 1098
4 117 1089 1092 715
4 1094 1092 1096 1093
4 717 1098 715 1093
4 1089 1098 1096 1093
4 1089 715 1098 1093
4 1089 1092 715 1093
4 1089 1096 1092 1093
4 811 932 1096 1098
4 1094 1096 1097 1093
4 930 1097 932 1090
4 717 1098 1093 1090
4 1098 932 1096 1097
4 1098 1090 932 1097
4 1098 1093 1090 1097
4 1098 1096 1093 1097
4 811 920 932 1098
4 930 932 928 1090
4 709 928 920 723
4 717 1098 1090 723
4 920 932 1098 1090
4 920 1098 723 1090
4 920 723 928 1090
4 920 928 932 1090
4 954 748 752 956
4 747 750 748 958
4 751 752 750 1099
4 961 958 956 1099
4 752 956 748 958
4 752 1099 956 958
4 752 750 1099 958
4 752 748 750 958
4 718 756 754 963
4 747 754 758 965
4 761 758 756 1100
4 968 963 965 1100
4 963 756 754 758
4 963 1100 756 758
4 963 965 1100 758
4 963 754 965 758
4 738 762 763 1101
4 751 765 762 1102
4 761 763 765 1103
4 1104 1102 1101 1103
4 762 763 1101 1103
4 762 1101 1102 1103
4 762 1102 765 1103
4 762 765 763 1103
4 976 978 977 1105
4 961 977 980 1106
4 968 980 978 1107
4 1104 1105 1106 1107
4 978 977 1105 1106
4 978 1105 1107 1106
4 978 1107 980 1106
4 978 980 977 1106
4 751 1099 750 1108
4 747 750 958 965
4 961 958 1099 980
4 968 1108 965 980
4 1099 750 1108 965
4 1099 1108 980 965
4 1099 980 958 965
4 1099 958 750 965
4 751 1102 1099 1108
4 961 1099 1106 980
4 1104 1106 1102 1107
4 968 1108 980 1107
4 1108 1102 1099 1106
4 1108 1107 1102 1106
4 1108 980 1107 1106
4 1108 1099 980 1106
4 751 765 1102 1108
4 1104 1102 1103 1107
4 761 1103 765 1100
4 968 1108 1107 1100
4 1102 1108 765 1100
4 1102 1107 1108 1100
4 1102 1103 1107 1100
4 1102 765 1103 1100
4 751 750 765 1108
4 761 765 758 1100
4 747 758 750 965
4 968 1108 1100 965
4 1108 750 765 758
4 1108 965 750 758
4 1108 1100 965 758
4 1108 765 1100 758
4 270 730 161 1109
4 160 161 728 1110
4 729 728 730 1111
4 1112 1109 1110 1111
4 730 161 1109 1110
4 730 1109 1111 1110
4 730 1111 728 1110
4 730 728 161 1110
4 135 167 732 1113
4 160 733 167 1114
4 735 732 733 1115
4 1116 1114 1113 1115
4 1113 167 732 733
4 1113 732 1115 733
4 1113 1115 1114 733
4 1113 1114 167 733
4 738 740 739 1117
4 729 739 742 1118
4 735 742 740 1119
4 1120 1117 1118 1119
4 739 1117 740 1119
4 739 1118 1117 1119
4 739 742 1118 1119
4 739 740 742 1119
4 1121 1122 1123 1124
4 1112 1125 1122 1126
4 1116 1123 1125 1127
4 1120 1126 1124 1127
4 1123 1124 1122 1126
4 1123 1127 1124 1126
4 1123 1125 1127 1126
4 1123 1122 1125 1126
4 729 728 1111 1128
4 160 1110 728 1114
4 1112 1111 1110 1125
4 1116 1114 1128 1125
4 1111 1128 728 1114
4 1111 1125 1128 1114
4 1111 1110 1125 1114
4 1111 728 1110 1114
4 729 1111 1118 1128
4 1112 1126 1111 1125
4 1120 1118 1126 1127
4 1116 1125 1128 1127
4 1128 1111 1118 1126
4 1128 1118 1127 1126
4 1128 1127 1125 1126
4 1128 1125 1111 1126
4 729 1118 742 1128
4 1120 1119 1118 1127
4 735 742 1119 1115
4 1116 1127 1128 1115
4 1118 742 1128 1115
4 1118 1128 1127 1115
4 1118 1127 1119 1115
4 1118 1119 742 1115
4 729 742 728 1128
4 735 733 742 1115
4 160 728 733 1114
4 1116 1115 1128 1114
4 1128 742 728 733
4 1128 728 1114 733
4 1128 1114 1115 733
4 1128 1115 742 733
4 856 857 984 1129
4 860 985 857 1130
4 987 984 985 1131
4 1132 1130 1129 1131
4 857 984 1129 1131
4 857 1129 1130 1131
4 857 1130 985 1131
4 857 985 984 1131
4 820 988 866 1133
4 860 866 989 1134
4 991 989 988 1135
4 1136 1133 1134 1135
4 866 1133 988 1135
4 866 1134 1133 1135
4 866 989 1134 1135
4 866 988 989 1135
4 976 996 997 1137
4 987 999 996 1138
4 991 997 999 1139
4 1140 1138 1137 1139
4 1137 996 997 999
4 1137 997 1139 999
4 1137 1139 1138 999
4 1137 1138 996 999
4 1121 1142 1141 1143
4 1132 1141 1144 1145
4 1136 1144 1142 1146
4 1140 1143 1145 1146
4 1143 1142 1141 1144
4 1143 1146 1142 1144
4 1143 1145 1146 1144
4 1143 1141 1145 1144
4 860 985 1130 1147
4 987 1131 985 1138
4 1132 1130 1131 1145
4 1140 1138 1147 1145
4 1147 985 1130 1131
4 1147 1130 1145 1131
4 1147 1145 1138 1131
4 1147 1138 985 1131
4 860 1130 1134 1147
4 1132 1144 1130 1145
4 1136 1134 1144 1146
4 1140 1145 1147 1146
4 1134 1147 1130 1145
4 1134 1146 1147 1145
4 1134 1144 1146 1145
4 1134 1130 1144 1145
4 860 1134 989 1147
4 1136 1135 1134 1146
4 991 989 1135 1139
4 1140 1146 1147 1139
4 1147 1134 989 1135
4 1147 989 1139 1135
4 1147 1139 1146 1135
4 1147 1146 1134 1135
4 860 989 985 1147
4 991 999 989 1139
4 987 985 999 1138
4 1140 1139 1147 1138
4 989 985 1147 1138
4 989 1147 1139 1138
4 989 1139 999 1138
4 989 999 985 1138
4 820 1095 931 1148
4 930 931 1097 1149
4 1094 1097 1095 1150
4 1151 1148 1149 1150
4 1148 1095 931 1097
4 1148 1150 1095 1097
4 1148 1149 1150 1097
4 1148 931 1149 1097
4 718 926 721 756
4 930 1090 926 1152
4 717 721 1090 779
4 761 1152 756 779
4 721 756 926 1152
4 721 779 756 1152
4 721 1090 779 1152
4 721 926 1090 1152
4 135 714 1091 732
4 1094 1091 1093 1153
4 717 1093 714 777
4 735 732 1153 777
4 714 1091 732 1153
4 714 732 777 1153
4 714 777 1093 1153
4 714 1093 1091 1153
4 738 1154 763 740
4 1151 1155 1154 1156
4 761 763 1155 783
4 735 1156 740 783
4 1154 763 740 783
4 1154 740 1156 783
4 1154 1156 1155 783
4 1154 1155 763 783
4 1151 1150 1149 1157
4 930 1149 1097 1090
4 1094 1097 1150 1093
4 717 1157 1090 1093
4 1157 1150 1149 1097
4 1157 1093 1150 1097
4 1157 1090 1093 1097
4 1157 1149 1090 1097
4 1151 1156 1150 1157
4 1094 1150 1153 1093
4 735 1153 1156 777
4 717 1157 1093 777
4 1156 1150 1157 1093
4 1156 1157 777 1093
4 1156 777 1153 1093
4 1156 1153 1150 1093
4 1151 1155 1156 1157
4 735 1156 783 777
4 761 783 1155 779
4 717 1157 777 779
4 1157 1155 1156 783
4 1157 779 1155 783
4 1157 777 779 783
4 1157 1156 777 783
4 1151 1149 1155 1157
4 761 1155 1152 779
4 930 1152 1149 1090
4 717 1157 779 1090
4 1155 1157 1149 1090
4 1155 779 1157 1090
4 1155 1152 779 1090
4 1155 1149 1152 1090
4 820 1133 1095 1148
4 1094 1095 1158 1150
4 1136 1158 1133 1159
4 1151 1148 1150 1159
4 1095 1148 1133 1159
4 1095 1150 1148 1159
4 1095 1158 1150 1159
4 1095 1133 1158 1159
4 135 1091 1113 732
4 1094 1160 1091 1153
4 1116 1113 1160 1115
4 735 1153 732 1115
4 1091 1113 732 1115
4 1091 732 1153 1115
4 1091 1153 1160 1115
4 1091 1160 1113 1115
4 1121 1123 1142 1124
4 1136 1142 1161 1162
4 1116 1161 1123 1127
4 1120 1124 1162 1127
4 1124 1123 1142 1161
4 1124 1127 1123 1161
4 1124 1162 1127 1161
4 1124 1142 1162 1161
4 738 1154 740 1117
4 1151 1156 1154 1163
4 735 740 1156 1119
4 1120 1163 1117 1119
4 1117 1154 740 1156
4 1117 740 1119 1156
4 1117 1119 1163 1156
4 1117 1163 1154 1156
4 1094 1150 1158 1164
4 1136 1158 1159 1162
4 1151 1159 1150 1163
4 1120 1164 1162 1163
4 1164 1150 1158 1159
4 1164 1163 1150 1159
4 1164 1162 1163 1159
4 1164 1158 1162 1159
4 1094 1153 1150 1164
4 1151 1150 1156 1163
4 735 1156 1153 1119
4 1120 1164 1163 1119
4 1164 1153 1150 1156
4 1164 1119 1153 1156
4 1164 1163 1119 1156
4 1164 1150 1163 1156
4 1094 1160 1153 1164
4 735 1153 1115 1119
4 1116 1115 1160 1127
4 1120 1164 1119 1127
4 1164 1160 1153 1115
4 1164 1127 1160 1115
4 1164 1119 1127 1115
4 1164 1153 1119 1115
4 1094 1158 1160 1164
4 1116 1160 1161 1127
4 1136 1161 1158 1162
4 1120 1164 1127 1162
4 1164 1158 1160 1161
4 1164 1162 1158 1161
4 1164 1127 1162 1161
4 1164 1160 1127 1161
4 820 988 1133 1148
4 1136 1133 1135 1159
4 991 1135 988 1165
4 1151 1148 1159 1165
4 1148 988 1133 1135
4 1148 1165 988 1135
4 1148 1159 1165 1135
4 1148 1133 1159 1135
4 1121 1142 1143 1124
4 1136 1146 1142 1162
4 1140 1143 1146 1166
4 1120 1162 1124 1166
4 1143 1124 1142 1162
4 1143 1166 1124 1162
4 1143 1146 1166 1162
4 1143 1142 1146 1162
4 976 1137 997 1105
4 991 997 1139 1167
4 1140 1139 1137 1168
4 1104 1105 1167 1168
4 1137 997 1105 1167
4 1137 1105 1168 1167
4 1137 1168 1139 1167
4 1137 1139 997 1167
4 738 1154 1117 1101
4 1151 1163 1154 1169
4 1120 1117 1163 1170
4 1104 1169 1101 1170
4 1154 1117 1101 1170
4 1154 1101 1169 1170
4 1154 1169 1163 1170
4 1154 1163 1117 1170
4 1151 1165 1159 1171
4 1136 1159 1135 1146
4 991 1135 1165 1139
4 1140 1171 1146 1139
4 1171 1165 1159 1135
4 1171 1139 1165 1135
4 1171 1146 1139 1135
4 1171 1159 1146 1135
4 1151 1169 1165 1171
4 991 1165 1167 1139
4 1104 1167 1169 1168
4 1140 1171 1139 1168
4 1165 1171 1169 1168
4 1165 1139 1171 1168
4 1165 1167 1139 1168
4 1165 1169 1167 1168
4 1151 1163 1169 1171
4 1104 1169 1170 1168
4 1120 1170 1163 1166
4 1140 1171 1168 1166
4 1171 1163 1169 1170
4 1171 1166 1163 1170
4 1171 1168 1166 1170
4 1171 1169 1168 1170
4 1151 1159 1163 1171
4 1120 1163 1162 1166
4 1136 1162 1159 1146
4 1140 1171 1166 1146
4 1159 1163 1171 1166
4 1159 1171 1146 1166
4 1159 1146 1162 1166
4 1159 1162 1163 1166
4 820 931 988 1148
4 991 988 1010 1165
4 930 1010 931 1149
4 1151 1148 1165 1149
4 931 988 1148 1165
4 931 1148 1149 1165
4 931 1149 1010 1165
4 931 1010 988 1165
4 976 997 978 1105
4 991 1014 997 1167
4 968 978 1014 1107
4 1104 1167 1105 1107
4 1105 997 978 1014
4 1105 978 1107 1014
4 1105 1107 1167 1014
4 1105 1167 997 1014
4 718 963 926 756
4 930 926 1008 1152
4 968 1008 963 1100
4 761 756 1152 1100
4 926 756 963 1100
4 926 1152 756 1100
4 926 1008 1152 1100
4 926 963 1008 1100
4 738 1154 1101 763
4 1151 1169 1154 1155
4 1104 1101 1169 1103
4 761 1155 763 1103
4 1101 763 1154 1155
4 1101 1103 763 1155
4 1101 1169 1103 1155
4 1101 1154 1169 1155
4 930 1010 1149 1172
4 991 1165 1010 1167
4 1151 1149 1165 1169
4 1104 1167 1172 1169
4 1172 1010 1149 1165
4 1172 1149 1169 1165
4 1172 1169 1167 1165
4 1172 1167 1010 1165
4 930 1149 1152 1172
4 1151 1155 1149 1169
4 761 1152 1155 1103
4 1104 1169 1172 1103
4 1172 1149 1152 1155
4 1172 1152 1103 1155
4 1172 1103 1169 1155
4 1172 1169 1149 1155
4 930 1152 1008 1172
4 761 1100 1152 1103
4 968 1008 1100 1107
4 1104 1103 1172 1107
4 1172 1152 1008 1100
4 1172 1008 1107 1100
4 1172 1107 1103 1100
4 1172 1103 1152 1100
4 930 1008 1010 1172
4 968 1014 1008 1107
4 991 1010 1014 1167
4 1104 1107 1172 1167
4 1172 1008 1010 1014
4 1172 1010 1167 1014
4 1172 1167 1107 1014
4 1172 1107 1008 1014
4 856 1129 984 1173
4 987 984 1131 1174
4 1132 1131 1129 1175
4 1176 1173 1174 1175
4 1173 1129 984 1131
4 1173 1175 1129 1131
4 1173 1174 1175 1131
4 1173 984 1174 1131
4 976 996 1137 1177
4 987 1138 996 1178
4 1140 1137 1138 1179
4 1180 1178 1177 1179
4 1137 1177 996 1178
4 1137 1179 1177 1178
4 1137 1138 1179 1178
4 1137 996 1138 1178
4 1121 1143 1141 1181
4 1132 1141 1145 1182
4 1140 1145 1143 1183
4 1184 1181 1182 1183
4 1143 1141 1181 1182
4 1143 1181 1183 1182
4 1143 1183 1145 1182
4 1143 1145 1141 1182
4 1176 1175 1174 1185
4 987 1174 1131 1138
4 1132 1131 1175 1145
4 1140 1185 1138 1145
4 1185 1175 1174 1131
4 1185 1145 1175 1131
4 1185 1138 1145 1131
4 1185 1174 1138 1131
4 1176 1186 1175 1185
4 1132 1175 1182 1145
4 1184 1182 1186 1183
4 1140 1185 1145 1183
4 1186 1175 1185 1145
4 1186 1185 1183 1145
4 1186 1183 1182 1145
4 1186 1182 1175 1145
4 1176 1187 1186 1185
4 1184 1186 1188 1183
4 1180 1188 1187 1179
4 1140 1185 1183 1179
4 1185 1187 1186 1188
4 1185 1179 1187 1188
4 1185 1183 1179 1188
4 1185 1186 1183 1188
4 1176 1174 1187 1185
4 1180 1187 1178 1179
4 987 1178 1174 1138
4 1140 1185 1179 1138
4 1187 1185 1174 1138
4 1187 1179 1185 1138
4 1187 1178 1179 1138
4 1187 1174 1178 1138
4 961 1099 956 1189
4 751 752 1099 799
4 752 1099 799 1189
4 752 956 1099 1189
4 976 1105 977 1190
4 961 977 1106 1191
4 1104 1106 1105 1192
4 1193 1190 1191 1192
4 1190 1105 977 1106
4 1190 1192 1105 1106
4 1190 1191 1192 1106
4 1190 977 1191 1106
4 738 762 1101 800
4 751 1102 762 801
4 1104 1101 1102 1194
4 762 1101 800 1194
4 762 800 801 1194
4 762 801 1102 1194
4 762 1102 1101 1194
4 751 799 1099 1195
4 961 1099 1189 1191
4 751 801 799 1195
4 751 1102 801 1195
4 1104 1194 1102 1192
4 1193 1195 1196 1192
4 1102 801 1195 1196
4 1102 1195 1192 1196
4 1102 1192 1194 1196
4 1102 1194 801 1196
4 751 1099 1102 1195
4 1104 1102 1106 1192
4 961 1106 1099 1191
4 1193 1195 1192 1191
4 1195 1099 1102 1106
4 1195 1191 1099 1106
4 1195 1192 1191 1106
4 1195 1102 1192 1106
4 1112 1109 1111 1197
4 729 1111 730 803
4 730 803 1111 1197
4 730 1111 1109 1197
4 1121 1122 1124 1198
4 1112 1126 1122 1199
4 1120 1124 1126 1200
4 1201 1199 1198 1200
4 1198 1122 1124 1126
4 1198 1124 1200 1126
4 1198 1200 1199 1126
4 1198 1199 1122 1126
4 738 1117 739 804
4 729 739 1118 805
4 1120 1118 1117 1202
4 739 804 1117 1202
4 739 805 804 1202
4 739 1118 805 1202
4 739 1117 1118 1202
4 729 1111 803 1203
4 1112 1197 1111 1199
4 729 803 805 1203
4 729 805 1118 1203
4 1120 1118 1202 1200
4 1201 1204 1203 1200
4 1118 1203 805 1204
4 1118 1200 1203 1204
4 1118 1202 1200 1204
4 1118 805 1202 1204
4 729 1118 1111 1203
4 1120 1126 1118 1200
4 1112 1111 1126 1199
4 1201 1200 1203 1199
4 1203 1118 1111 1126
4 1203 1111 1199 1126
4 1203 1199 1200 1126
4 1203 1200 1118 1126
4 976 1177 1137 1105
4 1180 1179 1177 1205
4 1140 1137 1179 1168
4 1104 1205 1105 1168
4 1137 1105 1177 1205
4 1137 1168 1105 1205
4 1137 1179 1168 1205
4 1137 1177 1179 1205
4 1121 1143 1181 1124
4 1184 1181 1183 1206
4 1140 1183 1143 1166
4 1120 1124 1206 1166
4 1143 1181 1124 1206
4 1143 1124 1166 1206
4 1143 1166 1183 1206
4 1143 1183 1181 1206
4 738 1207 1101 1117
4 1208 1209 1207 1210
4 1104 1101 1209 1170
4 1120 1210 1117 1170
4 1207 1101 1117 1170
4 1207 1117 1210 1170
4 1207 1210 1209 1170
4 1207 1209 1101 1170
4 1208 1212 1211 1213
4 1180 1211 1188 1179
4 1184 1188 1212 1183
4 1140 1213 1179 1183
4 1213 1212 1211 1188
4 1213 1183 1212 1188
4 1213 1179 1183 1188
4 1213 1211 1179 1188
4 1208 1210 1212 1213
4 1184 1212 1206 1183
4 1120 1206 1210 1166
4 1140 1213 1183 1166
4 1212 1213 1210 1166
4 1212 1183 1213 1166
4 1212 1206 1183 1166
4 1212 1210 1206 1166
4 1208 1209 1210 1213
4 1120 1210 1170 1166
4 1104 1170 1209 1168
4 1140 1213 1166 1168
4 1213 1209 1210 1170
4 1213 1168 1209 1170
4 1213 1166 1168 1170
4 1213 1210 1166 1170
4 1208 1211 1209 1213
4 1104 1209 1205 1168
4 1180 1205 1211 1179
4 1140 1213 1168 1179
4 1211 1209 1213 1168
4 1211 1213 1179 1168
4 1211 1179 1205 1168
4 1211 1205 1209 1168
4 1121 1181 1198 1124
4 1184 1214 1181 1206
4 1201 1198 1214 1200
4 1120 1206 1124 1200
4 1124 1181 1198 1214
4 1124 1198 1200 1214
4 1124 1200 1206 1214
4 1124 1206 1181 1214
4 738 1207 1117 804
4 1208 1210 1207 1215
4 1120 1117 1210 1202
4 1117 804 1207 1215
4 1117 1202 804 1215
4 1117 1210 1202 1215
4 1117 1207 1210 1215
4 1120 1206 1216 1210
4 1216 1210 1206 1212
4 1120 1210 1216 1202
4 1216 1202 1210 1215
4 1120 1202 1216 1200
4 1216 1200 1202 1204
4 1120 1200 1216 1206
4 1216 1206 1200 1214
4 738 1207 804 800
4 1208 1215 1207 1217
4 976 1190 1177 1105
4 1180 1177 1218 1205
4 1193 1218 1190 1192
4 1104 1105 1205 1192
4 1105 1190 1177 1218
4 1105 1192 1190 1218
4 1105 1205 1192 1218
4 1105 1177 1205 1218
4 738 1207 800 1101
4 1208 1217 1207 1209
4 1104 1209 1101 1194
4 1101 1207 800 1217
4 1101 800 1194 1217
4 1101 1194 1209 1217
4 1101 1209 1207 1217
4 1104 1219 1205 1209
4 1219 1205 1209 1211
4 1104 1219 1209 1194
4 1219 1209 1194 1217
4 1104 1219 1194 1192
4 1219 1194 1192 1196
4 1104 1219 1192 1205
4 1219 1192 1205 1218
4 1132 1129 1220 1175
4 1121 1141 1221 1181
4 1132 1222 1141 1182
4 1223 1221 1222 1224
4 1184 1182 1181 1224
4 1141 1221 1181 1224
4 1141 1181 1182 1224
4 1141 1182 1222 1224
4 1141 1222 1221 1224
4 1132 1175 1220 1225
4 1132 1182 1175 1225
4 1225 1182 1175 1186
4 1132 1222 1182 1225
4 1225 1222 1182 1224
4 1132 1220 1222 1225
4 1112 1226 1109 1197
4 1121 1227 1122 1198
4 1112 1122 1228 1199
4 1229 1228 1227 1230
4 1201 1198 1199 1230
4 1122 1198 1227 1230
4 1122 1199 1198 1230
4 1122 1228 1199 1230
4 1122 1227 1228 1230
4 1121 1181 1221 1231
4 1231 1181 1221 1224
4 1121 1198 1181 1231
4 1231 1198 1181 1214
4 1121 1227 1198 1231
4 1231 1227 1198 1230
4 1121 1221 1227 1231
4 1231 1221 1227 1232
4 987 1051 984 1174
4 976 1055 996 1177
4 987 996 1056 1178
4 1180 1177 1178 1233
4 996 1177 1055 1233
4 996 1178 1177 1233
4 996 1056 1178 1233
4 996 1055 1056 1233
4 987 1051 1174 1234
4 987 1174 1178 1234
4 1234 1174 1178 1187
4 987 1178 1056 1234
4 1234 1178 1056 1233
4 987 1056 1051 1234
4 961 956 1039 1189
4 976 977 1044 1190
4 961 1045 977 1191
4 1193 1191 1190 1235
4 977 1044 1190 1235
4 977 1190 1191 1235
4 977 1191 1045 1235
4 977 1045 1044 1235
4 976 1055 1177 1236
4 1236 1055 1177 1233
4 976 1177 1190 1236
4 1236 1177 1190 1218
4 976 1190 1044 1236
4 1236 1190 1044 1235
4 976 1044 1055 1236
4 1236 1044 1055 1073
4 0 3 111 808
4 117 111 215 1089
4 9 215 3 809
4 811 808 1089 809
4 3 111 808 1089
4 3 808 809 1089
4 3 809 215 1089
4 3 215 111 1089
4 135 136 225 1091
4 117 227 136 1092
4 223 225 227 1237
4 1094 1092 1091 1237
4 1091 136 225 227
4 1091 225 1237 227
4 1091 1237 1092 227
4 1091 1092 136 227
4 27 220 28 812
4 9 28 221 813
4 223 221 220 1238
4 815 812 813 1238
4 28 812 220 1238
4 28 813 812 1238
4 28 221 813 1238
4 28 220 221 1238
4 820 821 1095 822
4 811 1096 821 824
4 1094 1095 1096 1239
4 815 824 822 1239
4 1095 822 821 824
4 1095 1239 822 824
4 1095 1096 1239 824
4 1095 821 1096 824
4 9 215 809 1240
4 117 1089 215 1092
4 811 809 1089 1096
4 1094 1092 1240 1096
4 1240 215 809 1089
4 1240 809 1096 1089
4 1240 1096 1092 1089
4 1240 1092 215 1089
4 9 809 813 1240
4 811 824 809 1096
4 815 813 824 1239
4 1094 1096 1240 1239
4 1240 809 813 824
4 1240 813 1239 824
4 1240 1239 1096 824
4 1240 1096 809 824
4 9 813 221 1240
4 815 1238 813 1239
4 223 221 1238 1237
4 1094 1239 1240 1237
4 1240 813 221 1238
4 1240 221 1237 1238
4 1240 1237 1239 1238
4 1240 1239 813 1238
4 9 221 215 1240
4 223 227 221 1237
4 117 215 227 1092
4 1094 1237 1240 1092
4 1240 221 215 227
4 1240 215 1092 227
4 1240 1092 1237 227
4 1240 1237 221 227
4 270 161 272 1109
4 160 274 161 1110
4 277 272 274 1241
4 1112 1110 1109 1241
4 1109 161 272 274
4 1109 272 1241 274
4 1109 1241 1110 274
4 1109 1110 161 274
4 135 279 167 1113
4 160 167 281 1114
4 284 281 279 1242
4 1116 1113 1114 1242
4 279 167 1113 1114
4 279 1113 1242 1114
4 279 1242 281 1114
4 279 281 167 1114
4 259 292 293 1243
4 277 295 292 1244
4 284 293 295 1245
4 1246 1244 1243 1245
4 293 1243 292 1244
4 293 1245 1243 1244
4 293 295 1245 1244
4 293 292 295 1244
4 1121 1123 1122 1247
4 1112 1122 1125 1248
4 1116 1125 1123 1249
4 1246 1247 1248 1249
4 1122 1247 1123 1249
4 1122 1248 1247 1249
4 1122 1125 1248 1249
4 1122 1123 1125 1249
4 1112 1110 1241 1250
4 160 274 1110 281
4 277 1241 274 295
4 284 281 1250 295
4 1250 1110 1241 274
4 1250 1241 295 274
4 1250 295 281 274
4 1250 281 1110 274
4 1112 1241 1248 1250
4 277 1244 1241 295
4 1246 1248 1244 1245
4 284 295 1250 1245
4 1250 1241 1248 1244
4 1250 1248 1245 1244
4 1250 1245 295 1244
4 1250 295 1241 1244
4 1112 1248 1125 1250
4 1246 1249 1248 1245
4 1116 1125 1249 1242
4 284 1245 1250 1242
4 1250 1248 1125 1249
4 1250 1125 1242 1249
4 1250 1242 1245 1249
4 1250 1245 1248 1249
4 1112 1125 1110 1250
4 1116 1114 1125 1242
4 160 1110 1114 281
4 284 1242 1250 281
4 1250 1125 1110 1114
4 1250 1110 281 1114
4 1250 281 1242 1114
4 1250 1242 1125 1114
4 27 66 250 828
4 69 251 66 829
4 253 250 251 1251
4 831 829 828 1251
4 66 250 828 1251
4 66 828 829 1251
4 66 829 251 1251
4 66 251 250 1251
4 259 261 260 1252
4 263 260 264 1253
4 253 264 261 1254
4 1255 1252 1253 1254
4 1252 261 260 264
4 1252 1254 261 264
4 1252 1253 1254 264
4 1252 260 1253 264
4 831 833 834 1256
4 1255 1258 1257 1256
4 1257 833 1256 834
4 1257 1256 1258 834
4 69 839 267 1259
4 263 267 1260 1253
4 1255 1259 1253 1258
4 1259 839 267 1260
4 1259 1258 839 1260
4 1259 1253 1258 1260
4 1259 267 1253 1260
4 69 829 839 1259
4 831 834 829 1256
4 1255 1259 1258 1256
4 1259 829 839 834
4 1259 1256 829 834
4 1259 1258 1256 834
4 1259 839 1258 834
4 69 251 829 1259
4 831 829 1251 1256
4 253 1251 251 1254
4 1255 1259 1256 1254
4 1259 251 829 1251
4 1259 1254 251 1251
4 1259 1256 1254 1251
4 1259 829 1256 1251
4 69 267 251 1259
4 253 251 264 1254
4 263 264 267 1253
4 1255 1259 1254 1253
4 1259 267 251 264
4 1259 1253 267 264
4 1259 1254 1253 264
4 1259 251 1254 264
4 856 857 1129 858
4 860 1130 857 861
4 1132 1129 1130 1261
4 863 861 858 1261
4 1129 858 857 861
4 1129 1261 858 861
4 1129 1130 1261 861
4 1129 857 1130 861
4 820 1133 866 867
4 860 866 1134 869
4 1136 1134 1133 1262
4 871 867 869 1262
4 867 1133 866 1134
4 867 1262 1133 1134
4 867 869 1262 1134
4 867 866 869 1134
4 1121 1141 1142 1263
4 1132 1144 1141 1264
4 1136 1142 1144 1265
4 1266 1264 1263 1265
4 1141 1142 1263 1265
4 1141 1263 1264 1265
4 1141 1264 1144 1265
4 1141 1144 1142 1265
4 874 876 875 1267
4 863 875 878 1268
4 871 878 876 1269
4 1266 1267 1268 1269
4 876 875 1267 1268
4 876 1267 1269 1268
4 876 1269 878 1268
4 876 878 875 1268
4 1132 1261 1130 1270
4 860 1130 861 869
4 863 861 1261 878
4 871 1270 869 878
4 1270 1261 1130 861
4 1270 878 1261 861
4 1270 869 878 861
4 1270 1130 869 861
4 1132 1264 1261 1270
4 863 1261 1268 878
4 1266 1268 1264 1269
4 871 1270 878 1269
4 1270 1264 1261 1268
4 1270 1269 1264 1268
4 1270 878 1269 1268
4 1270 1261 878 1268
4 1132 1144 1264 1270
4 1266 1264 1265 1269
4 1136 1265 1144 1262
4 871 1270 1269 1262
4 1270 1144 1264 1265
4 1270 1262 1144 1265
4 1270 1269 1262 1265
4 1270 1264 1269 1265
4 1132 1130 1144 1270
4 1136 1144 1134 1262
4 860 1134 1130 869
4 871 1270 1262 869
4 1270 1130 1144 1134
4 1270 869 1130 1134
4 1270 1262 869 1134
4 1270 1144 1262 1134
4 27 220 812 1271
4 223 1238 220 1272
4 815 812 1238 1273
4 1274 1272 1271 1273
4 1271 220 812 1238
4 1271 812 1273 1238
4 1271 1273 1272 1238
4 1271 1272 220 1238
4 135 1091 225 1113
4 223 225 1237 1275
4 1094 1237 1091 1160
4 1116 1113 1275 1160
4 1091 225 1113 1275
4 1091 1113 1160 1275
4 1091 1160 1237 1275
4 1091 1237 225 1275
4 820 822 1095 1133
4 815 1239 822 1276
4 1094 1095 1239 1158
4 1136 1276 1133 1158
4 1095 1133 822 1276
4 1095 1158 1133 1276
4 1095 1239 1158 1276
4 1095 822 1239 1276
4 1121 1123 1277 1142
4 1274 1277 1278 1279
4 1116 1278 1123 1161
4 1136 1142 1279 1161
4 1277 1142 1123 1161
4 1277 1279 1142 1161
4 1277 1278 1279 1161
4 1277 1123 1278 1161
4 1274 1272 1273 1280
4 223 1238 1272 1237
4 815 1273 1238 1239
4 1094 1237 1280 1239
4 1280 1272 1273 1238
4 1280 1273 1239 1238
4 1280 1239 1237 1238
4 1280 1237 1272 1238
4 1274 1273 1279 1280
4 815 1276 1273 1239
4 1136 1279 1276 1158
4 1094 1239 1280 1158
4 1280 1273 1279 1276
4 1280 1279 1158 1276
4 1280 1158 1239 1276
4 1280 1239 1273 1276
4 1274 1279 1278 1280
4 1136 1161 1279 1158
4 1116 1278 1161 1160
4 1094 1158 1280 1160
4 1280 1279 1278 1161
4 1280 1278 1160 1161
4 1280 1160 1158 1161
4 1280 1158 1279 1161
4 1274 1278 1272 1280
4 1116 1275 1278 1160
4 223 1272 1275 1237
4 1094 1160 1280 1237
4 1280 1278 1272 1275
4 1280 1272 1237 1275
4 1280 1237 1160 1275
4 1280 1160 1278 1275
4 27 812 828 1271
4 815 917 812 1273
4 831 828 917 1281
4 1274 1273 1271 1281
4 1271 812 828 917
4 1271 828 1281 917
4 1271 1281 1273 917
4 1271 1273 812 917
4 820 867 822 1133
4 815 822 915 1276
4 871 915 867 1262
4 1136 1133 1276 1262
4 867 822 1133 1276
4 867 1133 1262 1276
4 867 1262 915 1276
4 867 915 822 1276
4 874 833 876 1267
4 831 916 833 1282
4 871 876 916 1269
4 1266 1282 1267 1269
4 876 1267 833 1282
4 876 1269 1267 1282
4 876 916 1269 1282
4 876 833 916 1282
4 1121 1142 1277 1263
4 1274 1277 1279 1283
4 1136 1279 1142 1265
4 1266 1263 1283 1265
4 1277 1263 1142 1265
4 1277 1283 1263 1265
4 1277 1279 1283 1265
4 1277 1142 1279 1265
4 1274 1273 1281 1284
4 815 917 1273 915
4 831 1281 917 916
4 871 915 1284 916
4 1284 1273 1281 917
4 1284 1281 916 917
4 1284 916 915 917
4 1284 915 1273 917
4 1274 1281 1283 1284
4 831 1282 1281 916
4 1266 1283 1282 1269
4 871 916 1284 1269
4 1284 1281 1283 1282
4 1284 1283 1269 1282
4 1284 1269 916 1282
4 1284 916 1281 1282
4 1274 1283 1279 1284
4 1266 1265 1283 1269
4 1136 1279 1265 1262
4 871 1269 1284 1262
4 1284 1283 1279 1265
4 1284 1279 1262 1265
4 1284 1262 1269 1265
4 1284 1269 1283 1265
4 1274 1279 1273 1284
4 1136 1276 1279 1262
4 815 1273 1276 915
4 871 1262 1284 915
4 1284 1279 1273 1276
4 1284 1273 915 1276
4 1284 915 1262 1276
4 1284 1262 1279 1276
4 27 828 250 1271
4 831 1251 828 1281
4 253 250 1251 1285
4 1274 1281 1271 1285
4 1271 828 250 1251
4 1271 250 1285 1251
4 1271 1285 1281 1251
4 1271 1281 828 1251
4 874 1257 833 1267
4 831 833 1256 1282
4 1255 1256 1257 1286
4 1266 1267 1282 1286
4 1257 833 1267 1282
4 1257 1267 1286 1282
4 1257 1286 1256 1282
4 1257 1256 833 1282
4 259 261 1252 1243
4 253 1254 261 1287
4 1255 1252 1254 1288
4 1246 1287 1243 1288
4 1252 1243 261 1287
4 1252 1288 1243 1287
4 1252 1254 1288 1287
4 1252 261 1254 1287
4 1121 1263 1277 1247
4 1274 1277 1283 1289
4 1266 1283 1263 1290
4 1246 1247 1289 1290
4 1277 1247 1263 1290
4 1277 1289 1247 1290
4 1277 1283 1289 1290
4 1277 1263 1283 1290
4 1274 1281 1285 1291
4 831 1251 1281 1256
4 253 1285 1251 1254
4 1255 1256 1291 1254
4 1291 1281 1285 1251
4 1291 1285 1254 1251
4 1291 1254 1256 1251
4 1291 1256 1281 1251
4 1274 1285 1289 1291
4 253 1287 1285 1254
4 1246 1289 1287 1288
4 1255 1254 1291 1288
4 1291 1285 1289 1287
4 1291 1289 1288 1287
4 1291 1288 1254 1287
4 1291 1254 1285 1287
4 1274 1289 1283 1291
4 1246 1290 1289 1288
4 1266 1283 1290 1286
4 1255 1288 1291 1286
4 1291 1289 1283 1290
4 1291 1283 1286 1290
4 1291 1286 1288 1290
4 1291 1288 1289 1290
4 1274 1283 1281 1291
4 1266 1282 1283 1286
4 831 1281 1282 1256
4 1255 1286 1291 1256
4 1291 1283 1281 1282
4 1291 1281 1256 1282
4 1291 1256 1286 1282
4 1291 1286 1283 1282
4 27 250 220 1271
4 253 312 250 1285
4 223 220 312 1272
4 1274 1285 1271 1272
4 1271 250 220 312
4 1271 220 1272 312
4 1271 1272 1285 312
4 1271 1285 250 312
4 259 293 261 1243
4 253 261 315 1287
4 284 315 293 1245
4 1246 1243 1287 1245
4 293 261 1243 1287
4 293 1243 1245 1287
4 293 1245 315 1287
4 293 315 261 1287
4 135 225 279 1113
4 223 314 225 1275
4 284 279 314 1242
4 1116 1275 1113 1242
4 279 1113 225 1275
4 279 1242 1113 1275
4 279 314 1242 1275
4 279 225 314 1275
4 1121 1247 1277 1123
4 1274 1277 1289 1278
4 1246 1289 1247 1249
4 1116 1123 1278 1249
4 1277 1123 1247 1249
4 1277 1278 1123 1249
4 1277 1289 1278 1249
4 1277 1247 1289 1249
4 1274 1285 1272 1292
4 253 312 1285 315
4 223 1272 312 314
4 284 315 1292 314
4 1292 1285 1272 312
4 1292 1272 314 312
4 1292 314 315 312
4 1292 315 1285 312
4 1274 1272 1278 1292
4 223 1275 1272 314
4 1116 1278 1275 1242
4 284 314 1292 1242
4 1292 1272 1278 1275
4 1292 1278 1242 1275
4 1292 1242 314 1275
4 1292 314 1272 1275
4 1274 1278 1289 1292
4 1116 1249 1278 1242
4 1246 1289 1249 1245
4 284 1242 1292 1245
4 1292 1278 1289 1249
4 1292 1289 1245 1249
4 1292 1245 1242 1249
4 1292 1242 1278 1249
4 1274 1289 1285 1292
4 1246 1287 1289 1245
4 253 1285 1287 315
4 284 1245 1292 315
4 1292 1289 1285 1287
4 1292 1285 315 1287
4 1292 315 1245 1287
4 1292 1245 1289 1287
4 259 1252 260 1293
4 263 260 1253 1294
4 1255 1253 1252 1295
4 1296 1293 1294 1295
4 1252 260 1293 1294
4 1252 1293 1295 1294
4 1252 1295 1253 1294
4 1252 1253 260 1294
4 1255 1257 1258 1297
4 263 1260 1298 1253
4 1255 1253 1299 1258
4 1299 1258 1253 1260
4 1299 1253 1298 1260
4 1255 1258 1299 1297
4 1296 1300 1301 1295
4 1255 1297 1299 1295
4 1299 1300 1295 1301
4 1299 1295 1297 1301
4 1296 1294 1300 1295
4 263 1298 1294 1253
4 1255 1295 1299 1253
4 1299 1300 1298 1294
4 1299 1298 1253 1294
4 1299 1253 1295 1294
4 1299 1295 1300 1294
4 277 272 1241 1302
4 1112 1241 1109 1226
4 1109 1226 1241 1302
4 1109 1241 272 1302
4 259 292 1243 1303
4 277 1244 292 1304
4 1246 1243 1244 1305
4 1306 1304 1303 1305
4 1303 292 1243 1244
4 1303 1243 1305 1244
4 1303 1305 1304 1244
4 1303 1304 292 1244
4 1121 1247 1122 1227
4 1112 1122 1248 1228
4 1246 1248 1247 1307
4 1229 1227 1228 1307
4 1122 1227 1247 1307
4 1122 1228 1227 1307
4 1122 1248 1228 1307
4 1122 1247 1248 1307
4 1112 1241 1226 1308
4 277 1302 1241 1304
4 1306 1304 1308 1309
4 1308 1241 1226 1302
4 1308 1226 1309 1302
4 1308 1309 1304 1302
4 1308 1304 1241 1302
4 1112 1226 1228 1308
4 1306 1309 1308 1310
4 1112 1228 1248 1308
4 1229 1307 1228 1310
4 1246 1248 1307 1305
4 1306 1310 1308 1305
4 1308 1228 1248 1307
4 1308 1248 1305 1307
4 1308 1305 1310 1307
4 1308 1310 1228 1307
4 1112 1248 1241 1308
4 1246 1244 1248 1305
4 277 1241 1244 1304
4 1306 1305 1308 1304
4 1308 1248 1241 1244
4 1308 1241 1304 1244
4 1308 1304 1305 1244
4 1308 1305 1248 1244
4 863 1261 858 1311
4 1132 1129 1261 1220
4 1129 1261 1220 1311
4 1129 858 1261 1311
4 874 1267 875 1312
4 863 875 1268 1313
4 1266 1268 1267 1314
4 1312 1267 875 1268
4 1312 1314 1267 1268
4 1312 1313 1314 1268
4 1312 875 1313 1268
4 1121 1141 1263 1221
4 1132 1264 1141 1222
4 1266 1263 1264 1315
4 1223 1222 1221 1315
4 1141 1263 1221 1315
4 1141 1221 1222 1315
4 1141 1222 1264 1315
4 1141 1264 1263 1315
4 1132 1220 1261 1316
4 863 1261 1311 1313
4 1316 1220 1261 1311
4 1316 1261 1313 1311
4 1132 1222 1220 1316
4 1132 1264 1222 1316
4 1223 1222 1315 1317
4 1266 1315 1264 1314
4 1316 1264 1222 1315
4 1316 1314 1264 1315
4 1316 1317 1314 1315
4 1316 1222 1317 1315
4 1132 1261 1264 1316
4 1266 1264 1268 1314
4 863 1268 1261 1313
4 1316 1261 1264 1268
4 1316 1313 1261 1268
4 1316 1314 1313 1268
4 1316 1264 1314 1268
4 259 1252 1293 1243
4 1296 1293 1295 1318
4 1255 1295 1252 1288
4 1246 1243 1318 1288
4 1252 1293 1243 1318
4 1252 1243 1288 1318
4 1252 1288 1295 1318
4 1252 1295 1293 1318
4 874 1319 1257 1267
4 1255 1257 1297 1286
4 1266 1320 1267 1286
4 1257 1267 1319 1320
4 1257 1286 1267 1320
4 1257 1297 1286 1320
4 1257 1319 1297 1320
4 1121 1247 1321 1263
4 1322 1321 1323 1324
4 1246 1323 1247 1290
4 1266 1263 1324 1290
4 1321 1263 1247 1290
4 1321 1324 1263 1290
4 1321 1323 1324 1290
4 1321 1247 1323 1290
4 1322 1325 1326 1327
4 1296 1301 1325 1295
4 1255 1295 1327 1297
4 1327 1325 1326 1301
4 1327 1326 1297 1301
4 1327 1297 1295 1301
4 1327 1295 1325 1301
4 1322 1326 1324 1327
4 1266 1324 1320 1286
4 1255 1297 1327 1286
4 1327 1326 1324 1320
4 1327 1324 1286 1320
4 1327 1286 1297 1320
4 1327 1297 1326 1320
4 1322 1324 1323 1327
4 1266 1290 1324 1286
4 1246 1323 1290 1288
4 1255 1286 1327 1288
4 1327 1324 1323 1290
4 1327 1323 1288 1290
4 1327 1288 1286 1290
4 1327 1286 1324 1290
4 1322 1323 1325 1327
4 1246 1318 1323 1288
4 1296 1325 1318 1295
4 1255 1288 1327 1295
4 1327 1323 1325 1318
4 1327 1325 1295 1318
4 1327 1295 1288 1318
4 1327 1288 1323 1318
4 874 1312 1319 1267
4 1266 1267 1320 1314
4 1312 1319 1267 1320
4 1312 1267 1314 1320
4 1121 1263 1321 1221
4 1322 1321 1324 1328
4 1266 1324 1263 1315
4 1223 1221 1328 1315
4 1321 1221 1263 1315
4 1321 1328 1221 1315
4 1321 1324 1328 1315
4 1321 1263 1324 1315
4 1322 1328 1324 1329
4 1223 1315 1328 1317
4 1266 1324 1315 1314
4 1329 1328 1324 1315
4 1329 1324 1314 1315
4 1329 1314 1317 1315
4 1329 1317 1328 1315
4 1322 1324 1326 1329
4 1266 1320 1324 1314
4 1329 1324 1326 1320
4 1329 1314 1324 1320
4 1121 1221 1321 1227
4 1322 1321 1328 1330
4 1223 1328 1221 1232
4 1229 1227 1330 1232
4 1321 1227 1221 1232
4 1321 1330 1227 1232
4 1321 1328 1330 1232
4 1321 1221 1328 1232
4 259 1293 1303 1243
4 1296 1331 1293 1318
4 1306 1303 1331 1305
4 1246 1318 1243 1305
4 1303 1243 1293 1318
4 1303 1305 1243 1318
4 1303 1331 1305 1318
4 1303 1293 1331 1318
4 1121 1227 1321 1247
4 1322 1321 1330 1323
4 1229 1330 1227 1307
4 1246 1247 1323 1307
4 1321 1247 1227 1307
4 1321 1323 1247 1307
4 1321 1330 1323 1307
4 1321 1227 1330 1307
4 1296 1325 1332 1331
4 1333 1325 1331 1332
4 1322 1325 1323 1333
4 1296 1318 1325 1331
4 1246 1323 1318 1305
4 1306 1331 1333 1305
4 1333 1325 1323 1318
4 1333 1323 1305 1318
4 1333 1305 1331 1318
4 1333 1331 1325 1318
4 1322 1323 1330 1333
4 1246 1307 1323 1305
4 1229 1330 1307 1310
4 1306 1305 1333 1310
4 1333 1323 1330 1307
4 1333 1330 1310 1307
4 1333 1310 1305 1307
4 1333 1305 1323 1307
4 259 260 447 1293
4 263 448 260 1294
4 450 447 448 1334
4 1296 1294 1293 1334
4 447 1293 260 1294
4 447 1334 1293 1294
4 447 448 1334 1294
4 447 260 448 1294
4 263 1294 1298 448
4 1296 1300 1294 1334
4 277 435 272 1302
4 433 272 435 1302
4 259 439 292 1303
4 277 292 440 1304
4 442 440 439 1335
4 1306 1303 1304 1335
4 1303 439 292 440
4 1303 1335 439 440
4 1303 1304 1335 440
4 1303 292 1304 440
4 277 435 1302 1304
4 1306 1336 1304 1309
4 1336 1304 1309 1302
4 1336 435 1304 1302
4 442 444 440 1335
4 277 440 435 1304
4 1306 1336 1335 1304
4 1336 435 444 440
4 1336 1304 435 440
4 1336 1335 1304 440
4 1336 444 1335 440
4 259 1293 447 439
4 1296 1334 1293 1337
4 450 447 1334 456
4 442 1337 439 456
4 447 439 1293 1337
4 447 456 439 1337
4 447 1334 456 1337
4 447 1293 1334 1337
4 442 1338 1337 456
4 259 1303 1293 439
4 1296 1293 1331 1337
4 1306 1331 1303 1335
4 442 439 1337 1335
4 1303 1293 439 1337
4 1303 439 1335 1337
4 1303 1335 1331 1337
4 1303 1331 1293 1337
4 442 1337 1338 1335
4 1306 1335 1339 1331
4 1339 1331 1335 1337
4 1339 1335 1338 1337
4 0 1 639 1340
4 4 640 1 1341
4 642 639 640 1342
4 1343 1341 1340 1342
4 639 1340 1 1341
4 639 1342 1340 1341
4 639 640 1342 1341
4 639 1 640 1341
4 10 643 11 1344
4 4 11 644 1345
4 646 644 643 1346
4 1347 1344 1345 1346
4 1344 643 11 644
4 1344 1346 643 644
4 1344 1345 1346 644
4 1344 11 1345 644
4 651 652 653 1348
4 642 655 652 1349
4 646 653 655 1350
4 1351 1349 1348 1350
4 652 653 1348 1350
4 652 1348 1349 1350
4 652 1349 655 1350
4 652 655 653 1350
4 1352 1354 1353 1355
4 1343 1353 1356 1357
4 1347 1356 1354 1358
4 1351 1355 1357 1358
4 1354 1353 1355 1357
4 1354 1355 1358 1357
4 1354 1358 1356 1357
4 1354 1356 1353 1357
4 642 1342 640 1359
4 4 640 1341 1345
4 1343 1341 1342 1356
4 1347 1359 1345 1356
4 1359 1342 640 1341
4 1359 1356 1342 1341
4 1359 1345 1356 1341
4 1359 640 1345 1341
4 642 1349 1342 1359
4 1343 1342 1357 1356
4 1351 1357 1349 1358
4 1347 1359 1356 1358
4 1359 1349 1342 1357
4 1359 1358 1349 1357
4 1359 1356 1358 1357
4 1359 1342 1356 1357
4 642 655 1349 1359
4 1351 1349 1350 1358
4 646 1350 655 1346
4 1347 1359 1358 1346
4 1359 655 1349 1350
4 1359 1346 655 1350
4 1359 1358 1346 1350
4 1359 1349 1358 1350
4 642 640 655 1359
4 646 655 644 1346
4 4 644 640 1345
4 1347 1359 1346 1345
4 1359 640 655 644
4 1359 1345 640 644
4 1359 1346 1345 644
4 1359 655 1346 644
4 10 35 659 1360
4 651 671 670 1361
4 673 670 674 1362
4 676 674 671 1363
4 1364 1361 1362 1363
4 670 1361 671 1363
4 670 1362 1361 1363
4 670 674 1362 1363
4 670 671 674 1363
4 1364 1366 1365 1367
4 673 1368 1362 1369
4 1364 1362 1366 1367
4 1369 1368 1362 1366
4 1369 1362 1367 1366
4 673 1362 674 1369
4 1364 1363 1362 1367
4 1369 1362 674 1363
4 1369 1367 1362 1363
4 1370 1371 1372 1373
4 1374 1375 1373 1376
4 1352 1377 1378 1379
4 1370 1380 1377 1381
4 1382 1378 1380 1383
4 1384 1381 1379 1383
4 1379 1377 1378 1380
4 1379 1378 1383 1380
4 1379 1383 1381 1380
4 1379 1381 1377 1380
4 1382 1386 1385 1387
4 1374 1389 1388 1390
4 1384 1391 1389 1392
4 1391 1389 1392 1390
4 1391 1388 1389 1390
4 1370 1373 1372 1381
4 1374 1376 1373 1389
4 1384 1381 1393 1389
4 1393 1372 1376 1373
4 1393 1376 1389 1373
4 1393 1389 1381 1373
4 1393 1381 1372 1373
4 1374 1390 1376 1389
4 1384 1389 1393 1392
4 1393 1392 1389 1390
4 1393 1389 1376 1390
4 1382 1386 1387 1383
4 1384 1392 1393 1383
4 1393 1386 1383 1387
4 1393 1383 1392 1387
4 1382 1380 1386 1383
4 1370 1372 1380 1381
4 1384 1383 1393 1381
4 1393 1386 1372 1380
4 1393 1372 1381 1380
4 1393 1381 1383 1380
4 1393 1383 1386 1380
4 651 1348 653 1394
4 646 653 1350 1395
4 1351 1350 1348 1396
4 1397 1394 1395 1396
4 1394 1348 653 1350
4 1394 1396 1348 1350
4 1394 1395 1396 1350
4 1394 653 1395 1350
4 10 643 1344 1360
4 646 1346 643 1398
4 1347 1344 1346 1399
4 1400 1398 1360 1399
4 1344 1360 643 1398
4 1344 1399 1360 1398
4 1344 1346 1399 1398
4 1344 643 1346 1398
4 1352 1354 1355 1378
4 1351 1355 1358 1401
4 1347 1358 1354 1402
4 1382 1378 1401 1402
4 1354 1355 1378 1401
4 1354 1378 1402 1401
4 1354 1402 1358 1401
4 1354 1358 1355 1401
4 1397 1404 1403 1405
4 1382 1405 1385 1406
4 1403 1385 1405 1406
4 1403 1405 1404 1406
4 1397 1396 1395 1407
4 646 1395 1350 1346
4 1351 1350 1396 1358
4 1347 1407 1346 1358
4 1407 1396 1395 1350
4 1407 1358 1396 1350
4 1407 1346 1358 1350
4 1407 1395 1346 1350
4 1397 1405 1396 1407
4 1351 1396 1401 1358
4 1382 1401 1405 1402
4 1347 1407 1358 1402
4 1407 1405 1396 1401
4 1407 1402 1405 1401
4 1407 1358 1402 1401
4 1407 1396 1358 1401
4 1397 1404 1405 1407
4 1382 1405 1406 1402
4 1400 1406 1404 1399
4 1347 1407 1402 1399
4 1407 1404 1405 1406
4 1407 1399 1404 1406
4 1407 1402 1399 1406
4 1407 1405 1402 1406
4 1397 1395 1404 1407
4 1400 1404 1398 1399
4 646 1398 1395 1346
4 1347 1407 1399 1346
4 1407 1395 1404 1398
4 1407 1346 1395 1398
4 1407 1399 1346 1398
4 1407 1404 1399 1398
4 651 1361 1348 1394
4 1351 1348 1408 1396
4 1364 1408 1361 1409
4 1397 1394 1396 1409
4 1394 1361 1348 1408
4 1394 1409 1361 1408
4 1394 1396 1409 1408
4 1394 1348 1396 1408
4 1352 1355 1379 1378
4 1351 1410 1355 1401
4 1384 1379 1410 1383
4 1382 1401 1378 1383
4 1379 1378 1355 1401
4 1379 1383 1378 1401
4 1379 1410 1383 1401
4 1379 1355 1410 1401
4 1364 1365 1411 1412
4 1384 1411 1391 1392
4 1391 1392 1411 1412
4 1391 1411 1365 1412
4 1397 1405 1403 1413
4 1382 1385 1405 1387
4 1403 1413 1405 1387
4 1403 1405 1385 1387
4 1397 1409 1396 1414
4 1351 1396 1408 1410
4 1364 1408 1409 1411
4 1384 1414 1410 1411
4 1414 1409 1396 1408
4 1414 1411 1409 1408
4 1414 1410 1411 1408
4 1414 1396 1410 1408
4 1397 1413 1409 1414
4 1364 1409 1412 1411
4 1384 1414 1411 1392
4 1414 1413 1409 1412
4 1414 1392 1413 1412
4 1414 1411 1392 1412
4 1414 1409 1411 1412
4 1397 1405 1413 1414
4 1382 1387 1405 1383
4 1384 1414 1392 1383
4 1414 1405 1413 1387
4 1414 1383 1405 1387
4 1414 1392 1383 1387
4 1414 1413 1392 1387
4 1397 1396 1405 1414
4 1382 1405 1401 1383
4 1351 1401 1396 1410
4 1384 1414 1383 1410
4 1414 1396 1405 1401
4 1414 1410 1396 1401
4 1414 1383 1410 1401
4 1414 1405 1383 1401
4 651 671 1361 1394
4 1364 1361 1363 1409
4 676 1363 671 1415
4 1397 1394 1409 1415
4 1394 671 1361 1363
4 1394 1415 671 1363
4 1394 1409 1415 1363
4 1394 1361 1409 1363
4 1364 1367 1365 1412
4 1397 1415 1409 1416
4 1364 1409 1363 1367
4 1416 1415 1409 1363
4 1416 1409 1367 1363
4 1397 1409 1413 1416
4 1364 1412 1409 1367
4 1416 1409 1413 1412
4 1416 1367 1409 1412
4 651 653 671 1394
4 676 671 699 1415
4 646 699 653 1395
4 1397 1394 1415 1395
4 1394 653 671 699
4 1394 1395 653 699
4 1394 1415 1395 699
4 1394 671 1415 699
4 10 659 643 1360
4 646 643 697 1398
4 1400 1360 1398 1417
4 659 643 1360 1398
4 659 1360 1417 1398
4 659 1417 697 1398
4 659 697 643 1398
4 1397 1395 1415 1418
4 676 1415 699 702
4 646 699 1395 697
4 1418 1395 1415 699
4 1418 697 1395 699
4 1418 702 697 699
4 1418 1415 702 699
4 1397 1404 1395 1418
4 646 1395 1398 697
4 1400 1398 1404 1417
4 1418 1404 1395 1398
4 1418 1417 1404 1398
4 1418 697 1417 1398
4 1418 1395 697 1398
4 0 706 109 1419
4 112 109 707 1420
4 709 707 706 1421
4 1422 1419 1420 1421
4 1419 706 109 707
4 1419 1421 706 707
4 1419 1420 1421 707
4 1419 109 1420 707
4 118 119 710 1423
4 112 711 119 1424
4 713 710 711 1425
4 1426 1424 1423 1425
4 710 1423 119 1424
4 710 1425 1423 1424
4 710 711 1425 1424
4 710 119 711 1424
4 718 720 719 1427
4 709 719 722 1428
4 713 722 720 1429
4 1430 1427 1428 1429
4 720 719 1427 1428
4 720 1427 1429 1428
4 720 1429 722 1428
4 720 722 719 1428
4 1431 1432 1433 1434
4 1422 1435 1432 1436
4 1426 1433 1435 1437
4 1430 1436 1434 1437
4 1432 1433 1434 1437
4 1432 1434 1436 1437
4 1432 1436 1435 1437
4 1432 1435 1433 1437
4 1422 1421 1420 1438
4 112 1420 707 711
4 709 707 1421 722
4 713 1438 711 722
4 1438 1421 1420 707
4 1438 722 1421 707
4 1438 711 722 707
4 1438 1420 711 707
4 1422 1436 1421 1438
4 709 1421 1428 722
4 1430 1428 1436 1429
4 713 1438 722 1429
4 1438 1436 1421 1428
4 1438 1429 1436 1428
4 1438 722 1429 1428
4 1438 1421 722 1428
4 1422 1435 1436 1438
4 1430 1436 1437 1429
4 1426 1437 1435 1425
4 713 1438 1429 1425
4 1438 1435 1436 1437
4 1438 1425 1435 1437
4 1438 1429 1425 1437
4 1438 1436 1429 1437
4 1422 1420 1435 1438
4 1426 1435 1424 1425
4 112 1424 1420 711
4 713 1438 1425 711
4 1438 1420 1435 1424
4 1438 711 1420 1424
4 1438 1425 711 1424
4 1438 1435 1425 1424
4 118 726 143 1439
4 747 748 749 1440
4 718 754 755 1441
4 747 757 754 1442
4 759 755 757 1443
4 1444 1442 1441 1443
4 1441 754 755 757
4 1441 755 1443 757
4 1441 1443 1442 757
4 1441 1442 754 757
4 1444 1445 1446 1447
4 747 1440 749 1442
4 1444 1442 1448 1446
4 1448 1446 1442 1440
4 1448 1442 749 1440
4 1444 1446 1448 1447
4 759 770 1449 1443
4 1444 1447 1448 1443
4 1448 770 1443 1449
4 1448 1443 1447 1449
4 759 757 770 1443
4 747 749 757 1442
4 1444 1443 1448 1442
4 1448 770 749 757
4 1448 749 1442 757
4 1448 1442 1443 757
4 1448 1443 770 757
4 1431 1451 1450 1452
4 1453 1450 1454 1455
4 1456 1454 1451 1457
4 1458 1452 1455 1457
4 1450 1452 1451 1457
4 1450 1455 1452 1457
4 1450 1454 1455 1457
4 1450 1451 1454 1457
4 1458 1460 1459 1461
4 1458 1455 1460 1461
4 1458 1457 1455 1461
4 1431 1434 1433 1462
4 1426 1433 1437 1463
4 1430 1437 1434 1464
4 1465 1462 1463 1464
4 1462 1434 1433 1437
4 1462 1464 1434 1437
4 1462 1463 1464 1437
4 1462 1433 1463 1437
4 118 1423 710 726
4 1426 1425 1423 1466
4 713 710 1425 785
4 786 1466 726 785
4 710 726 1423 1466
4 710 785 726 1466
4 710 1425 785 1466
4 710 1423 1425 1466
4 718 720 1427 755
4 1430 1427 1429 1467
4 713 1429 720 788
4 759 755 1467 788
4 720 1427 755 1467
4 720 755 788 1467
4 720 788 1429 1467
4 720 1429 1427 1467
4 1465 1464 1463 1468
4 1426 1463 1437 1425
4 1430 1437 1464 1429
4 713 1468 1425 1429
4 1468 1464 1463 1437
4 1468 1429 1464 1437
4 1468 1425 1429 1437
4 1468 1463 1425 1437
4 1465 1469 1464 1468
4 1430 1464 1467 1429
4 759 1467 1469 788
4 713 1468 1429 788
4 1468 1469 1464 1467
4 1468 788 1469 1467
4 1468 1429 788 1467
4 1468 1464 1429 1467
4 1465 1470 1469 1468
4 759 1469 792 788
4 786 792 1470 785
4 713 1468 788 785
4 1468 1470 1469 792
4 1468 785 1470 792
4 1468 788 785 792
4 1468 1469 788 792
4 1465 1463 1470 1468
4 786 1470 1466 785
4 1426 1466 1463 1425
4 713 1468 785 1425
4 1468 1463 1470 1466
4 1468 1425 1463 1466
4 1468 785 1425 1466
4 1468 1470 785 1466
4 1431 1452 1434 1462
4 1430 1434 1471 1464
4 1458 1471 1452 1472
4 1465 1462 1464 1472
4 1462 1452 1434 1471
4 1462 1472 1452 1471
4 1462 1464 1472 1471
4 1462 1434 1464 1471
4 718 1427 1441 755
4 1430 1473 1427 1467
4 1444 1441 1473 1443
4 759 1467 755 1443
4 1441 755 1427 1467
4 1441 1443 755 1467
4 1441 1473 1443 1467
4 1441 1427 1473 1467
4 1458 1459 1474 1475
4 1444 1474 1445 1447
4 1445 1447 1474 1475
4 1445 1474 1459 1475
4 1465 1472 1464 1476
4 1430 1464 1471 1473
4 1458 1471 1472 1474
4 1444 1476 1473 1474
4 1476 1472 1464 1471
4 1476 1474 1472 1471
4 1476 1473 1474 1471
4 1476 1464 1473 1471
4 1465 1477 1472 1476
4 1458 1472 1475 1474
4 1444 1476 1474 1447
4 1476 1477 1472 1475
4 1476 1447 1477 1475
4 1476 1474 1447 1475
4 1476 1472 1474 1475
4 1465 1469 1477 1476
4 759 1449 1469 1443
4 1444 1476 1447 1443
4 1476 1469 1477 1449
4 1476 1443 1469 1449
4 1476 1447 1443 1449
4 1476 1477 1447 1449
4 1465 1464 1469 1476
4 759 1469 1467 1443
4 1430 1467 1464 1473
4 1444 1476 1443 1473
4 1476 1464 1469 1467
4 1476 1473 1464 1467
4 1476 1443 1473 1467
4 1476 1469 1443 1467
4 1431 1451 1452 1462
4 1458 1452 1457 1472
4 1456 1457 1451 1478
4 1465 1462 1472 1478
4 1462 1451 1452 1457
4 1462 1478 1451 1457
4 1462 1472 1478 1457
4 1462 1452 1472 1457
4 1458 1461 1459 1475
4 1465 1478 1472 1479
4 1458 1472 1457 1461
4 1479 1478 1472 1457
4 1479 1472 1461 1457
4 1465 1472 1477 1479
4 1458 1475 1472 1461
4 1479 1472 1477 1475
4 1479 1461 1472 1475
4 1431 1433 1451 1462
4 1456 1451 1480 1478
4 1426 1480 1433 1463
4 1465 1462 1478 1463
4 1462 1433 1451 1480
4 1462 1463 1433 1480
4 1462 1478 1463 1480
4 1462 1451 1478 1480
4 118 1439 1423 726
4 1426 1423 1481 1466
4 786 726 1466 1482
4 1439 1423 726 1466
4 1439 726 1482 1466
4 1439 1482 1481 1466
4 1439 1481 1423 1466
4 1465 1463 1478 1483
4 1456 1478 1480 1484
4 1426 1480 1463 1481
4 1483 1463 1478 1480
4 1483 1481 1463 1480
4 1483 1484 1481 1480
4 1483 1478 1484 1480
4 1465 1470 1463 1483
4 1426 1463 1466 1481
4 786 1466 1470 1482
4 1483 1470 1463 1466
4 1483 1482 1470 1466
4 1483 1481 1482 1466
4 1483 1463 1481 1466
4 0 1340 639 706
4 1343 1342 1340 1485
4 642 639 1342 919
4 709 1485 706 919
4 639 706 1340 1485
4 639 919 706 1485
4 639 1342 919 1485
4 639 1340 1342 1485
4 1352 1355 1353 1486
4 1343 1353 1357 1487
4 1351 1357 1355 1488
4 1489 1486 1487 1488
4 1486 1355 1353 1357
4 1486 1488 1355 1357
4 1486 1487 1488 1357
4 1486 1353 1487 1357
4 651 652 1348 921
4 642 1349 652 922
4 1351 1348 1349 1490
4 923 922 921 1490
4 652 1348 921 1490
4 652 921 922 1490
4 652 922 1349 1490
4 652 1349 1348 1490
4 718 1491 719 925
4 709 719 1492 927
4 1489 1492 1491 1493
4 923 925 927 1493
4 1491 719 925 927
4 1491 925 1493 927
4 1491 1493 1492 927
4 1491 1492 719 927
4 642 919 1342 1494
4 1343 1342 1485 1487
4 709 1485 919 1492
4 1489 1494 1487 1492
4 1494 919 1342 1485
4 1494 1492 919 1485
4 1494 1487 1492 1485
4 1494 1342 1487 1485
4 642 922 919 1494
4 709 919 927 1492
4 923 927 922 1493
4 1489 1494 1492 1493
4 1494 922 919 927
4 1494 1493 922 927
4 1494 1492 1493 927
4 1494 919 1492 927
4 642 1349 922 1494
4 923 922 1490 1493
4 1351 1490 1349 1488
4 1489 1494 1493 1488
4 1494 1349 922 1490
4 1494 1488 1349 1490
4 1494 1493 1488 1490
4 1494 922 1493 1490
4 642 1342 1349 1494
4 1351 1349 1357 1488
4 1343 1357 1342 1487
4 1489 1494 1488 1487
4 1494 1342 1349 1357
4 1494 1487 1342 1357
4 1494 1488 1487 1357
4 1494 1349 1488 1357
4 1495 1375 1371 1496
4 1370 1371 1373 1497
4 1374 1373 1375 1498
4 1499 1496 1497 1498
4 1496 1375 1371 1373
4 1496 1498 1375 1373
4 1496 1497 1498 1373
4 1496 1371 1497 1373
4 1352 1377 1379 1500
4 1370 1381 1377 1501
4 1384 1379 1381 1502
4 1503 1501 1500 1502
4 1379 1500 1377 1501
4 1379 1502 1500 1501
4 1379 1381 1502 1501
4 1379 1377 1381 1501
4 1504 1391 1388 1505
4 1374 1388 1389 1506
4 1384 1389 1391 1507
4 1508 1505 1506 1507
4 1391 1388 1505 1506
4 1391 1505 1507 1506
4 1391 1507 1389 1506
4 1391 1389 1388 1506
4 1509 1510 1511 1512
4 1499 1513 1510 1514
4 1503 1511 1513 1515
4 1508 1514 1512 1515
4 1510 1511 1512 1515
4 1510 1512 1514 1515
4 1510 1514 1513 1515
4 1510 1513 1511 1515
4 1499 1498 1497 1516
4 1370 1497 1373 1381
4 1374 1373 1498 1389
4 1384 1516 1381 1389
4 1516 1498 1497 1373
4 1516 1389 1498 1373
4 1516 1381 1389 1373
4 1516 1497 1381 1373
4 1499 1514 1498 1516
4 1374 1498 1506 1389
4 1508 1506 1514 1507
4 1384 1516 1389 1507
4 1516 1514 1498 1506
4 1516 1507 1514 1506
4 1516 1389 1507 1506
4 1516 1498 1389 1506
4 1499 1513 1514 1516
4 1508 1514 1515 1507
4 1503 1515 1513 1502
4 1384 1516 1507 1502
4 1516 1513 1514 1515
4 1516 1502 1513 1515
4 1516 1507 1502 1515
4 1516 1514 1507 1515
4 1499 1497 1513 1516
4 1503 1513 1501 1502
4 1370 1501 1497 1381
4 1384 1516 1502 1381
4 1516 1497 1513 1501
4 1516 1381 1497 1501
4 1516 1502 1381 1501
4 1516 1513 1502 1501
4 651 1361 670 935
4 673 670 1362 936
4 1364 1362 1361 1517
4 937 935 936 1517
4 670 935 1361 1517
4 670 936 935 1517
4 670 1362 936 1517
4 670 1361 1362 1517
4 1364 1365 1366 1518
4 1519 1521 1520 1518
4 1520 1365 1518 1366
4 1520 1518 1521 1366
4 939 941 940 1522
4 943 940 944 1523
4 937 944 941 1524
4 1519 1522 1523 1524
4 1522 941 940 944
4 1522 1524 941 944
4 1522 1523 1524 944
4 1522 940 1523 944
4 673 1368 951 1525
4 943 951 1526 1523
4 1519 1521 1525 1523
4 1525 1368 951 1526
4 1525 951 1523 1526
4 1525 1523 1521 1526
4 1525 1521 1368 1526
4 673 951 936 1525
4 943 944 951 1523
4 937 936 944 1524
4 1519 1523 1525 1524
4 1525 951 936 944
4 1525 936 1524 944
4 1525 1524 1523 944
4 1525 1523 951 944
4 673 936 1362 1525
4 937 1517 936 1524
4 1364 1362 1517 1518
4 1519 1524 1525 1518
4 1525 936 1362 1517
4 1525 1362 1518 1517
4 1525 1518 1524 1517
4 1525 1524 936 1517
4 673 1362 1368 1525
4 1364 1366 1362 1518
4 1519 1518 1525 1521
4 1525 1362 1368 1366
4 1525 1368 1521 1366
4 1525 1521 1518 1366
4 1525 1518 1362 1366
4 954 1527 748 955
4 747 748 1528 957
4 1529 1528 1527 1530
4 959 955 957 1530
4 1527 748 955 957
4 1527 955 1530 957
4 1527 1530 1528 957
4 1527 1528 748 957
4 718 754 1531 962
4 747 1532 754 964
4 1533 1531 1532 1534
4 966 964 962 1534
4 962 754 1531 1532
4 962 1531 1534 1532
4 962 1534 964 1532
4 962 964 754 1532
4 1509 1536 1535 1537
4 1529 1535 1538 1539
4 1533 1538 1536 1540
4 1541 1537 1539 1540
4 1535 1537 1536 1540
4 1535 1539 1537 1540
4 1535 1538 1539 1540
4 1535 1536 1538 1540
4 939 969 970 1542
4 959 972 969 1543
4 966 970 972 1544
4 1541 1543 1542 1544
4 970 1542 969 1543
4 970 1544 1542 1543
4 970 972 1544 1543
4 970 969 972 1543
4 1529 1528 1530 1545
4 747 957 1528 964
4 959 1530 957 972
4 966 964 1545 972
4 1545 1528 1530 957
4 1545 1530 972 957
4 1545 972 964 957
4 1545 964 1528 957
4 1529 1530 1539 1545
4 959 1543 1530 972
4 1541 1539 1543 1544
4 966 972 1545 1544
4 1545 1530 1539 1543
4 1545 1539 1544 1543
4 1545 1544 972 1543
4 1545 972 1530 1543
4 1529 1539 1538 1545
4 1541 1540 1539 1544
4 1533 1538 1540 1534
4 966 1544 1545 1534
4 1545 1539 1538 1540
4 1545 1538 1534 1540
4 1545 1534 1544 1540
4 1545 1544 1539 1540
4 1529 1538 1528 1545
4 1533 1532 1538 1534
4 747 1528 1532 964
4 966 1534 1545 964
4 1545 1538 1528 1532
4 1545 1528 964 1532
4 1545 964 1534 1532
4 1545 1534 1538 1532
4 651 921 1348 1546
4 1351 1348 1490 1547
4 923 1490 921 1548
4 1549 1546 1547 1548
4 1546 921 1348 1490
4 1546 1548 921 1490
4 1546 1547 1548 1490
4 1546 1348 1547 1490
4 1352 1355 1486 1500
4 1351 1488 1355 1550
4 1489 1486 1488 1551
4 1503 1550 1500 1551
4 1486 1500 1355 1550
4 1486 1551 1500 1550
4 1486 1488 1551 1550
4 1486 1355 1488 1550
4 718 1491 925 1531
4 923 925 1493 1552
4 1489 1493 1491 1553
4 1533 1531 1552 1553
4 1491 925 1531 1552
4 1491 1531 1553 1552
4 1491 1553 1493 1552
4 1491 1493 925 1552
4 1509 1554 1511 1536
4 1549 1555 1554 1556
4 1503 1511 1555 1557
4 1533 1556 1536 1557
4 1554 1511 1536 1557
4 1554 1536 1556 1557
4 1554 1556 1555 1557
4 1554 1555 1511 1557
4 1549 1548 1547 1558
4 1351 1547 1490 1488
4 923 1490 1548 1493
4 1489 1558 1488 1493
4 1558 1548 1547 1490
4 1558 1493 1548 1490
4 1558 1488 1493 1490
4 1558 1547 1488 1490
4 1549 1556 1548 1558
4 923 1548 1552 1493
4 1533 1552 1556 1553
4 1489 1558 1493 1553
4 1558 1556 1548 1552
4 1558 1553 1556 1552
4 1558 1493 1553 1552
4 1558 1548 1493 1552
4 1549 1555 1556 1558
4 1533 1556 1557 1553
4 1503 1557 1555 1551
4 1489 1558 1553 1551
4 1558 1555 1556 1557
4 1558 1551 1555 1557
4 1558 1553 1551 1557
4 1558 1556 1553 1557
4 1549 1547 1555 1558
4 1503 1555 1550 1551
4 1351 1550 1547 1488
4 1489 1558 1551 1488
4 1558 1547 1555 1550
4 1558 1488 1547 1550
4 1558 1551 1488 1550
4 1558 1555 1551 1550
4 651 935 921 1546
4 923 921 1027 1548
4 937 1027 935 1559
4 1549 1546 1548 1559
4 1546 935 921 1027
4 1546 1559 935 1027
4 1546 1548 1559 1027
4 1546 921 1548 1027
4 718 925 962 1531
4 923 1029 925 1552
4 966 962 1029 1534
4 1533 1552 1531 1534
4 962 1531 925 1552
4 962 1534 1531 1552
4 962 1029 1534 1552
4 962 925 1029 1552
4 939 970 941 1542
4 937 941 1028 1560
4 966 1028 970 1544
4 1541 1542 1560 1544
4 970 941 1542 1560
4 970 1542 1544 1560
4 970 1544 1028 1560
4 970 1028 941 1560
4 1509 1554 1536 1537
4 1549 1556 1554 1561
4 1533 1536 1556 1540
4 1541 1561 1537 1540
4 1554 1536 1537 1540
4 1554 1537 1561 1540
4 1554 1561 1556 1540
4 1554 1556 1536 1540
4 1549 1559 1548 1562
4 923 1548 1027 1029
4 937 1027 1559 1028
4 966 1562 1029 1028
4 1562 1559 1548 1027
4 1562 1028 1559 1027
4 1562 1029 1028 1027
4 1562 1548 1029 1027
4 1549 1561 1559 1562
4 937 1559 1560 1028
4 1541 1560 1561 1544
4 966 1562 1028 1544
4 1562 1561 1559 1560
4 1562 1544 1561 1560
4 1562 1028 1544 1560
4 1562 1559 1028 1560
4 1549 1556 1561 1562
4 1541 1561 1540 1544
4 1533 1540 1556 1534
4 966 1562 1544 1534
4 1562 1556 1561 1540
4 1562 1534 1556 1540
4 1562 1544 1534 1540
4 1562 1561 1544 1540
4 1549 1548 1556 1562
4 1533 1556 1552 1534
4 923 1552 1548 1029
4 966 1562 1534 1029
4 1562 1548 1556 1552
4 1562 1029 1548 1552
4 1562 1534 1029 1552
4 1562 1556 1534 1552
4 651 1361 935 1546
4 937 935 1517 1559
4 1364 1517 1361 1563
4 1549 1546 1559 1563
4 1546 1361 935 1517
4 1546 1563 1361 1517
4 1546 1559 1563 1517
4 1546 935 1559 1517
4 939 941 1522 1542
4 937 1524 941 1560
4 1519 1522 1524 1564
4 1541 1560 1542 1564
4 1522 1542 941 1560
4 1522 1564 1542 1560
4 1522 1524 1564 1560
4 1522 941 1524 1560
4 1504 1520 1365 1505
4 1364 1365 1518 1565
4 1519 1518 1520 1566
4 1508 1505 1565 1566
4 1520 1365 1505 1565
4 1520 1505 1566 1565
4 1520 1566 1518 1565
4 1520 1518 1365 1565
4 1509 1554 1537 1512
4 1549 1561 1554 1567
4 1541 1537 1561 1568
4 1508 1567 1512 1568
4 1554 1537 1512 1568
4 1554 1512 1567 1568
4 1554 1567 1561 1568
4 1554 1561 1537 1568
4 1549 1563 1559 1569
4 937 1559 1517 1524
4 1364 1517 1563 1518
4 1519 1569 1524 1518
4 1569 1563 1559 1517
4 1569 1518 1563 1517
4 1569 1524 1518 1517
4 1569 1559 1524 1517
4 1549 1567 1563 1569
4 1364 1563 1565 1518
4 1508 1565 1567 1566
4 1519 1569 1518 1566
4 1569 1567 1563 1565
4 1569 1566 1567 1565
4 1569 1518 1566 1565
4 1569 1563 1518 1565
4 1549 1561 1567 1569
4 1508 1567 1568 1566
4 1541 1568 1561 1564
4 1519 1569 1566 1564
4 1569 1561 1567 1568
4 1569 1564 1561 1568
4 1569 1566 1564 1568
4 1569 1567 1566 1568
4 1549 1559 1561 1569
4 1541 1561 1560 1564
4 937 1560 1559 1524
4 1519 1569 1564 1524
4 1569 1559 1561 1560
4 1569 1524 1559 1560
4 1569 1564 1524 1560
4 1569 1561 1564 1560
4 651 1348 1361 1546
4 1364 1361 1408 1563
4 1351 1408 1348 1547
4 1549 1546 1563 1547
4 1546 1348 1361 1408
4 1546 1547 1348 1408
4 1546 1563 1547 1408
4 1546 1361 1563 1408
4 1504 1365 1391 1505
4 1364 1411 1365 1565
4 1384 1391 1411 1507
4 1508 1565 1505 1507
4 1391 1505 1365 1565
4 1391 1507 1505 1565
4 1391 1411 1507 1565
4 1391 1365 1411 1565
4 1352 1379 1355 1500
4 1351 1355 1410 1550
4 1384 1410 1379 1502
4 1503 1500 1550 1502
4 1379 1355 1500 1550
4 1379 1500 1502 1550
4 1379 1502 1410 1550
4 1379 1410 1355 1550
4 1509 1554 1512 1511
4 1549 1567 1554 1555
4 1508 1512 1567 1515
4 1503 1555 1511 1515
4 1554 1512 1511 1515
4 1554 1511 1555 1515
4 1554 1555 1567 1515
4 1554 1567 1512 1515
4 1549 1547 1563 1570
4 1364 1563 1408 1411
4 1351 1408 1547 1410
4 1384 1570 1411 1410
4 1570 1547 1563 1408
4 1570 1410 1547 1408
4 1570 1411 1410 1408
4 1570 1563 1411 1408
4 1549 1555 1547 1570
4 1351 1547 1550 1410
4 1503 1550 1555 1502
4 1384 1570 1410 1502
4 1570 1555 1547 1550
4 1570 1502 1555 1550
4 1570 1410 1502 1550
4 1570 1547 1410 1550
4 1549 1567 1555 1570
4 1503 1555 1515 1502
4 1508 1515 1567 1507
4 1384 1570 1502 1507
4 1570 1567 1555 1515
4 1570 1507 1567 1515
4 1570 1502 1507 1515
4 1570 1555 1502 1515
4 1549 1563 1567 1570
4 1508 1567 1565 1507
4 1364 1565 1563 1411
4 1384 1570 1507 1411
4 1570 1563 1567 1565
4 1570 1411 1563 1565
4 1570 1507 1411 1565
4 1570 1567 1507 1565
4 1571 1573 1572 1574
4 1575 1576 1573 1577
4 1578 1579 1580 1581
4 1575 1580 1582 1583
4 1584 1585 1581 1583
4 1580 1581 1579 1585
4 1580 1583 1581 1585
4 1580 1582 1583 1585
4 1580 1579 1582 1585
4 1584 1586 1587 1588
4 1575 1576 1589 1582
4 1584 1587 1585 1583
4 1575 1582 1589 1583
4 1589 1587 1583 1585
4 1589 1583 1582 1585
4 1584 1588 1587 1583
4 1575 1583 1589 1577
4 1589 1577 1583 1588
4 1589 1583 1587 1588
4 1575 1577 1589 1576
4 1495 1496 1590 1375
4 1591 1590 1592 1593
4 1499 1592 1496 1498
4 1374 1375 1593 1498
4 1496 1590 1375 1593
4 1496 1375 1498 1593
4 1496 1498 1592 1593
4 1496 1592 1590 1593
4 1571 1594 1595 1596
4 1591 1597 1594 1598
4 1599 1595 1597 1600
4 1601 1598 1596 1600
4 1596 1594 1595 1597
4 1596 1595 1600 1597
4 1596 1600 1598 1597
4 1596 1598 1594 1597
4 1509 1602 1510 1512
4 1499 1510 1603 1514
4 1599 1603 1602 1604
4 1508 1512 1514 1604
4 1510 1512 1602 1604
4 1510 1514 1512 1604
4 1510 1603 1514 1604
4 1510 1602 1603 1604
4 1504 1388 1605 1505
4 1374 1606 1388 1506
4 1601 1605 1606 1607
4 1508 1506 1505 1607
4 1605 1505 1388 1506
4 1605 1607 1505 1506
4 1605 1606 1607 1506
4 1605 1388 1606 1506
4 1499 1592 1498 1608
4 1591 1593 1592 1598
4 1374 1498 1593 1606
4 1601 1598 1608 1606
4 1608 1592 1498 1593
4 1608 1498 1606 1593
4 1608 1606 1598 1593
4 1608 1598 1592 1593
4 1499 1498 1514 1608
4 1374 1506 1498 1606
4 1508 1514 1506 1607
4 1601 1606 1608 1607
4 1608 1498 1514 1506
4 1608 1514 1607 1506
4 1608 1607 1606 1506
4 1608 1606 1498 1506
4 1499 1514 1603 1608
4 1508 1604 1514 1607
4 1599 1603 1604 1600
4 1601 1607 1608 1600
4 1608 1514 1603 1604
4 1608 1603 1600 1604
4 1608 1600 1607 1604
4 1608 1607 1514 1604
4 1499 1603 1592 1608
4 1599 1597 1603 1600
4 1591 1592 1597 1598
4 1601 1600 1608 1598
4 1608 1603 1592 1597
4 1608 1592 1598 1597
4 1608 1598 1600 1597
4 1608 1600 1603 1597
4 954 1609 1527 955
4 1610 1611 1609 1612
4 1529 1527 1611 1530
4 959 1612 955 1530
4 1527 955 1609 1612
4 1527 1530 955 1612
4 1527 1611 1530 1612
4 1527 1609 1611 1612
4 1578 1614 1613 1615
4 1610 1613 1616 1617
4 1618 1616 1614 1619
4 1620 1615 1617 1619
4 1615 1614 1613 1616
4 1615 1619 1614 1616
4 1615 1617 1619 1616
4 1615 1613 1617 1616
4 1509 1535 1621 1537
4 1529 1622 1535 1539
4 1618 1621 1622 1623
4 1541 1539 1537 1623
4 1535 1621 1537 1623
4 1535 1537 1539 1623
4 1535 1539 1622 1623
4 1535 1622 1621 1623
4 939 1624 969 1542
4 959 969 1625 1543
4 1620 1625 1624 1626
4 1541 1542 1543 1626
4 1624 969 1542 1543
4 1624 1542 1626 1543
4 1624 1626 1625 1543
4 1624 1625 969 1543
4 1529 1530 1611 1627
4 1610 1611 1612 1617
4 959 1612 1530 1625
4 1620 1627 1617 1625
4 1627 1530 1611 1612
4 1627 1625 1530 1612
4 1627 1617 1625 1612
4 1627 1611 1617 1612
4 1529 1539 1530 1627
4 959 1530 1543 1625
4 1541 1543 1539 1626
4 1620 1627 1625 1626
4 1627 1539 1530 1543
4 1627 1626 1539 1543
4 1627 1625 1626 1543
4 1627 1530 1625 1543
4 1529 1622 1539 1627
4 1541 1539 1623 1626
4 1618 1623 1622 1619
4 1620 1627 1626 1619
4 1627 1622 1539 1623
4 1627 1619 1622 1623
4 1627 1626 1619 1623
4 1627 1539 1626 1623
4 1529 1611 1622 1627
4 1618 1622 1616 1619
4 1610 1616 1611 1617
4 1620 1627 1619 1617
4 1627 1611 1622 1616
4 1627 1617 1611 1616
4 1627 1619 1617 1616
4 1627 1622 1619 1616
4 1628 1630 1629 1631
4 1519 1520 1521 1632
4 939 940 1633 1522
4 943 1634 940 1523
4 1628 1633 1634 1635
4 1519 1523 1522 1635
4 1522 940 1633 1634
4 1522 1633 1635 1634
4 1522 1635 1523 1634
4 1522 1523 940 1634
4 1519 1636 1521 1523
4 1636 1521 1523 1526
4 1628 1634 1630 1635
4 1519 1636 1523 1635
4 1636 1635 1630 1634
4 1636 1523 1635 1634
4 1628 1630 1631 1635
4 1519 1636 1635 1632
4 1636 1635 1632 1631
4 1636 1630 1635 1631
4 1519 1636 1632 1521
4 1584 1586 1588 1637
4 1638 1640 1639 1637
4 1639 1586 1637 1588
4 1639 1637 1640 1588
4 1571 1573 1574 1595
4 1641 1574 1577 1642
4 1575 1577 1573 1643
4 1599 1595 1642 1643
4 1573 1574 1595 1642
4 1573 1595 1643 1642
4 1573 1643 1577 1642
4 1573 1577 1574 1642
4 1578 1581 1580 1614
4 1584 1583 1581 1644
4 1575 1580 1583 1645
4 1618 1644 1614 1645
4 1580 1614 1581 1644
4 1580 1645 1614 1644
4 1580 1583 1645 1644
4 1580 1581 1583 1644
4 1509 1602 1646 1621
4 1638 1646 1647 1648
4 1599 1647 1602 1649
4 1618 1621 1648 1649
4 1646 1621 1602 1649
4 1646 1648 1621 1649
4 1646 1647 1648 1649
4 1646 1602 1647 1649
4 1638 1640 1637 1650
4 1641 1588 1640 1577
4 1584 1637 1588 1583
4 1575 1577 1650 1583
4 1650 1640 1637 1588
4 1650 1637 1583 1588
4 1650 1583 1577 1588
4 1650 1577 1640 1588
4 1638 1637 1648 1650
4 1584 1644 1637 1583
4 1618 1648 1644 1645
4 1575 1583 1650 1645
4 1650 1637 1648 1644
4 1650 1648 1645 1644
4 1650 1645 1583 1644
4 1650 1583 1637 1644
4 1638 1648 1647 1650
4 1618 1649 1648 1645
4 1599 1647 1649 1643
4 1575 1645 1650 1643
4 1650 1648 1647 1649
4 1650 1647 1643 1649
4 1650 1643 1645 1649
4 1650 1645 1648 1649
4 1638 1647 1640 1650
4 1599 1642 1647 1643
4 1641 1640 1642 1577
4 1575 1643 1650 1577
4 1650 1647 1640 1642
4 1650 1640 1577 1642
4 1650 1577 1643 1642
4 1650 1643 1647 1642
4 1584 1651 1586 1637
4 1628 1629 1651 1652
4 1638 1637 1639 1652
4 1639 1586 1629 1651
4 1639 1629 1652 1651
4 1639 1652 1637 1651
4 1639 1637 1586 1651
4 1578 1615 1581 1614
4 1584 1581 1653 1644
4 1620 1653 1615 1619
4 1618 1614 1644 1619
4 1615 1581 1614 1644
4 1615 1614 1619 1644
4 1615 1619 1653 1644
4 1615 1653 1581 1644
4 939 1633 1624 1542
4 1628 1654 1633 1655
4 1620 1624 1654 1626
4 1541 1655 1542 1626
4 1624 1542 1633 1655
4 1624 1626 1542 1655
4 1624 1654 1626 1655
4 1624 1633 1654 1655
4 1509 1621 1646 1537
4 1638 1646 1648 1656
4 1618 1648 1621 1623
4 1541 1537 1656 1623
4 1646 1537 1621 1623
4 1646 1656 1537 1623
4 1646 1648 1656 1623
4 1646 1621 1648 1623
4 1638 1637 1652 1657
4 1584 1651 1637 1653
4 1628 1652 1651 1654
4 1620 1653 1657 1654
4 1657 1637 1652 1651
4 1657 1652 1654 1651
4 1657 1654 1653 1651
4 1657 1653 1637 1651
4 1638 1652 1656 1657
4 1628 1655 1652 1654
4 1541 1656 1655 1626
4 1620 1654 1657 1626
4 1657 1652 1656 1655
4 1657 1656 1626 1655
4 1657 1626 1654 1655
4 1657 1654 1652 1655
4 1638 1656 1648 1657
4 1541 1623 1656 1626
4 1618 1648 1623 1619
4 1620 1626 1657 1619
4 1657 1656 1648 1623
4 1657 1648 1619 1623
4 1657 1619 1626 1623
4 1657 1626 1656 1623
4 1638 1648 1637 1657
4 1618 1644 1648 1619
4 1584 1637 1644 1653
4 1620 1619 1657 1653
4 1657 1648 1637 1644
4 1657 1637 1653 1644
4 1657 1653 1619 1644
4 1657 1619 1648 1644
4 1628 1631 1629 1652
4 1638 1652 1639 1658
4 1639 1658 1652 1631
4 1639 1652 1629 1631
4 939 1522 1633 1542
4 1628 1633 1635 1655
4 1519 1635 1522 1564
4 1541 1542 1655 1564
4 1522 1633 1542 1655
4 1522 1542 1564 1655
4 1522 1564 1635 1655
4 1522 1635 1633 1655
4 1504 1659 1520 1505
4 1660 1632 1659 1661
4 1519 1520 1632 1566
4 1508 1661 1505 1566
4 1520 1505 1659 1661
4 1520 1566 1505 1661
4 1520 1632 1566 1661
4 1520 1659 1632 1661
4 1509 1537 1646 1512
4 1638 1646 1656 1662
4 1541 1656 1537 1568
4 1508 1512 1662 1568
4 1646 1512 1537 1568
4 1646 1662 1512 1568
4 1646 1656 1662 1568
4 1646 1537 1656 1568
4 1638 1652 1658 1663
4 1628 1631 1652 1635
4 1660 1658 1631 1632
4 1519 1635 1663 1632
4 1663 1652 1658 1631
4 1663 1658 1632 1631
4 1663 1632 1635 1631
4 1663 1635 1652 1631
4 1638 1658 1662 1663
4 1660 1661 1658 1632
4 1508 1662 1661 1566
4 1519 1632 1663 1566
4 1663 1658 1662 1661
4 1663 1662 1566 1661
4 1663 1566 1632 1661
4 1663 1632 1658 1661
4 1638 1662 1656 1663
4 1508 1568 1662 1566
4 1541 1656 1568 1564
4 1519 1566 1663 1564
4 1663 1662 1656 1568
4 1663 1656 1564 1568
4 1663 1564 1566 1568
4 1663 1566 1662 1568
4 1638 1656 1652 1663
4 1541 1655 1656 1564
4 1628 1652 1655 1635
4 1519 1564 1663 1635
4 1663 1656 1652 1655
4 1663 1652 1635 1655
4 1663 1635 1564 1655
4 1663 1564 1656 1655
4 1638 1658 1639 1640
4 1639 1640 1658 1664
4 1504 1605 1659 1505
4 1660 1659 1665 1661
4 1601 1665 1605 1607
4 1508 1505 1661 1607
4 1605 1659 1505 1661
4 1605 1505 1607 1661
4 1605 1607 1665 1661
4 1605 1665 1659 1661
4 1571 1574 1596 1595
4 1641 1666 1574 1642
4 1601 1596 1666 1600
4 1599 1642 1595 1600
4 1596 1595 1574 1642
4 1596 1600 1595 1642
4 1596 1666 1600 1642
4 1596 1574 1666 1642
4 1509 1512 1646 1602
4 1638 1646 1662 1647
4 1508 1662 1512 1604
4 1599 1602 1647 1604
4 1646 1602 1512 1604
4 1646 1647 1602 1604
4 1646 1662 1647 1604
4 1646 1512 1662 1604
4 1638 1658 1640 1667
4 1660 1664 1658 1665
4 1641 1640 1664 1666
4 1601 1665 1667 1666
4 1667 1658 1640 1664
4 1667 1640 1666 1664
4 1667 1666 1665 1664
4 1667 1665 1658 1664
4 1638 1640 1647 1667
4 1641 1642 1640 1666
4 1599 1647 1642 1600
4 1601 1666 1667 1600
4 1667 1640 1647 1642
4 1667 1647 1600 1642
4 1667 1600 1666 1642
4 1667 1666 1640 1642
4 1638 1647 1662 1667
4 1599 1604 1647 1600
4 1508 1662 1604 1607
4 1601 1600 1667 1607
4 1667 1647 1662 1604
4 1667 1662 1607 1604
4 1667 1607 1600 1604
4 1667 1600 1647 1604
4 1638 1662 1658 1667
4 1508 1661 1662 1607
4 1660 1658 1661 1665
4 1601 1607 1667 1665
4 1667 1662 1658 1661
4 1667 1658 1665 1661
4 1667 1665 1607 1661
4 1667 1607 1662 1661
4 1584 1581 1585 1668
4 1584 1585 1587 1668
4 954 1080 1609 955
4 1610 1609 1669 1612
4 959 955 1612 1079
4 1080 1609 955 1612
4 1080 955 1079 1612
4 1080 1079 1669 1612
4 1080 1669 1609 1612
4 1578 1613 1670 1615
4 1610 1671 1613 1617
4 1620 1617 1615 1672
4 1615 1613 1670 1671
4 1615 1670 1672 1671
4 1615 1672 1617 1671
4 1615 1617 1613 1671
4 939 969 1624 1081
4 959 1625 969 1082
4 1620 1624 1625 1673
4 1083 1082 1081 1673
4 1624 1081 969 1082
4 1624 1673 1081 1082
4 1624 1625 1673 1082
4 1624 969 1625 1082
4 1610 1612 1669 1617
4 959 1079 1612 1625
4 1620 1617 1674 1625
4 1674 1669 1079 1612
4 1674 1079 1625 1612
4 1674 1625 1617 1612
4 1674 1617 1669 1612
4 959 1082 1079 1625
4 1083 1086 1082 1673
4 1620 1625 1674 1673
4 1674 1079 1086 1082
4 1674 1086 1673 1082
4 1674 1673 1625 1082
4 1674 1625 1079 1082
4 1083 1675 1086 1673
4 1620 1673 1674 1672
4 1674 1672 1673 1675
4 1674 1673 1086 1675
4 1610 1669 1671 1617
4 1620 1672 1674 1617
4 1674 1669 1617 1671
4 1674 1617 1672 1671
4 939 1633 940 1076
4 943 940 1634 1077
4 1628 1634 1633 1676
4 1076 1633 940 1634
4 1076 1676 1633 1634
4 1076 1077 1676 1634
4 1076 940 1077 1634
4 1628 1630 1634 1676
4 1584 1581 1668 1677
4 1584 1678 1677 1668
4 939 1633 1076 1081
4 1628 1676 1633 1679
4 1083 1679 1081 1088
4 1076 1081 1633 1679
4 1076 1088 1081 1679
4 1076 1676 1088 1679
4 1076 1633 1676 1679
4 1628 1679 1680 1676
4 1083 1681 1679 1088
4 1628 1651 1629 1680
4 1584 1586 1651 1678
4 939 1624 1633 1081
4 1628 1633 1654 1679
4 1620 1654 1624 1673
4 1083 1081 1679 1673
4 1624 1633 1081 1679
4 1624 1081 1673 1679
4 1624 1673 1654 1679
4 1624 1654 1633 1679
4 1578 1581 1615 1670
4 1584 1653 1581 1677
4 1620 1615 1653 1672
4 1615 1670 1581 1677
4 1615 1672 1670 1677
4 1615 1653 1672 1677
4 1615 1581 1653 1677
4 1628 1651 1680 1654
4 1584 1678 1651 1653
4 1620 1654 1682 1653
4 1682 1680 1678 1651
4 1682 1678 1653 1651
4 1682 1653 1654 1651
4 1682 1654 1680 1651
4 1584 1677 1678 1653
4 1620 1653 1682 1672
4 1682 1672 1653 1677
4 1682 1653 1678 1677
4 1083 1681 1675 1673
4 1620 1672 1682 1673
4 1682 1681 1673 1675
4 1682 1673 1672 1675
4 1083 1679 1681 1673
4 1628 1680 1679 1654
4 1620 1673 1682 1654
4 1682 1681 1680 1679
4 1682 1680 1654 1679
4 1682 1654 1673 1679
4 1682 1673 1681 1679
4 0 1419 1340 706
4 1343 1340 1683 1485
4 1422 1683 1419 1421
4 709 706 1485 1421
4 1419 1340 706 1485
4 1419 706 1421 1485
4 1419 1421 1683 1485
4 1419 1683 1340 1485
4 1352 1353 1684 1486
4 1343 1685 1353 1487
4 1686 1684 1685 1687
4 1489 1487 1486 1687
4 1486 1353 1684 1685
4 1486 1684 1687 1685
4 1486 1687 1487 1685
4 1486 1487 1353 1685
4 1431 1688 1432 1434
4 1422 1432 1689 1436
4 1686 1689 1688 1690
4 1430 1434 1436 1690
4 1432 1434 1688 1690
4 1432 1436 1434 1690
4 1432 1689 1436 1690
4 1432 1688 1689 1690
4 718 719 1491 1427
4 709 1492 719 1428
4 1489 1491 1492 1691
4 1430 1428 1427 1691
4 1491 1427 719 1428
4 1491 1691 1427 1428
4 1491 1492 1691 1428
4 1491 719 1492 1428
4 1422 1683 1421 1692
4 1343 1485 1683 1487
4 709 1421 1485 1492
4 1489 1487 1692 1492
4 1692 1683 1421 1485
4 1692 1421 1492 1485
4 1692 1492 1487 1485
4 1692 1487 1683 1485
4 1422 1421 1436 1692
4 709 1428 1421 1492
4 1430 1436 1428 1691
4 1489 1492 1692 1691
4 1692 1421 1436 1428
4 1692 1436 1691 1428
4 1692 1691 1492 1428
4 1692 1492 1421 1428
4 1422 1436 1689 1692
4 1430 1690 1436 1691
4 1686 1689 1690 1687
4 1489 1691 1692 1687
4 1692 1436 1689 1690
4 1692 1689 1687 1690
4 1692 1687 1691 1690
4 1692 1691 1436 1690
4 1422 1689 1683 1692
4 1686 1685 1689 1687
4 1343 1683 1685 1487
4 1489 1687 1692 1487
4 1692 1689 1683 1685
4 1692 1683 1487 1685
4 1692 1487 1687 1685
4 1692 1687 1689 1685
4 1495 1371 1693 1496
4 1370 1694 1371 1497
4 1695 1693 1694 1696
4 1499 1497 1496 1696
4 1496 1371 1693 1694
4 1496 1693 1696 1694
4 1496 1696 1497 1694
4 1496 1497 1371 1694
4 1352 1697 1377 1500
4 1370 1377 1698 1501
4 1699 1698 1697 1700
4 1503 1500 1501 1700
4 1697 1377 1500 1501
4 1697 1500 1700 1501
4 1697 1700 1698 1501
4 1697 1698 1377 1501
4 1701 1702 1703 1704
4 1695 1705 1702 1706
4 1699 1703 1705 1707
4 1708 1706 1704 1707
4 1703 1704 1702 1706
4 1703 1707 1704 1706
4 1703 1705 1707 1706
4 1703 1702 1705 1706
4 1509 1511 1510 1709
4 1499 1510 1513 1710
4 1503 1513 1511 1711
4 1708 1709 1710 1711
4 1510 1709 1511 1711
4 1510 1710 1709 1711
4 1510 1513 1710 1711
4 1510 1511 1513 1711
4 1499 1497 1696 1712
4 1370 1694 1497 1698
4 1695 1696 1694 1705
4 1699 1698 1712 1705
4 1712 1497 1696 1694
4 1712 1696 1705 1694
4 1712 1705 1698 1694
4 1712 1698 1497 1694
4 1499 1696 1710 1712
4 1695 1706 1696 1705
4 1708 1710 1706 1707
4 1699 1705 1712 1707
4 1712 1696 1710 1706
4 1712 1710 1707 1706
4 1712 1707 1705 1706
4 1712 1705 1696 1706
4 1499 1710 1513 1712
4 1708 1711 1710 1707
4 1503 1513 1711 1700
4 1699 1707 1712 1700
4 1712 1710 1513 1711
4 1712 1513 1700 1711
4 1712 1700 1707 1711
4 1712 1707 1710 1711
4 1499 1513 1497 1712
4 1503 1501 1513 1700
4 1370 1497 1501 1698
4 1699 1700 1712 1698
4 1712 1513 1497 1501
4 1712 1497 1698 1501
4 1712 1698 1700 1501
4 1712 1700 1513 1501
4 1431 1450 1713 1452
4 1453 1714 1450 1455
4 1715 1713 1714 1716
4 1458 1455 1452 1716
4 1450 1713 1452 1716
4 1450 1452 1455 1716
4 1450 1455 1714 1716
4 1450 1714 1713 1716
4 1701 1718 1717 1719
4 1720 1717 1721 1722
4 1715 1721 1718 1723
4 1724 1719 1722 1723
4 1719 1718 1717 1721
4 1719 1723 1718 1721
4 1719 1722 1723 1721
4 1719 1717 1722 1721
4 1458 1459 1460 1725
4 1724 1727 1726 1725
4 1726 1459 1725 1460
4 1726 1725 1727 1460
4 1453 1729 1728 1730
4 1720 1728 1731 1722
4 1724 1730 1722 1727
4 1730 1729 1728 1731
4 1730 1727 1729 1731
4 1730 1722 1727 1731
4 1730 1728 1722 1731
4 1453 1455 1729 1730
4 1458 1460 1455 1725
4 1724 1730 1727 1725
4 1730 1455 1729 1460
4 1730 1725 1455 1460
4 1730 1727 1725 1460
4 1730 1729 1727 1460
4 1453 1714 1455 1730
4 1458 1455 1716 1725
4 1715 1716 1714 1723
4 1724 1730 1725 1723
4 1730 1714 1455 1716
4 1730 1723 1714 1716
4 1730 1725 1723 1716
4 1730 1455 1725 1716
4 1453 1728 1714 1730
4 1715 1714 1721 1723
4 1720 1721 1728 1722
4 1724 1730 1723 1722
4 1730 1728 1714 1721
4 1730 1722 1728 1721
4 1730 1723 1722 1721
4 1730 1714 1723 1721
4 954 748 1527 1732
4 747 1528 748 1440
4 1529 1527 1528 1733
4 1734 1440 1732 1733
4 1527 1732 748 1440
4 1527 1733 1732 1440
4 1527 1528 1733 1440
4 1527 748 1528 1440
4 718 1531 754 1441
4 747 754 1532 1442
4 1533 1532 1531 1735
4 1444 1441 1442 1735
4 1441 1531 754 1532
4 1441 1735 1531 1532
4 1441 1442 1735 1532
4 1441 754 1442 1532
4 1509 1535 1536 1736
4 1529 1538 1535 1737
4 1533 1536 1538 1738
4 1739 1737 1736 1738
4 1535 1536 1736 1738
4 1535 1736 1737 1738
4 1535 1737 1538 1738
4 1535 1538 1536 1738
4 1740 1445 1741 1742
4 1734 1741 1446 1743
4 1444 1446 1445 1744
4 1739 1742 1743 1744
4 1445 1741 1742 1743
4 1445 1742 1744 1743
4 1445 1744 1446 1743
4 1445 1446 1741 1743
4 1529 1733 1528 1745
4 747 1528 1440 1442
4 1734 1440 1733 1446
4 1444 1745 1442 1446
4 1745 1733 1528 1440
4 1745 1446 1733 1440
4 1745 1442 1446 1440
4 1745 1528 1442 1440
4 1529 1737 1733 1745
4 1734 1733 1743 1446
4 1739 1743 1737 1744
4 1444 1745 1446 1744
4 1745 1737 1733 1743
4 1745 1744 1737 1743
4 1745 1446 1744 1743
4 1745 1733 1446 1743
4 1529 1538 1737 1745
4 1739 1737 1738 1744
4 1533 1738 1538 1735
4 1444 1745 1744 1735
4 1745 1538 1737 1738
4 1745 1735 1538 1738
4 1745 1744 1735 1738
4 1745 1737 1744 1738
4 1529 1528 1538 1745
4 1533 1538 1532 1735
4 747 1532 1528 1442
4 1444 1745 1735 1442
4 1745 1528 1538 1532
4 1745 1442 1528 1532
4 1745 1735 1442 1532
4 1745 1538 1735 1532
4 1431 1688 1434 1746
4 1686 1690 1688 1747
4 1430 1434 1690 1748
4 1749 1747 1746 1748
4 1746 1688 1434 1690
4 1746 1434 1748 1690
4 1746 1748 1747 1690
4 1746 1747 1688 1690
4 1352 1486 1684 1500
4 1686 1684 1687 1750
4 1489 1687 1486 1551
4 1503 1500 1750 1551
4 1486 1684 1500 1750
4 1486 1500 1551 1750
4 1486 1551 1687 1750
4 1486 1687 1684 1750
4 718 1427 1491 1531
4 1430 1691 1427 1751
4 1489 1491 1691 1553
4 1533 1751 1531 1553
4 1491 1531 1427 1751
4 1491 1553 1531 1751
4 1491 1691 1553 1751
4 1491 1427 1691 1751
4 1509 1511 1752 1536
4 1749 1752 1753 1754
4 1503 1753 1511 1557
4 1533 1536 1754 1557
4 1752 1536 1511 1557
4 1752 1754 1536 1557
4 1752 1753 1754 1557
4 1752 1511 1753 1557
4 1749 1747 1748 1755
4 1686 1690 1747 1687
4 1430 1748 1690 1691
4 1489 1687 1755 1691
4 1755 1747 1748 1690
4 1755 1748 1691 1690
4 1755 1691 1687 1690
4 1755 1687 1747 1690
4 1749 1748 1754 1755
4 1430 1751 1748 1691
4 1533 1754 1751 1553
4 1489 1691 1755 1553
4 1755 1748 1754 1751
4 1755 1754 1553 1751
4 1755 1553 1691 1751
4 1755 1691 1748 1751
4 1749 1754 1753 1755
4 1533 1557 1754 1553
4 1503 1753 1557 1551
4 1489 1553 1755 1551
4 1755 1754 1753 1557
4 1755 1753 1551 1557
4 1755 1551 1553 1557
4 1755 1553 1754 1557
4 1749 1753 1747 1755
4 1503 1750 1753 1551
4 1686 1747 1750 1687
4 1489 1551 1755 1687
4 1755 1753 1747 1750
4 1755 1747 1687 1750
4 1755 1687 1551 1750
4 1755 1551 1753 1750
4 1431 1434 1452 1746
4 1430 1471 1434 1748
4 1458 1452 1471 1756
4 1749 1748 1746 1756
4 1746 1434 1452 1471
4 1746 1452 1756 1471
4 1746 1756 1748 1471
4 1746 1748 1434 1471
4 718 1441 1427 1531
4 1430 1427 1473 1751
4 1444 1473 1441 1735
4 1533 1531 1751 1735
4 1441 1427 1531 1751
4 1441 1531 1735 1751
4 1441 1735 1473 1751
4 1441 1473 1427 1751
4 1740 1459 1445 1742
4 1458 1474 1459 1757
4 1444 1445 1474 1744
4 1739 1757 1742 1744
4 1445 1742 1459 1757
4 1445 1744 1742 1757
4 1445 1474 1744 1757
4 1445 1459 1474 1757
4 1509 1536 1752 1736
4 1749 1752 1754 1758
4 1533 1754 1536 1738
4 1739 1736 1758 1738
4 1752 1736 1536 1738
4 1752 1758 1736 1738
4 1752 1754 1758 1738
4 1752 1536 1754 1738
4 1749 1748 1756 1759
4 1430 1471 1748 1473
4 1458 1756 1471 1474
4 1444 1473 1759 1474
4 1759 1748 1756 1471
4 1759 1756 1474 1471
4 1759 1474 1473 1471
4 1759 1473 1748 1471
4 1749 1756 1758 1759
4 1458 1757 1756 1474
4 1739 1758 1757 1744
4 1444 1474 1759 1744
4 1759 1756 1758 1757
4 1759 1758 1744 1757
4 1759 1744 1474 1757
4 1759 1474 1756 1757
4 1749 1758 1754 1759
4 1739 1738 1758 1744
4 1533 1754 1738 1735
4 1444 1744 1759 1735
4 1759 1758 1754 1738
4 1759 1754 1735 1738
4 1759 1735 1744 1738
4 1759 1744 1758 1738
4 1749 1754 1748 1759
4 1533 1751 1754 1735
4 1430 1748 1751 1473
4 1444 1735 1759 1473
4 1759 1754 1748 1751
4 1759 1748 1473 1751
4 1759 1473 1735 1751
4 1759 1735 1754 1751
4 1431 1452 1713 1746
4 1458 1716 1452 1756
4 1715 1713 1716 1760
4 1749 1756 1746 1760
4 1746 1452 1713 1716
4 1746 1713 1760 1716
4 1746 1760 1756 1716
4 1746 1756 1452 1716
4 1740 1726 1459 1742
4 1458 1459 1725 1757
4 1724 1725 1726 1761
4 1739 1742 1757 1761
4 1726 1459 1742 1757
4 1726 1742 1761 1757
4 1726 1761 1725 1757
4 1726 1725 1459 1757
4 1701 1718 1719 1704
4 1715 1723 1718 1762
4 1724 1719 1723 1763
4 1708 1762 1704 1763
4 1719 1704 1718 1762
4 1719 1763 1704 1762
4 1719 1723 1763 1762
4 1719 1718 1723 1762
4 1509 1736 1752 1709
4 1749 1752 1758 1764
4 1739 1758 1736 1765
4 1708 1709 1764 1765
4 1752 1709 1736 1765
4 1752 1764 1709 1765
4 1752 1758 1764 1765
4 1752 1736 1758 1765
4 1749 1756 1760 1766
4 1458 1716 1756 1725
4 1715 1760 1716 1723
4 1724 1725 1766 1723
4 1766 1756 1760 1716
4 1766 1760 1723 1716
4 1766 1723 1725 1716
4 1766 1725 1756 1716
4 1749 1760 1764 1766
4 1715 1762 1760 1723
4 1708 1764 1762 1763
4 1724 1723 1766 1763
4 1766 1760 1764 1762
4 1766 1764 1763 1762
4 1766 1763 1723 1762
4 1766 1723 1760 1762
4 1749 1764 1758 1766
4 1708 1765 1764 1763
4 1739 1758 1765 1761
4 1724 1763 1766 1761
4 1766 1764 1758 1765
4 1766 1758 1761 1765
4 1766 1761 1763 1765
4 1766 1763 1764 1765
4 1749 1758 1756 1766
4 1739 1757 1758 1761
4 1458 1756 1757 1725
4 1724 1761 1766 1725
4 1766 1758 1756 1757
4 1766 1756 1725 1757
4 1766 1725 1761 1757
4 1766 1761 1758 1757
4 1431 1713 1688 1746
4 1715 1767 1713 1760
4 1686 1688 1767 1747
4 1749 1760 1746 1747
4 1746 1713 1688 1767
4 1746 1688 1747 1767
4 1746 1747 1760 1767
4 1746 1760 1713 1767
4 1701 1703 1718 1704
4 1715 1718 1768 1762
4 1699 1768 1703 1707
4 1708 1704 1762 1707
4 1703 1718 1704 1762
4 1703 1704 1707 1762
4 1703 1707 1768 1762
4 1703 1768 1718 1762
4 1352 1684 1697 1500
4 1686 1769 1684 1750
4 1699 1697 1769 1700
4 1503 1750 1500 1700
4 1697 1500 1684 1750
4 1697 1700 1500 1750
4 1697 1769 1700 1750
4 1697 1684 1769 1750
4 1509 1709 1752 1511
4 1749 1752 1764 1753
4 1708 1764 1709 1711
4 1503 1511 1753 1711
4 1752 1511 1709 1711
4 1752 1753 1511 1711
4 1752 1764 1753 1711
4 1752 1709 1764 1711
4 1749 1760 1747 1770
4 1715 1767 1760 1768
4 1686 1747 1767 1769
4 1699 1768 1770 1769
4 1770 1760 1747 1767
4 1770 1747 1769 1767
4 1770 1769 1768 1767
4 1770 1768 1760 1767
4 1749 1747 1753 1770
4 1686 1750 1747 1769
4 1503 1753 1750 1700
4 1699 1769 1770 1700
4 1770 1747 1753 1750
4 1770 1753 1700 1750
4 1770 1700 1769 1750
4 1770 1769 1747 1750
4 1749 1753 1764 1770
4 1503 1711 1753 1700
4 1708 1764 1711 1707
4 1699 1700 1770 1707
4 1770 1753 1764 1711
4 1770 1764 1707 1711
4 1770 1707 1700 1711
4 1770 1700 1753 1711
4 1749 1764 1760 1770
4 1708 1762 1764 1707
4 1715 1760 1762 1768
4 1699 1707 1770 1768
4 1770 1764 1760 1762
4 1770 1760 1768 1762
4 1770 1768 1707 1762
4 1770 1707 1764 1762
4 1771 1772 1773 1774
4 1771 1773 1775 1774
4 1495 1776 1590 1693
4 1591 1590 1777 1778
4 1695 1693 1778 1779
4 1776 1590 1693 1778
4 1776 1693 1779 1778
4 1776 1779 1777 1778
4 1776 1777 1590 1778
4 1571 1594 1780 1781
4 1591 1782 1594 1783
4 1784 1783 1781 1785
4 1781 1594 1780 1782
4 1781 1780 1785 1782
4 1781 1785 1783 1782
4 1781 1783 1594 1782
4 1701 1702 1786 1787
4 1695 1788 1702 1789
4 1784 1786 1788 1790
4 1791 1789 1787 1790
4 1786 1787 1702 1789
4 1786 1790 1787 1789
4 1786 1788 1790 1789
4 1786 1702 1788 1789
4 1591 1778 1777 1783
4 1695 1779 1778 1788
4 1784 1783 1792 1788
4 1792 1777 1779 1778
4 1792 1779 1788 1778
4 1792 1788 1783 1778
4 1792 1783 1777 1778
4 1695 1789 1779 1788
4 1791 1793 1789 1790
4 1784 1788 1792 1790
4 1792 1779 1793 1789
4 1792 1793 1790 1789
4 1792 1790 1788 1789
4 1792 1788 1779 1789
4 1791 1794 1793 1790
4 1784 1790 1792 1785
4 1792 1785 1790 1794
4 1792 1790 1793 1794
4 1591 1777 1782 1783
4 1784 1785 1792 1783
4 1792 1777 1783 1782
4 1792 1783 1785 1782
4 1701 1795 1717 1796
4 1720 1717 1797 1798
4 1799 1797 1795 1800
4 1796 1795 1717 1797
4 1796 1800 1795 1797
4 1796 1798 1800 1797
4 1796 1717 1798 1797
4 1799 1801 1797 1800
4 1771 1772 1774 1802
4 1771 1803 1802 1774
4 1701 1795 1796 1787
4 1799 1800 1795 1804
4 1791 1804 1787 1805
4 1796 1787 1795 1804
4 1796 1805 1787 1804
4 1796 1800 1805 1804
4 1796 1795 1800 1804
4 1799 1804 1806 1800
4 1791 1807 1804 1805
4 1799 1809 1808 1806
4 1771 1810 1809 1803
4 1811 1808 1810 1809
4 1811 1810 1803 1809
4 1811 1803 1806 1809
4 1811 1806 1808 1809
4 1701 1786 1795 1787
4 1799 1795 1812 1804
4 1784 1812 1786 1790
4 1791 1787 1804 1790
4 1786 1795 1787 1804
4 1786 1787 1790 1804
4 1786 1790 1812 1804
4 1786 1812 1795 1804
4 1571 1772 1781 1780
4 1771 1813 1772 1802
4 1784 1781 1813 1785
4 1781 1780 1772 1802
4 1781 1785 1780 1802
4 1781 1813 1785 1802
4 1781 1772 1813 1802
4 1799 1809 1806 1812
4 1771 1803 1809 1813
4 1784 1812 1814 1813
4 1814 1806 1803 1809
4 1814 1803 1813 1809
4 1814 1813 1812 1809
4 1814 1812 1806 1809
4 1771 1802 1803 1813
4 1784 1813 1814 1785
4 1814 1803 1815 1802
4 1814 1815 1785 1802
4 1814 1785 1813 1802
4 1814 1813 1803 1802
4 1791 1807 1794 1790
4 1784 1785 1814 1790
4 1814 1815 1807 1794
4 1814 1807 1790 1794
4 1814 1790 1785 1794
4 1814 1785 1815 1794
4 1791 1804 1807 1790
4 1799 1806 1804 1812
4 1784 1790 1814 1812
4 1814 1807 1806 1804
4 1814 1806 1812 1804
4 1814 1812 1790 1804
4 1814 1790 1807 1804
4 1578 1580 1579 1816
4 1575 1582 1580 1817
4 1818 1816 1819 1817
4 1580 1579 1816 1819
4 1580 1816 1817 1819
4 1580 1817 1582 1819
4 1580 1582 1579 1819
4 1571 1572 1573 1772
4 1575 1573 1576 1820
4 1771 1773 1772 1820
4 1573 1772 1572 1773
4 1573 1820 1772 1773
4 1573 1576 1820 1773
4 1573 1572 1576 1773
4 1818 1822 1821 1823
4 1771 1810 1775 1823
4 1575 1582 1824 1576
4 1771 1775 1773 1820
4 1575 1576 1824 1820
4 1824 1775 1820 1773
4 1824 1820 1576 1773
4 1771 1823 1775 1820
4 1818 1822 1823 1817
4 1575 1820 1824 1817
4 1824 1775 1822 1823
4 1824 1822 1817 1823
4 1824 1817 1820 1823
4 1824 1820 1775 1823
4 1818 1819 1822 1817
4 1575 1817 1824 1582
4 1824 1582 1817 1819
4 1824 1817 1822 1819
4 954 1527 1609 1732
4 1610 1609 1611 1825
4 1529 1611 1527 1733
4 1734 1732 1825 1733
4 1527 1609 1732 1825
4 1527 1732 1733 1825
4 1527 1733 1611 1825
4 1527 1611 1609 1825
4 1578 1613 1614 1826
4 1610 1616 1613 1827
4 1618 1614 1616 1828
4 1829 1827 1826 1828
4 1826 1613 1614 1616
4 1826 1614 1828 1616
4 1826 1828 1827 1616
4 1826 1827 1613 1616
4 1509 1621 1535 1736
4 1529 1535 1622 1737
4 1618 1622 1621 1830
4 1739 1736 1737 1830
4 1535 1736 1621 1830
4 1535 1737 1736 1830
4 1535 1622 1737 1830
4 1535 1621 1622 1830
4 1740 1741 1831 1742
4 1734 1832 1741 1743
4 1829 1831 1832 1833
4 1739 1743 1742 1833
4 1831 1742 1741 1743
4 1831 1833 1742 1743
4 1831 1832 1833 1743
4 1831 1741 1832 1743
4 1529 1611 1733 1834
4 1610 1825 1611 1827
4 1734 1733 1825 1832
4 1829 1827 1834 1832
4 1834 1611 1733 1825
4 1834 1733 1832 1825
4 1834 1832 1827 1825
4 1834 1827 1611 1825
4 1529 1733 1737 1834
4 1734 1743 1733 1832
4 1739 1737 1743 1833
4 1829 1832 1834 1833
4 1834 1733 1737 1743
4 1834 1737 1833 1743
4 1834 1833 1832 1743
4 1834 1832 1733 1743
4 1529 1737 1622 1834
4 1739 1830 1737 1833
4 1618 1622 1830 1828
4 1829 1833 1834 1828
4 1834 1737 1622 1830
4 1834 1622 1828 1830
4 1834 1828 1833 1830
4 1834 1833 1737 1830
4 1529 1622 1611 1834
4 1618 1616 1622 1828
4 1610 1611 1616 1827
4 1829 1828 1834 1827
4 1834 1622 1611 1616
4 1834 1611 1827 1616
4 1834 1827 1828 1616
4 1834 1828 1622 1616
4 1495 1590 1496 1693
4 1591 1592 1590 1778
4 1499 1496 1592 1696
4 1695 1778 1693 1696
4 1496 1693 1590 1778
4 1496 1696 1693 1778
4 1496 1592 1696 1778
4 1496 1590 1592 1778
4 1571 1595 1594 1781
4 1591 1594 1597 1783
4 1599 1597 1595 1835
4 1784 1781 1783 1835
4 1781 1595 1594 1597
4 1781 1835 1595 1597
4 1781 1783 1835 1597
4 1781 1594 1783 1597
4 1509 1510 1602 1709
4 1499 1603 1510 1710
4 1599 1602 1603 1836
4 1708 1710 1709 1836
4 1510 1602 1709 1836
4 1510 1709 1710 1836
4 1510 1710 1603 1836
4 1510 1603 1602 1836
4 1701 1786 1702 1704
4 1695 1702 1788 1706
4 1784 1788 1786 1837
4 1708 1704 1706 1837
4 1786 1702 1704 1706
4 1786 1704 1837 1706
4 1786 1837 1788 1706
4 1786 1788 1702 1706
4 1499 1696 1592 1838
4 1591 1592 1778 1783
4 1695 1778 1696 1788
4 1784 1838 1783 1788
4 1838 1696 1592 1778
4 1838 1788 1696 1778
4 1838 1783 1788 1778
4 1838 1592 1783 1778
4 1499 1710 1696 1838
4 1695 1696 1706 1788
4 1708 1706 1710 1837
4 1784 1838 1788 1837
4 1838 1710 1696 1706
4 1838 1837 1710 1706
4 1838 1788 1837 1706
4 1838 1696 1788 1706
4 1499 1603 1710 1838
4 1708 1710 1836 1837
4 1599 1836 1603 1835
4 1784 1838 1837 1835
4 1838 1603 1710 1836
4 1838 1835 1603 1836
4 1838 1837 1835 1836
4 1838 1710 1837 1836
4 1499 1592 1603 1838
4 1599 1603 1597 1835
4 1591 1597 1592 1783
4 1784 1838 1835 1783
4 1838 1592 1603 1597
4 1838 1783 1592 1597
4 1838 1835 1783 1597
4 1838 1603 1835 1597
4 1799 1801 1808 1839
4 1724 1726 1727 1840
4 1701 1717 1795 1719
4 1720 1797 1717 1722
4 1799 1795 1797 1841
4 1724 1722 1719 1841
4 1719 1717 1795 1797
4 1719 1795 1841 1797
4 1719 1841 1722 1797
4 1719 1722 1717 1797
4 1724 1842 1727 1722
4 1842 1727 1722 1731
4 1799 1797 1801 1841
4 1724 1842 1722 1841
4 1842 1841 1801 1797
4 1842 1722 1841 1797
4 1799 1801 1839 1841
4 1724 1842 1841 1840
4 1842 1841 1840 1839
4 1842 1801 1841 1839
4 1724 1842 1840 1727
4 1818 1823 1821 1843
4 1771 1810 1823 1844
4 1845 1843 1846 1844
4 1846 1821 1810 1823
4 1846 1810 1844 1823
4 1846 1844 1843 1823
4 1846 1843 1821 1823
4 1578 1580 1816 1614
4 1818 1816 1817 1847
4 1575 1817 1580 1645
4 1618 1614 1847 1645
4 1580 1816 1614 1847
4 1580 1614 1645 1847
4 1580 1645 1817 1847
4 1580 1817 1816 1847
4 1571 1772 1573 1595
4 1771 1820 1772 1848
4 1575 1573 1820 1643
4 1599 1848 1595 1643
4 1573 1595 1772 1848
4 1573 1643 1595 1848
4 1573 1820 1643 1848
4 1573 1772 1820 1848
4 1509 1621 1849 1602
4 1845 1849 1850 1851
4 1618 1850 1621 1649
4 1599 1602 1851 1649
4 1849 1602 1621 1649
4 1849 1851 1602 1649
4 1849 1850 1851 1649
4 1849 1621 1850 1649
4 1845 1843 1844 1852
4 1818 1823 1843 1817
4 1771 1844 1823 1820
4 1575 1817 1852 1820
4 1852 1843 1844 1823
4 1852 1844 1820 1823
4 1852 1820 1817 1823
4 1852 1817 1843 1823
4 1845 1844 1851 1852
4 1771 1848 1844 1820
4 1599 1851 1848 1643
4 1575 1820 1852 1643
4 1852 1844 1851 1848
4 1852 1851 1643 1848
4 1852 1643 1820 1848
4 1852 1820 1844 1848
4 1845 1851 1850 1852
4 1599 1649 1851 1643
4 1618 1850 1649 1645
4 1575 1643 1852 1645
4 1852 1851 1850 1649
4 1852 1850 1645 1649
4 1852 1645 1643 1649
4 1852 1643 1851 1649
4 1845 1850 1843 1852
4 1618 1847 1850 1645
4 1818 1843 1847 1817
4 1575 1645 1852 1817
4 1852 1850 1843 1847
4 1852 1843 1817 1847
4 1852 1817 1645 1847
4 1852 1645 1850 1847
4 1771 1809 1810 1844
4 1799 1808 1809 1853
4 1845 1844 1846 1853
4 1846 1810 1808 1809
4 1846 1808 1853 1809
4 1846 1853 1844 1809
4 1846 1844 1810 1809
4 1571 1781 1772 1595
4 1771 1772 1813 1848
4 1784 1813 1781 1835
4 1599 1595 1848 1835
4 1781 1772 1595 1848
4 1781 1595 1835 1848
4 1781 1835 1813 1848
4 1781 1813 1772 1848
4 1701 1795 1786 1704
4 1799 1812 1795 1854
4 1784 1786 1812 1837
4 1708 1854 1704 1837
4 1786 1704 1795 1854
4 1786 1837 1704 1854
4 1786 1812 1837 1854
4 1786 1795 1812 1854
4 1509 1602 1849 1709
4 1845 1849 1851 1855
4 1599 1851 1602 1836
4 1708 1709 1855 1836
4 1849 1709 1602 1836
4 1849 1855 1709 1836
4 1849 1851 1855 1836
4 1849 1602 1851 1836
4 1845 1844 1853 1856
4 1771 1809 1844 1813
4 1799 1853 1809 1812
4 1784 1813 1856 1812
4 1856 1844 1853 1809
4 1856 1853 1812 1809
4 1856 1812 1813 1809
4 1856 1813 1844 1809
4 1845 1853 1855 1856
4 1799 1854 1853 1812
4 1708 1855 1854 1837
4 1784 1812 1856 1837
4 1856 1853 1855 1854
4 1856 1855 1837 1854
4 1856 1837 1812 1854
4 1856 1812 1853 1854
4 1845 1855 1851 1856
4 1708 1836 1855 1837
4 1599 1851 1836 1835
4 1784 1837 1856 1835
4 1856 1855 1851 1836
4 1856 1851 1835 1836
4 1856 1835 1837 1836
4 1856 1837 1855 1836
4 1845 1851 1844 1856
4 1599 1848 1851 1835
4 1771 1844 1848 1813
4 1784 1835 1856 1813
4 1856 1851 1844 1848
4 1856 1844 1813 1848
4 1856 1813 1835 1848
4 1856 1835 1851 1848
4 1799 1839 1808 1853
4 1857 1858 1839 1859
4 1845 1853 1846 1859
4 1846 1808 1858 1839
4 1846 1858 1859 1839
4 1846 1859 1853 1839
4 1846 1853 1808 1839
4 1701 1719 1795 1704
4 1799 1795 1841 1854
4 1724 1841 1719 1763
4 1708 1704 1854 1763
4 1719 1795 1704 1854
4 1719 1704 1763 1854
4 1719 1763 1841 1854
4 1719 1841 1795 1854
4 1740 1860 1726 1742
4 1857 1840 1860 1861
4 1724 1726 1840 1761
4 1739 1861 1742 1761
4 1726 1742 1860 1861
4 1726 1761 1742 1861
4 1726 1840 1761 1861
4 1726 1860 1840 1861
4 1509 1709 1849 1736
4 1845 1849 1855 1862
4 1708 1855 1709 1765
4 1739 1736 1862 1765
4 1849 1736 1709 1765
4 1849 1862 1736 1765
4 1849 1855 1862 1765
4 1849 1709 1855 1765
4 1845 1853 1859 1863
4 1799 1839 1853 1841
4 1857 1859 1839 1840
4 1724 1841 1863 1840
4 1863 1853 1859 1839
4 1863 1859 1840 1839
4 1863 1840 1841 1839
4 1863 1841 1853 1839
4 1845 1859 1862 1863
4 1857 1861 1859 1840
4 1739 1862 1861 1761
4 1724 1840 1863 1761
4 1863 1859 1862 1861
4 1863 1862 1761 1861
4 1863 1761 1840 1861
4 1863 1840 1859 1861
4 1845 1862 1855 1863
4 1739 1765 1862 1761
4 1708 1855 1765 1763
4 1724 1761 1863 1763
4 1863 1862 1855 1765
4 1863 1855 1763 1765
4 1863 1763 1761 1765
4 1863 1761 1862 1765
4 1845 1855 1853 1863
4 1708 1854 1855 1763
4 1799 1853 1854 1841
4 1724 1763 1863 1841
4 1863 1855 1853 1854
4 1863 1853 1841 1854
4 1863 1841 1763 1854
4 1863 1763 1855 1854
4 1857 1864 1858 1859
4 1818 1821 1864 1843
4 1845 1859 1846 1843
4 1846 1858 1821 1864
4 1846 1821 1843 1864
4 1846 1843 1859 1864
4 1846 1859 1858 1864
4 1740 1831 1860 1742
4 1857 1860 1865 1861
4 1829 1865 1831 1833
4 1739 1742 1861 1833
4 1831 1860 1742 1861
4 1831 1742 1833 1861
4 1831 1833 1865 1861
4 1831 1865 1860 1861
4 1578 1816 1826 1614
4 1818 1866 1816 1847
4 1829 1826 1866 1828
4 1618 1847 1614 1828
4 1826 1614 1816 1847
4 1826 1828 1614 1847
4 1826 1866 1828 1847
4 1826 1816 1866 1847
4 1509 1736 1849 1621
4 1845 1849 1862 1850
4 1739 1862 1736 1830
4 1618 1621 1850 1830
4 1849 1621 1736 1830
4 1849 1850 1621 1830
4 1849 1862 1850 1830
4 1849 1736 1862 1830
4 1845 1859 1843 1867
4 1857 1864 1859 1865
4 1818 1843 1864 1866
4 1829 1865 1867 1866
4 1867 1859 1843 1864
4 1867 1843 1866 1864
4 1867 1866 1865 1864
4 1867 1865 1859 1864
4 1845 1843 1850 1867
4 1818 1847 1843 1866
4 1618 1850 1847 1828
4 1829 1866 1867 1828
4 1867 1843 1850 1847
4 1867 1850 1828 1847
4 1867 1828 1866 1847
4 1867 1866 1843 1847
4 1845 1850 1862 1867
4 1618 1830 1850 1828
4 1739 1862 1830 1833
4 1829 1828 1867 1833
4 1867 1850 1862 1830
4 1867 1862 1833 1830
4 1867 1833 1828 1830
4 1867 1828 1850 1830
4 1845 1862 1859 1867
4 1739 1861 1862 1833
4 1857 1859 1861 1865
4 1829 1833 1867 1865
4 1867 1862 1859 1861
4 1867 1859 1865 1861
4 1867 1865 1833 1861
4 1867 1833 1862 1861
4 0 1 1340 2
4 4 1341 1 5
4 1343 1340 1341 1868
4 7 5 2 1868
4 1 1340 2 1868
4 1 2 5 1868
4 1 5 1341 1868
4 1 1341 1340 1868
4 10 1344 11 12
4 4 11 1345 14
4 1347 1345 1344 1869
4 16 12 14 1869
4 11 12 1344 1869
4 11 14 12 1869
4 11 1345 14 1869
4 11 1344 1345 1869
4 1352 1353 1354 1870
4 1343 1356 1353 1871
4 1347 1354 1356 1872
4 1873 1871 1870 1872
4 1870 1353 1354 1356
4 1870 1354 1872 1356
4 1870 1872 1871 1356
4 1870 1871 1353 1356
4 19 21 20 1874
4 7 20 23 1875
4 16 23 21 1876
4 1873 1874 1875 1876
4 1874 21 20 23
4 1874 1876 21 23
4 1874 1875 1876 23
4 1874 20 1875 23
4 4 1341 5 1877
4 1343 1868 1341 1871
4 7 5 1868 1875
4 1873 1871 1877 1875
4 1877 1341 5 1868
4 1877 5 1875 1868
4 1877 1875 1871 1868
4 1877 1871 1341 1868
4 4 5 14 1877
4 7 23 5 1875
4 16 14 23 1876
4 1873 1875 1877 1876
4 5 14 1877 1876
4 5 1877 1875 1876
4 5 1875 23 1876
4 5 23 14 1876
4 4 14 1345 1877
4 16 1869 14 1876
4 1347 1345 1869 1872
4 1873 1876 1877 1872
4 1877 14 1345 1869
4 1877 1345 1872 1869
4 1877 1872 1876 1869
4 1877 1876 14 1869
4 4 1345 1341 1877
4 1347 1356 1345 1872
4 1343 1341 1356 1871
4 1873 1872 1877 1871
4 1341 1877 1345 1872
4 1341 1871 1877 1872
4 1341 1356 1871 1872
4 1341 1345 1356 1872
4 10 35 1360 36
4 35 1360 36 1878
4 1370 1372 1371 1879
4 1880 1879 1881 1882
4 1881 1882 1879 1372
4 1881 1879 1371 1372
4 1352 1378 1377 1883
4 1370 1377 1380 1884
4 1382 1380 1378 1885
4 1886 1883 1884 1885
4 1378 1377 1883 1884
4 1378 1883 1885 1884
4 1378 1885 1380 1884
4 1378 1380 1377 1884
4 1382 1385 1386 1887
4 1385 1386 1887 1888
4 1889 1891 1890 1892
4 1880 1890 1893 1894
4 1886 1893 1891 1895
4 1896 1892 1894 1895
4 1890 1892 1891 1895
4 1890 1894 1892 1895
4 1890 1893 1894 1895
4 1890 1891 1893 1895
4 1880 1879 1882 1897
4 1370 1372 1879 1380
4 1382 1380 1897 1386
4 1882 1897 1879 1380
4 1882 1386 1897 1380
4 1882 1372 1386 1380
4 1882 1879 1372 1380
4 1880 1882 1894 1897
4 1896 1894 1888 1887
4 1382 1386 1897 1887
4 1897 1882 1894 1888
4 1897 1894 1887 1888
4 1897 1887 1386 1888
4 1897 1386 1882 1888
4 1880 1894 1893 1897
4 1896 1895 1894 1887
4 1886 1893 1895 1885
4 1382 1887 1897 1885
4 1894 1893 1897 1885
4 1894 1897 1887 1885
4 1894 1887 1895 1885
4 1894 1895 1893 1885
4 1880 1893 1879 1897
4 1886 1884 1893 1885
4 1370 1879 1884 1380
4 1382 1885 1897 1380
4 1897 1893 1879 1884
4 1897 1879 1380 1884
4 1897 1380 1885 1884
4 1897 1885 1893 1884
4 38 40 39 1898
4 42 39 43 1899
4 1900 1898 1899 1901
4 1898 40 39 43
4 1898 1901 40 43
4 1898 1899 1901 43
4 1898 39 1899 43
4 19 47 48 1902
4 42 50 47 1903
4 52 48 50 1904
4 1905 1903 1902 1904
4 48 1902 47 1903
4 48 1904 1902 1903
4 48 50 1904 1903
4 48 47 50 1903
4 52 56 55 1906
4 55 1906 56 1907
4 1889 1908 1909 1910
4 1900 1911 1908 1912
4 1905 1909 1911 1913
4 1914 1912 1910 1913
4 1908 1909 1910 1913
4 1908 1910 1912 1913
4 1908 1912 1911 1913
4 1908 1911 1909 1913
4 1900 1901 1899 1915
4 42 1899 43 50
4 52 1915 50 56
4 1901 1899 1915 50
4 1901 1915 56 50
4 1901 56 43 50
4 1901 43 1899 50
4 1900 1912 1901 1915
4 1914 1907 1912 1906
4 52 1915 56 1906
4 1915 1912 1901 1907
4 1915 1906 1912 1907
4 1915 56 1906 1907
4 1915 1901 56 1907
4 1900 1911 1912 1915
4 1914 1912 1913 1906
4 1905 1913 1911 1904
4 52 1915 1906 1904
4 1912 1915 1911 1904
4 1912 1906 1915 1904
4 1912 1913 1906 1904
4 1912 1911 1913 1904
4 1900 1899 1911 1915
4 1905 1911 1903 1904
4 42 1903 1899 50
4 52 1915 1904 50
4 1915 1899 1911 1903
4 1915 50 1899 1903
4 1915 1904 50 1903
4 1915 1911 1904 1903
4 10 1344 12 1916
4 1347 1869 1344 1917
4 16 12 1869 1918
4 1919 1917 1916 1918
4 1916 1344 12 1869
4 1916 12 1918 1869
4 1916 1918 1917 1869
4 1916 1917 1344 1869
4 1352 1870 1354 1883
4 1347 1354 1872 1920
4 1873 1872 1870 1921
4 1886 1883 1920 1921
4 1870 1354 1883 1920
4 1870 1883 1921 1920
4 1870 1921 1872 1920
4 1870 1872 1354 1920
4 19 21 1874 1902
4 16 1876 21 1922
4 1873 1874 1876 1923
4 1905 1922 1902 1923
4 1874 1902 21 1922
4 1874 1923 1902 1922
4 1874 1876 1923 1922
4 1874 21 1876 1922
4 1889 1891 1924 1909
4 1919 1924 1925 1926
4 1886 1925 1891 1927
4 1905 1909 1926 1927
4 1924 1909 1891 1927
4 1924 1926 1909 1927
4 1924 1925 1926 1927
4 1924 1891 1925 1927
4 1919 1917 1918 1928
4 1347 1869 1917 1872
4 16 1918 1869 1876
4 1873 1872 1928 1876
4 1928 1917 1918 1869
4 1928 1918 1876 1869
4 1928 1876 1872 1869
4 1928 1872 1917 1869
4 1919 1918 1926 1928
4 16 1922 1918 1876
4 1905 1926 1922 1923
4 1873 1876 1928 1923
4 1926 1928 1918 1876
4 1926 1923 1928 1876
4 1926 1922 1923 1876
4 1926 1918 1922 1876
4 1919 1926 1925 1928
4 1905 1927 1926 1923
4 1886 1925 1927 1921
4 1873 1923 1928 1921
4 1928 1926 1925 1927
4 1928 1925 1921 1927
4 1928 1921 1923 1927
4 1928 1923 1926 1927
4 1919 1925 1917 1928
4 1886 1920 1925 1921
4 1347 1917 1920 1872
4 1873 1921 1928 1872
4 1925 1917 1928 1872
4 1925 1928 1921 1872
4 1925 1921 1920 1872
4 1925 1920 1917 1872
4 10 12 36 1916
4 16 85 12 1918
4 86 36 85 1929
4 1919 1918 1916 1929
4 12 36 1916 1929
4 12 1916 1918 1929
4 12 1918 85 1929
4 12 85 36 1929
4 19 48 21 1902
4 16 21 88 1922
4 52 88 48 1904
4 1905 1902 1922 1904
4 21 1902 48 1904
4 21 1922 1902 1904
4 21 88 1922 1904
4 21 48 88 1904
4 52 55 92 1906
4 1889 1909 1924 1910
4 1919 1924 1926 1930
4 1905 1926 1909 1913
4 1914 1910 1930 1913
4 1910 1909 1924 1926
4 1910 1913 1909 1926
4 1910 1930 1913 1926
4 1910 1924 1930 1926
4 16 85 1918 1931
4 86 1929 85 1932
4 1919 1918 1929 1930
4 1914 1932 1931 1930
4 1931 85 1918 1929
4 1931 1918 1930 1929
4 1931 1930 1932 1929
4 1931 1932 85 1929
4 16 1918 1922 1931
4 1919 1926 1918 1930
4 1905 1922 1926 1913
4 1914 1930 1931 1913
4 1931 1918 1922 1926
4 1931 1922 1913 1926
4 1931 1913 1930 1926
4 1931 1930 1918 1926
4 16 1922 88 1931
4 1905 1904 1922 1913
4 52 88 1904 1906
4 1914 1913 1931 1906
4 1931 1922 88 1904
4 1931 88 1906 1904
4 1931 1906 1913 1904
4 1931 1913 1922 1904
4 16 88 85 1931
4 52 92 88 1906
4 86 85 92 1932
4 1914 1906 1931 1932
4 1931 88 85 92
4 1931 85 1932 92
4 1931 1932 1906 92
4 1931 1906 88 92
4 10 36 1360 1916
4 86 1878 36 1929
4 1400 1360 1878 1933
4 1919 1929 1916 1933
4 1916 36 1360 1878
4 1916 1360 1933 1878
4 1916 1933 1929 1878
4 1916 1929 36 1878
4 1889 1910 1924 1892
4 1919 1924 1930 1934
4 1914 1930 1910 1935
4 1896 1892 1934 1935
4 1924 1892 1910 1935
4 1924 1934 1892 1935
4 1924 1930 1934 1935
4 1924 1910 1930 1935
4 1919 1929 1933 1936
4 1936 1929 1933 1878
4 1919 1933 1934 1936
4 1919 1934 1930 1936
4 1936 1934 1930 1935
4 1919 1930 1929 1936
4 10 1360 1344 1916
4 1400 1399 1360 1933
4 1347 1344 1399 1917
4 1919 1933 1916 1917
4 1344 1916 1360 1933
4 1344 1917 1916 1933
4 1344 1399 1917 1933
4 1344 1360 1399 1933
4 1382 1406 1385 1887
4 1352 1354 1378 1883
4 1347 1402 1354 1920
4 1382 1378 1402 1885
4 1886 1920 1883 1885
4 1354 1378 1883 1885
4 1354 1883 1920 1885
4 1354 1920 1402 1885
4 1354 1402 1378 1885
4 1889 1892 1924 1891
4 1919 1924 1934 1925
4 1896 1934 1892 1895
4 1886 1891 1925 1895
4 1892 1924 1891 1925
4 1892 1891 1895 1925
4 1892 1895 1934 1925
4 1892 1934 1924 1925
4 1347 1917 1399 1937
4 1400 1399 1933 1938
4 1919 1933 1917 1934
4 1896 1937 1938 1934
4 1937 1917 1399 1933
4 1937 1934 1917 1933
4 1937 1938 1934 1933
4 1937 1399 1938 1933
4 1347 1920 1917 1937
4 1919 1917 1925 1934
4 1886 1925 1920 1895
4 1896 1937 1934 1895
4 1937 1920 1917 1925
4 1937 1895 1920 1925
4 1937 1934 1895 1925
4 1937 1917 1934 1925
4 1347 1402 1920 1937
4 1886 1920 1885 1895
4 1382 1885 1402 1887
4 1896 1937 1895 1887
4 1937 1402 1920 1885
4 1937 1887 1402 1885
4 1937 1895 1887 1885
4 1937 1920 1895 1885
4 1347 1399 1402 1937
4 1382 1402 1406 1887
4 1400 1406 1399 1938
4 1896 1937 1887 1938
4 1937 1399 1402 1406
4 1937 1938 1399 1406
4 1937 1887 1938 1406
4 1937 1402 1887 1406
4 1900 1898 1901 1939
4 1889 1908 1910 1940
4 1900 1912 1908 1941
4 1914 1910 1912 1942
4 1908 1910 1940 1942
4 1908 1940 1941 1942
4 1908 1941 1912 1942
4 1908 1912 1910 1942
4 1900 1939 1901 1943
4 1900 1941 1939 1943
4 1900 1912 1941 1943
4 1900 1901 1912 1943
4 1943 1901 1912 1907
4 1880 1882 1881 1944
4 1889 1892 1890 1945
4 1880 1890 1894 1946
4 1896 1894 1892 1947
4 1890 1945 1892 1947
4 1890 1946 1945 1947
4 1890 1894 1946 1947
4 1890 1892 1894 1947
4 1880 1882 1944 1948
4 1880 1944 1946 1948
4 1880 1946 1894 1948
4 1880 1894 1882 1948
4 1948 1894 1882 1888
4 1889 1949 1910 1892
4 1949 1910 1892 1935
4 1889 1949 1892 1945
4 1889 1949 1945 1940
4 1949 1945 1940 1950
4 1889 1949 1940 1910
4 0 1419 109 110
4 112 109 1420 113
4 1422 1420 1419 1951
4 115 110 113 1951
4 109 110 1419 1951
4 109 113 110 1951
4 109 1420 113 1951
4 109 1419 1420 1951
4 118 119 1423 120
4 112 1424 119 122
4 1426 1423 1424 1952
4 124 122 120 1952
4 119 1423 120 1952
4 119 120 122 1952
4 119 122 1424 1952
4 119 1424 1423 1952
4 1431 1433 1432 1953
4 1422 1432 1435 1954
4 1426 1435 1433 1955
4 1956 1953 1954 1955
4 1953 1433 1432 1435
4 1953 1955 1433 1435
4 1953 1954 1955 1435
4 1953 1432 1954 1435
4 127 128 129 1957
4 115 131 128 1958
4 124 129 131 1959
4 1956 1958 1957 1959
4 1957 128 129 131
4 1957 129 1959 131
4 1957 1959 1958 131
4 1957 1958 128 131
4 112 113 1420 1960
4 1422 1420 1951 1954
4 115 1951 113 1958
4 1956 1960 1954 1958
4 1960 113 1420 1951
4 1960 1958 113 1951
4 1960 1954 1958 1951
4 1960 1420 1954 1951
4 112 122 113 1960
4 115 113 131 1958
4 124 131 122 1959
4 1956 1960 1958 1959
4 122 113 1960 1958
4 122 1960 1959 1958
4 122 1959 131 1958
4 122 131 113 1958
4 112 1424 122 1960
4 124 122 1952 1959
4 1426 1952 1424 1955
4 1956 1960 1959 1955
4 1960 1424 122 1952
4 1960 1955 1424 1952
4 1960 1959 1955 1952
4 1960 122 1959 1952
4 112 1420 1424 1960
4 1426 1424 1435 1955
4 1422 1435 1420 1954
4 1956 1960 1955 1954
4 1424 1960 1420 1954
4 1424 1955 1960 1954
4 1424 1435 1955 1954
4 1424 1420 1435 1954
4 118 1439 143 144
4 1431 1450 1451 1961
4 1453 1454 1450 1962
4 1456 1451 1454 1963
4 1964 1962 1961 1963
4 1451 1961 1450 1962
4 1451 1963 1961 1962
4 1451 1454 1963 1962
4 1451 1450 1454 1962
4 1964 1965 1966 1967
4 1964 1967 1966 1963
4 1964 1966 1962 1963
4 1453 1962 1968 1454
4 127 147 146 1969
4 149 146 150 1970
4 152 150 147 1971
4 1972 1969 1970 1971
4 147 146 1969 1970
4 147 1969 1971 1970
4 147 1971 150 1970
4 147 150 146 1970
4 1972 1974 1973 1975
4 1972 1974 1975 1971
4 1972 1970 1974 1971
4 149 1976 1970 150
4 152 1971 1977 150
4 1977 1974 1976 1970
4 1977 1976 150 1970
4 1977 150 1971 1970
4 1977 1971 1974 1970
4 118 120 1423 1978
4 1426 1423 1952 1979
4 124 1952 120 1980
4 1981 1978 1979 1980
4 1978 120 1423 1952
4 1978 1980 120 1952
4 1978 1979 1980 1952
4 1978 1423 1979 1952
4 1431 1433 1953 1961
4 1426 1955 1433 1982
4 1956 1953 1955 1983
4 1964 1982 1961 1983
4 1953 1961 1433 1982
4 1953 1983 1961 1982
4 1953 1955 1983 1982
4 1953 1433 1955 1982
4 127 1957 129 1969
4 124 129 1959 1984
4 1956 1959 1957 1985
4 1972 1969 1984 1985
4 1957 129 1969 1984
4 1957 1969 1985 1984
4 1957 1985 1959 1984
4 1957 1959 129 1984
4 1981 1987 1986 1988
4 1964 1965 1987 1989
4 1972 1988 1973 1989
4 1986 1965 1973 1989
4 1986 1973 1988 1989
4 1986 1988 1987 1989
4 1986 1987 1965 1989
4 1981 1980 1979 1990
4 1426 1979 1952 1955
4 124 1952 1980 1959
4 1956 1990 1955 1959
4 1990 1980 1979 1952
4 1990 1959 1980 1952
4 1990 1955 1959 1952
4 1990 1979 1955 1952
4 1981 1988 1980 1990
4 124 1980 1984 1959
4 1972 1984 1988 1985
4 1956 1990 1959 1985
4 1980 1990 1988 1985
4 1980 1959 1990 1985
4 1980 1984 1959 1985
4 1980 1988 1984 1985
4 1981 1987 1988 1990
4 1972 1988 1989 1985
4 1964 1989 1987 1983
4 1956 1990 1985 1983
4 1990 1987 1988 1989
4 1990 1983 1987 1989
4 1990 1985 1983 1989
4 1990 1988 1985 1989
4 1981 1979 1987 1990
4 1964 1987 1982 1983
4 1426 1982 1979 1955
4 1956 1990 1983 1955
4 1979 1987 1990 1983
4 1979 1990 1955 1983
4 1979 1955 1982 1983
4 1979 1982 1987 1983
4 118 144 120 1978
4 124 120 210 1980
4 1981 1978 1980 1991
4 144 120 1978 1980
4 144 1978 1991 1980
4 144 1991 210 1980
4 144 210 120 1980
4 127 129 147 1969
4 124 209 129 1984
4 152 147 209 1971
4 1972 1984 1969 1971
4 1969 129 147 209
4 1969 147 1971 209
4 1969 1971 1984 209
4 1969 1984 129 209
4 1972 1973 1988 1975
4 124 1980 210 1984
4 1981 1991 1980 1988
4 1972 1984 1992 1988
4 1992 210 1991 1980
4 1992 1991 1988 1980
4 1992 1988 1984 1980
4 1992 1984 210 1980
4 1972 1988 1992 1975
4 1972 1975 1992 1971
4 152 209 213 1971
4 124 210 209 1984
4 1972 1971 1992 1984
4 1992 213 210 209
4 1992 210 1984 209
4 1992 1984 1971 209
4 1992 1971 213 209
4 118 1439 144 1978
4 1981 1978 1991 1993
4 118 1423 1439 1978
4 1426 1481 1423 1979
4 1981 1978 1993 1979
4 1439 1978 1423 1979
4 1439 1993 1978 1979
4 1439 1481 1993 1979
4 1439 1423 1481 1979
4 1431 1451 1433 1961
4 1426 1433 1480 1982
4 1456 1480 1451 1963
4 1964 1961 1982 1963
4 1961 1451 1433 1480
4 1961 1963 1451 1480
4 1961 1982 1963 1480
4 1961 1433 1982 1480
4 1964 1987 1965 1967
4 1426 1481 1979 1982
4 1981 1979 1993 1987
4 1964 1994 1982 1987
4 1994 1993 1481 1979
4 1994 1987 1993 1979
4 1994 1982 1987 1979
4 1994 1481 1982 1979
4 1964 1994 1987 1967
4 1964 1994 1967 1963
4 1456 1484 1480 1963
4 1426 1480 1481 1982
4 1964 1994 1963 1982
4 1994 1481 1484 1480
4 1994 1982 1481 1480
4 1994 1963 1982 1480
4 1994 1484 1963 1480
4 0 2 1340 1995
4 1343 1340 1868 1996
4 7 1868 2 1997
4 1998 1995 1996 1997
4 1995 2 1340 1868
4 1995 1997 2 1868
4 1995 1996 1997 1868
4 1995 1340 1996 1868
4 1352 1353 1870 1999
4 1343 1871 1353 2000
4 1873 1870 1871 2001
4 2002 2000 1999 2001
4 1870 1999 1353 2000
4 1870 2001 1999 2000
4 1870 1871 2001 2000
4 1870 1353 1871 2000
4 19 1874 20 2003
4 7 20 1875 2004
4 1873 1875 1874 2005
4 2006 2003 2004 2005
4 1874 20 2003 2004
4 1874 2003 2005 2004
4 1874 2005 1875 2004
4 1874 1875 20 2004
4 2007 2008 2009 2010
4 1998 2011 2008 2012
4 2002 2009 2011 2013
4 2006 2012 2010 2013
4 2008 2009 2010 2013
4 2008 2010 2012 2013
4 2008 2012 2011 2013
4 2008 2011 2009 2013
4 1998 1997 1996 2014
4 1343 1996 1868 1871
4 7 1868 1997 1875
4 1873 2014 1871 1875
4 2014 1997 1996 1868
4 2014 1875 1997 1868
4 2014 1871 1875 1868
4 2014 1996 1871 1868
4 1998 2012 1997 2014
4 7 1997 2004 1875
4 2006 2004 2012 2005
4 1873 2014 1875 2005
4 1997 2014 2012 2005
4 1997 1875 2014 2005
4 1997 2004 1875 2005
4 1997 2012 2004 2005
4 1998 2011 2012 2014
4 2006 2012 2013 2005
4 2002 2013 2011 2001
4 1873 2014 2005 2001
4 2014 2011 2012 2013
4 2014 2001 2011 2013
4 2014 2005 2001 2013
4 2014 2012 2005 2013
4 1998 1996 2011 2014
4 2002 2011 2000 2001
4 1343 2000 1996 1871
4 1873 2014 2001 1871
4 1996 2011 2014 2001
4 1996 2014 1871 2001
4 1996 1871 2000 2001
4 1996 2000 2011 2001
4 1495 1371 1881 2015
4 1370 1879 1371 2016
4 1880 1881 1879 2017
4 2018 2016 2015 2017
4 1881 2015 1371 2016
4 1881 2017 2015 2016
4 1881 1879 2017 2016
4 1881 1371 1879 2016
4 1352 1883 1377 2019
4 1370 1377 1884 2020
4 1886 1884 1883 2021
4 2022 2019 2020 2021
4 2019 1883 1377 1884
4 2019 2021 1883 1884
4 2019 2020 2021 1884
4 2019 1377 2020 1884
4 1889 1890 1891 2023
4 1880 1893 1890 2024
4 1886 1891 1893 2025
4 2026 2024 2023 2025
4 1890 1891 2023 2025
4 1890 2023 2024 2025
4 1890 2024 1893 2025
4 1890 1893 1891 2025
4 2027 2029 2028 2030
4 2018 2028 2031 2032
4 2022 2031 2029 2033
4 2026 2030 2032 2033
4 2029 2028 2030 2032
4 2029 2030 2033 2032
4 2029 2033 2031 2032
4 2029 2031 2028 2032
4 1880 2017 1879 2034
4 1370 1879 2016 2020
4 2018 2016 2017 2031
4 2022 2034 2020 2031
4 2017 1879 2034 2020
4 2017 2034 2031 2020
4 2017 2031 2016 2020
4 2017 2016 1879 2020
4 1880 2024 2017 2034
4 2018 2017 2032 2031
4 2026 2032 2024 2033
4 2022 2034 2031 2033
4 2034 2024 2017 2032
4 2034 2033 2024 2032
4 2034 2031 2033 2032
4 2034 2017 2031 2032
4 1880 1893 2024 2034
4 2026 2024 2025 2033
4 1886 2025 1893 2021
4 2022 2034 2033 2021
4 2024 2034 1893 2021
4 2024 2033 2034 2021
4 2024 2025 2033 2021
4 2024 1893 2025 2021
4 1880 1879 1893 2034
4 1886 1893 1884 2021
4 1370 1884 1879 2020
4 2022 2034 2021 2020
4 2034 1879 1893 1884
4 2034 2020 1879 1884
4 2034 2021 2020 1884
4 2034 1893 2021 1884
4 38 1898 39 2035
4 42 39 1899 2036
4 1900 1899 1898 2037
4 2038 2035 2036 2037
4 1898 39 2035 2036
4 1898 2035 2037 2036
4 1898 2037 1899 2036
4 1898 1899 39 2036
4 19 47 1902 2039
4 42 1903 47 2040
4 1905 1902 1903 2041
4 2042 2040 2039 2041
4 2039 47 1902 1903
4 2039 1902 2041 1903
4 2039 2041 2040 1903
4 2039 2040 47 1903
4 1889 1909 1908 2043
4 1900 1908 1911 2044
4 1905 1911 1909 2045
4 2046 2043 2044 2045
4 1908 2043 1909 2045
4 1908 2044 2043 2045
4 1908 1911 2044 2045
4 1908 1909 1911 2045
4 2047 2048 2049 2050
4 2038 2051 2048 2052
4 2042 2049 2051 2053
4 2046 2052 2050 2053
4 2049 2050 2048 2052
4 2049 2053 2050 2052
4 2049 2051 2053 2052
4 2049 2048 2051 2052
4 1900 1899 2037 2054
4 42 2036 1899 2040
4 2038 2037 2036 2051
4 2042 2040 2054 2051
4 2037 2054 1899 2040
4 2037 2051 2054 2040
4 2037 2036 2051 2040
4 2037 1899 2036 2040
4 1900 2037 2044 2054
4 2038 2052 2037 2051
4 2046 2044 2052 2053
4 2042 2051 2054 2053
4 2054 2037 2044 2052
4 2054 2044 2053 2052
4 2054 2053 2051 2052
4 2054 2051 2037 2052
4 1900 2044 1911 2054
4 2046 2045 2044 2053
4 1905 1911 2045 2041
4 2042 2053 2054 2041
4 2044 1911 2054 2041
4 2044 2054 2053 2041
4 2044 2053 2045 2041
4 2044 2045 1911 2041
4 1900 1911 1899 2054
4 1905 1903 1911 2041
4 42 1899 1903 2040
4 2042 2041 2054 2040
4 2054 1911 1899 1903
4 2054 1899 2040 1903
4 2054 2040 2041 1903
4 2054 2041 1911 1903
4 2055 2057 2056 2058
4 2059 2060 2057 2061
4 2062 2058 2063 2061
4 2056 2060 2063 2061
4 2056 2063 2058 2061
4 2056 2058 2057 2061
4 2056 2057 2060 2061
4 2007 2065 2064 2066
4 2055 2064 2067 2068
4 2069 2067 2065 2070
4 2071 2066 2068 2070
4 2064 2066 2065 2070
4 2064 2068 2066 2070
4 2064 2067 2068 2070
4 2064 2065 2067 2070
4 2027 2072 2073 2074
4 2059 2075 2072 2076
4 2069 2073 2075 2077
4 2078 2076 2074 2077
4 2074 2072 2073 2075
4 2074 2073 2077 2075
4 2074 2077 2076 2075
4 2074 2076 2072 2075
4 2047 2080 2079 2081
4 2062 2079 2082 2083
4 2071 2082 2080 2084
4 2078 2081 2083 2084
4 2081 2080 2079 2082
4 2081 2084 2080 2082
4 2081 2083 2084 2082
4 2081 2079 2083 2082
4 2055 2057 2058 2085
4 2059 2061 2057 2076
4 2062 2058 2061 2083
4 2078 2076 2085 2083
4 2085 2057 2058 2061
4 2085 2058 2083 2061
4 2085 2083 2076 2061
4 2085 2076 2057 2061
4 2055 2058 2068 2085
4 2062 2082 2058 2083
4 2071 2068 2082 2084
4 2078 2083 2085 2084
4 2068 2085 2058 2083
4 2068 2084 2085 2083
4 2068 2082 2084 2083
4 2068 2058 2082 2083
4 2055 2068 2067 2085
4 2071 2070 2068 2084
4 2069 2067 2070 2077
4 2078 2084 2085 2077
4 2085 2068 2067 2070
4 2085 2067 2077 2070
4 2085 2077 2084 2070
4 2085 2084 2068 2070
4 2055 2067 2057 2085
4 2069 2075 2067 2077
4 2059 2057 2075 2076
4 2078 2077 2085 2076
4 2067 2057 2085 2076
4 2067 2085 2077 2076
4 2067 2077 2075 2076
4 2067 2075 2057 2076
4 2007 2010 2009 2086
4 2002 2009 2013 2087
4 2006 2013 2010 2088
4 2089 2086 2087 2088
4 2086 2010 2009 2013
4 2086 2088 2010 2013
4 2086 2087 2088 2013
4 2086 2009 2087 2013
4 1352 1999 1870 1883
4 2002 2001 1999 2090
4 1873 1870 2001 1921
4 1886 2090 1883 1921
4 1870 1883 1999 2090
4 1870 1921 1883 2090
4 1870 2001 1921 2090
4 1870 1999 2001 2090
4 19 1874 2003 1902
4 2006 2003 2005 2091
4 1873 2005 1874 1923
4 1905 1902 2091 1923
4 1874 2003 1902 2091
4 1874 1902 1923 2091
4 1874 1923 2005 2091
4 1874 2005 2003 2091
4 1889 2092 1891 1909
4 2089 2093 2092 2094
4 1886 1891 2093 1927
4 1905 2094 1909 1927
4 2092 1891 1909 1927
4 2092 1909 2094 1927
4 2092 2094 2093 1927
4 2092 2093 1891 1927
4 2089 2088 2087 2095
4 2002 2087 2013 2001
4 2006 2013 2088 2005
4 1873 2095 2001 2005
4 2095 2088 2087 2013
4 2095 2005 2088 2013
4 2095 2001 2005 2013
4 2095 2087 2001 2013
4 2089 2094 2088 2095
4 2006 2088 2091 2005
4 1905 2091 2094 1923
4 1873 2095 2005 1923
4 2094 2088 2095 2005
4 2094 2095 1923 2005
4 2094 1923 2091 2005
4 2094 2091 2088 2005
4 2089 2093 2094 2095
4 1905 2094 1927 1923
4 1886 1927 2093 1921
4 1873 2095 1923 1921
4 2095 2093 2094 1927
4 2095 1921 2093 1927
4 2095 1923 1921 1927
4 2095 2094 1923 1927
4 2089 2087 2093 2095
4 1886 2093 2090 1921
4 2002 2090 2087 2001
4 1873 2095 1921 2001
4 2093 2095 2087 2001
4 2093 1921 2095 2001
4 2093 2090 1921 2001
4 2093 2087 2090 2001
4 2007 2066 2010 2086
4 2006 2010 2096 2088
4 2071 2096 2066 2097
4 2089 2086 2088 2097
4 2010 2086 2066 2097
4 2010 2088 2086 2097
4 2010 2096 2088 2097
4 2010 2066 2096 2097
4 19 2003 2039 1902
4 2006 2098 2003 2091
4 2042 2039 2098 2041
4 1905 2091 1902 2041
4 2003 2039 1902 2041
4 2003 1902 2091 2041
4 2003 2091 2098 2041
4 2003 2098 2039 2041
4 2047 2049 2080 2050
4 2071 2080 2099 2100
4 2042 2099 2049 2053
4 2046 2050 2100 2053
4 2050 2049 2080 2099
4 2050 2053 2049 2099
4 2050 2100 2053 2099
4 2050 2080 2100 2099
4 1889 2092 1909 2043
4 2089 2094 2092 2101
4 1905 1909 2094 2045
4 2046 2101 2043 2045
4 2043 2092 1909 2094
4 2043 1909 2045 2094
4 2043 2045 2101 2094
4 2043 2101 2092 2094
4 2006 2088 2096 2102
4 2071 2096 2097 2100
4 2089 2097 2088 2101
4 2046 2102 2100 2101
4 2102 2088 2096 2097
4 2102 2101 2088 2097
4 2102 2100 2101 2097
4 2102 2096 2100 2097
4 2006 2091 2088 2102
4 2089 2088 2094 2101
4 1905 2094 2091 2045
4 2046 2102 2101 2045
4 2102 2091 2088 2094
4 2102 2045 2091 2094
4 2102 2101 2045 2094
4 2102 2088 2101 2094
4 2006 2098 2091 2102
4 1905 2091 2041 2045
4 2042 2041 2098 2053
4 2046 2102 2045 2053
4 2102 2098 2091 2041
4 2102 2053 2098 2041
4 2102 2045 2053 2041
4 2102 2091 2045 2041
4 2006 2096 2098 2102
4 2042 2098 2099 2053
4 2071 2099 2096 2100
4 2046 2102 2053 2100
4 2102 2096 2098 2099
4 2102 2100 2096 2099
4 2102 2053 2100 2099
4 2102 2098 2053 2099
4 2007 2065 2066 2086
4 2071 2066 2070 2097
4 2069 2070 2065 2103
4 2089 2086 2097 2103
4 2086 2065 2066 2070
4 2086 2103 2065 2070
4 2086 2097 2103 2070
4 2086 2066 2097 2070
4 2047 2080 2081 2050
4 2071 2084 2080 2100
4 2078 2081 2084 2104
4 2046 2100 2050 2104
4 2081 2050 2080 2100
4 2081 2104 2050 2100
4 2081 2084 2104 2100
4 2081 2080 2084 2100
4 2027 2074 2073 2030
4 2069 2073 2077 2105
4 2078 2077 2074 2106
4 2026 2030 2105 2106
4 2074 2073 2030 2105
4 2074 2030 2106 2105
4 2074 2106 2077 2105
4 2074 2077 2073 2105
4 1889 2092 2043 2023
4 2089 2101 2092 2107
4 2046 2043 2101 2108
4 2026 2107 2023 2108
4 2092 2043 2023 2108
4 2092 2023 2107 2108
4 2092 2107 2101 2108
4 2092 2101 2043 2108
4 2089 2103 2097 2109
4 2071 2097 2070 2084
4 2069 2070 2103 2077
4 2078 2109 2084 2077
4 2109 2103 2097 2070
4 2109 2077 2103 2070
4 2109 2084 2077 2070
4 2109 2097 2084 2070
4 2089 2107 2103 2109
4 2069 2103 2105 2077
4 2026 2105 2107 2106
4 2078 2109 2077 2106
4 2103 2109 2107 2106
4 2103 2077 2109 2106
4 2103 2105 2077 2106
4 2103 2107 2105 2106
4 2089 2101 2107 2109
4 2026 2107 2108 2106
4 2046 2108 2101 2104
4 2078 2109 2106 2104
4 2109 2101 2107 2108
4 2109 2104 2101 2108
4 2109 2106 2104 2108
4 2109 2107 2106 2108
4 2089 2097 2101 2109
4 2046 2101 2100 2104
4 2071 2100 2097 2084
4 2078 2109 2104 2084
4 2097 2101 2109 2104
4 2097 2109 2084 2104
4 2097 2084 2100 2104
4 2097 2100 2101 2104
4 2007 2009 2065 2086
4 2069 2065 2110 2103
4 2002 2110 2009 2087
4 2089 2086 2103 2087
4 2009 2065 2086 2103
4 2009 2086 2087 2103
4 2009 2087 2110 2103
4 2009 2110 2065 2103
4 2027 2073 2029 2030
4 2069 2111 2073 2105
4 2022 2029 2111 2033
4 2026 2105 2030 2033
4 2030 2073 2029 2111
4 2030 2029 2033 2111
4 2030 2033 2105 2111
4 2030 2105 2073 2111
4 1352 2019 1999 1883
4 2002 1999 2112 2090
4 2022 2112 2019 2021
4 1886 1883 2090 2021
4 1999 1883 2019 2021
4 1999 2090 1883 2021
4 1999 2112 2090 2021
4 1999 2019 2112 2021
4 1889 2092 2023 1891
4 2089 2107 2092 2093
4 2026 2023 2107 2025
4 1886 2093 1891 2025
4 2023 1891 2092 2093
4 2023 2025 1891 2093
4 2023 2107 2025 2093
4 2023 2092 2107 2093
4 2002 2110 2087 2113
4 2069 2103 2110 2105
4 2089 2087 2103 2107
4 2026 2105 2113 2107
4 2113 2110 2087 2103
4 2113 2087 2107 2103
4 2113 2107 2105 2103
4 2113 2105 2110 2103
4 2002 2087 2090 2113
4 2089 2093 2087 2107
4 1886 2090 2093 2025
4 2026 2107 2113 2025
4 2113 2087 2090 2093
4 2113 2090 2025 2093
4 2113 2025 2107 2093
4 2113 2107 2087 2093
4 2002 2090 2112 2113
4 1886 2021 2090 2025
4 2022 2112 2021 2033
4 2026 2025 2113 2033
4 2113 2090 2112 2021
4 2113 2112 2033 2021
4 2113 2033 2025 2021
4 2113 2025 2090 2021
4 2002 2112 2110 2113
4 2022 2111 2112 2033
4 2069 2110 2111 2105
4 2026 2033 2113 2105
4 2113 2112 2110 2111
4 2113 2110 2105 2111
4 2113 2105 2033 2111
4 2113 2033 2112 2111
4 2059 2060 2061 2114
4 2062 2061 2063 2115
4 2116 2117 2114 2115
4 2117 2063 2060 2061
4 2117 2115 2063 2061
4 2117 2114 2115 2061
4 2117 2060 2114 2061
4 2027 2072 2074 2118
4 2059 2076 2072 2119
4 2078 2074 2076 2120
4 2121 2119 2118 2120
4 2074 2118 2072 2119
4 2074 2120 2118 2119
4 2074 2076 2120 2119
4 2074 2072 2076 2119
4 2047 2081 2079 2122
4 2062 2079 2083 2123
4 2078 2083 2081 2124
4 2125 2122 2123 2124
4 2081 2079 2122 2123
4 2081 2122 2124 2123
4 2081 2124 2083 2123
4 2081 2083 2079 2123
4 2116 2115 2114 2126
4 2059 2114 2061 2076
4 2062 2061 2115 2083
4 2078 2126 2076 2083
4 2126 2115 2114 2061
4 2126 2083 2115 2061
4 2126 2076 2083 2061
4 2126 2114 2076 2061
4 2116 2127 2115 2126
4 2062 2115 2123 2083
4 2125 2123 2127 2124
4 2078 2126 2083 2124
4 2127 2115 2126 2083
4 2127 2126 2124 2083
4 2127 2124 2123 2083
4 2127 2123 2115 2083
4 2116 2128 2127 2126
4 2125 2127 2129 2124
4 2121 2129 2128 2120
4 2078 2126 2124 2120
4 2126 2128 2127 2129
4 2126 2120 2128 2129
4 2126 2124 2120 2129
4 2126 2127 2124 2129
4 2116 2114 2128 2126
4 2121 2128 2119 2120
4 2059 2119 2114 2076
4 2078 2126 2120 2076
4 2128 2126 2114 2076
4 2128 2120 2126 2076
4 2128 2119 2120 2076
4 2128 2114 2119 2076
4 2018 2017 2015 2130
4 1880 1881 2017 1944
4 1881 2017 1944 2130
4 1881 2015 2017 2130
4 2027 2030 2028 2131
4 2018 2028 2032 2132
4 2026 2032 2030 2133
4 2134 2131 2132 2133
4 2131 2030 2028 2032
4 2131 2133 2030 2032
4 2131 2132 2133 2032
4 2131 2028 2132 2032
4 1889 1890 2023 1945
4 1880 2024 1890 1946
4 2026 2023 2024 2135
4 1890 2023 1945 2135
4 1890 1945 1946 2135
4 1890 1946 2024 2135
4 1890 2024 2023 2135
4 1880 1944 2017 2136
4 2018 2017 2130 2132
4 1880 1946 1944 2136
4 1880 2024 1946 2136
4 2026 2135 2024 2133
4 2134 2136 2137 2133
4 2024 1946 2136 2137
4 2024 2136 2133 2137
4 2024 2133 2135 2137
4 2024 2135 1946 2137
4 1880 2017 2024 2136
4 2026 2024 2032 2133
4 2018 2032 2017 2132
4 2134 2136 2133 2132
4 2136 2017 2024 2032
4 2136 2132 2017 2032
4 2136 2133 2132 2032
4 2136 2024 2133 2032
4 2038 2035 2037 2138
4 1900 2037 1898 1939
4 1898 1939 2037 2138
4 1898 2037 2035 2138
4 2047 2048 2050 2139
4 2038 2052 2048 2140
4 2046 2050 2052 2141
4 2142 2140 2139 2141
4 2139 2048 2050 2052
4 2139 2050 2141 2052
4 2139 2141 2140 2052
4 2139 2140 2048 2052
4 1889 2043 1908 1940
4 1900 1908 2044 1941
4 2046 2044 2043 2143
4 1908 1940 2043 2143
4 1908 1941 1940 2143
4 1908 2044 1941 2143
4 1908 2043 2044 2143
4 1900 2037 1939 2144
4 2038 2138 2037 2140
4 1900 1939 1941 2144
4 1900 1941 2044 2144
4 2046 2044 2143 2141
4 2142 2145 2144 2141
4 2044 2144 1941 2145
4 2044 2141 2144 2145
4 2044 2143 2141 2145
4 2044 1941 2143 2145
4 1900 2044 2037 2144
4 2046 2052 2044 2141
4 2038 2037 2052 2140
4 2142 2141 2144 2140
4 2144 2044 2037 2052
4 2144 2037 2140 2052
4 2144 2140 2141 2052
4 2144 2141 2044 2052
4 2027 2118 2074 2030
4 2121 2120 2118 2146
4 2078 2074 2120 2106
4 2026 2146 2030 2106
4 2074 2030 2118 2146
4 2074 2106 2030 2146
4 2074 2120 2106 2146
4 2074 2118 2120 2146
4 2047 2081 2122 2050
4 2125 2122 2124 2147
4 2078 2124 2081 2104
4 2046 2050 2147 2104
4 2081 2122 2050 2147
4 2081 2050 2104 2147
4 2081 2104 2124 2147
4 2081 2124 2122 2147
4 1889 2148 2023 2043
4 2149 2150 2148 2151
4 2026 2023 2150 2108
4 2046 2151 2043 2108
4 2148 2023 2043 2108
4 2148 2043 2151 2108
4 2148 2151 2150 2108
4 2148 2150 2023 2108
4 2149 2153 2152 2154
4 2121 2152 2129 2120
4 2125 2129 2153 2124
4 2078 2154 2120 2124
4 2154 2153 2152 2129
4 2154 2124 2153 2129
4 2154 2120 2124 2129
4 2154 2152 2120 2129
4 2149 2151 2153 2154
4 2125 2153 2147 2124
4 2046 2147 2151 2104
4 2078 2154 2124 2104
4 2153 2154 2151 2104
4 2153 2124 2154 2104
4 2153 2147 2124 2104
4 2153 2151 2147 2104
4 2149 2150 2151 2154
4 2046 2151 2108 2104
4 2026 2108 2150 2106
4 2078 2154 2104 2106
4 2154 2150 2151 2108
4 2154 2106 2150 2108
4 2154 2104 2106 2108
4 2154 2151 2104 2108
4 2149 2152 2150 2154
4 2026 2150 2146 2106
4 2121 2146 2152 2120
4 2078 2154 2106 2120
4 2152 2150 2154 2106
4 2152 2154 2120 2106
4 2152 2120 2146 2106
4 2152 2146 2150 2106
4 2047 2122 2139 2050
4 2125 2155 2122 2147
4 2142 2139 2155 2141
4 2046 2147 2050 2141
4 2050 2122 2139 2155
4 2050 2139 2141 2155
4 2050 2141 2147 2155
4 2050 2147 2122 2155
4 1889 2148 2043 1940
4 2149 2151 2148 2156
4 2046 2043 2151 2143
4 2043 1940 2148 2156
4 2043 2143 1940 2156
4 2043 2151 2143 2156
4 2043 2148 2151 2156
4 2046 2147 2157 2151
4 2157 2151 2147 2153
4 2046 2151 2157 2143
4 2157 2143 2151 2156
4 2046 2143 2157 2141
4 2157 2141 2143 2145
4 2046 2141 2157 2147
4 2157 2147 2141 2155
4 1889 2148 1940 1945
4 2149 2156 2148 2158
4 2148 1940 1945 1950
4 2148 1945 2158 1950
4 2148 2158 2156 1950
4 2148 2156 1940 1950
4 2027 2131 2118 2030
4 2121 2118 2159 2146
4 2134 2159 2131 2133
4 2026 2030 2146 2133
4 2030 2131 2118 2159
4 2030 2133 2131 2159
4 2030 2146 2133 2159
4 2030 2118 2146 2159
4 1889 2148 1945 2023
4 2149 2158 2148 2150
4 2026 2150 2023 2135
4 2023 2148 1945 2158
4 2023 1945 2135 2158
4 2023 2135 2150 2158
4 2023 2150 2148 2158
4 2026 2160 2146 2150
4 2160 2146 2150 2152
4 2026 2160 2150 2135
4 2160 2150 2135 2158
4 2026 2160 2135 2133
4 2160 2135 2133 2137
4 2026 2160 2133 2146
4 2160 2133 2146 2159
4 2062 2063 2161 2115
4 2047 2079 2162 2122
4 2062 2163 2079 2123
4 2125 2123 2122 2164
4 2079 2162 2122 2164
4 2079 2122 2123 2164
4 2079 2123 2163 2164
4 2079 2163 2162 2164
4 2062 2115 2161 2165
4 2062 2123 2115 2165
4 2165 2123 2115 2127
4 2062 2163 2123 2165
4 2165 2163 2123 2164
4 2062 2161 2163 2165
4 2038 2166 2035 2138
4 2047 2167 2048 2139
4 2038 2048 2168 2140
4 2142 2139 2140 2169
4 2048 2139 2167 2169
4 2048 2140 2139 2169
4 2048 2168 2140 2169
4 2048 2167 2168 2169
4 2047 2122 2162 2170
4 2170 2122 2162 2164
4 2047 2139 2122 2170
4 2170 2139 2122 2155
4 2047 2167 2139 2170
4 2170 2167 2139 2169
4 2047 2162 2167 2170
4 2059 2171 2060 2114
4 2027 2172 2072 2118
4 2059 2072 2173 2119
4 2121 2118 2119 2174
4 2072 2118 2172 2174
4 2072 2119 2118 2174
4 2072 2173 2119 2174
4 2072 2172 2173 2174
4 2059 2171 2114 2175
4 2059 2114 2119 2175
4 2175 2114 2119 2128
4 2059 2119 2173 2175
4 2175 2119 2173 2174
4 2059 2173 2171 2175
4 2018 2015 2176 2130
4 2027 2028 2177 2131
4 2018 2178 2028 2132
4 2134 2132 2131 2179
4 2028 2177 2131 2179
4 2028 2131 2132 2179
4 2028 2132 2178 2179
4 2028 2178 2177 2179
4 2027 2172 2118 2180
4 2180 2172 2118 2174
4 2027 2118 2131 2180
4 2180 2118 2131 2159
4 2027 2131 2177 2180
4 2180 2131 2177 2179
4 2027 2177 2172 2180
4 0 110 2 1995
4 7 2 462 1997
4 115 462 110 2181
4 1998 1995 1997 2181
4 110 2 1995 1997
4 110 1995 2181 1997
4 110 2181 462 1997
4 110 462 2 1997
4 19 20 463 2003
4 7 464 20 2004
4 465 463 464 2182
4 2006 2004 2003 2182
4 2003 20 463 464
4 2003 463 2182 464
4 2003 2182 2004 464
4 2003 2004 20 464
4 127 467 128 2183
4 115 128 468 2184
4 465 468 467 2185
4 2186 2183 2184 2185
4 128 2183 467 2185
4 128 2184 2183 2185
4 128 468 2184 2185
4 128 467 468 2185
4 2007 2008 2010 2187
4 1998 2012 2008 2188
4 2006 2010 2012 2189
4 2186 2188 2187 2189
4 2010 2187 2008 2188
4 2010 2189 2187 2188
4 2010 2012 2189 2188
4 2010 2008 2012 2188
4 115 462 2181 2190
4 7 1997 462 2004
4 1998 2181 1997 2012
4 2006 2004 2190 2012
4 2190 462 2181 1997
4 2190 2181 2012 1997
4 2190 2012 2004 1997
4 2190 2004 462 1997
4 115 2181 2184 2190
4 1998 2188 2181 2012
4 2186 2184 2188 2189
4 2006 2012 2190 2189
4 2190 2181 2184 2188
4 2190 2184 2189 2188
4 2190 2189 2012 2188
4 2190 2012 2181 2188
4 115 2184 468 2190
4 2186 2185 2184 2189
4 465 468 2185 2182
4 2006 2189 2190 2182
4 2190 2184 468 2185
4 2190 468 2182 2185
4 2190 2182 2189 2185
4 2190 2189 2184 2185
4 115 468 462 2190
4 465 464 468 2182
4 7 462 464 2004
4 2006 2182 2190 2004
4 2190 468 462 464
4 2190 462 2004 464
4 2190 2004 2182 464
4 2190 2182 468 464
4 38 39 472 2035
4 42 473 39 2036
4 474 472 473 2191
4 2038 2036 2035 2191
4 2035 39 472 473
4 2035 472 2191 473
4 2035 2191 2036 473
4 2035 2036 39 473
4 19 476 47 2039
4 42 47 477 2040
4 478 477 476 2192
4 2042 2039 2040 2192
4 476 47 2039 2040
4 476 2039 2192 2040
4 476 2192 477 2040
4 476 477 47 2040
4 480 481 482 2193
4 474 484 481 2194
4 478 482 484 2195
4 2196 2194 2193 2195
4 482 2193 481 2194
4 482 2195 2193 2194
4 482 484 2195 2194
4 482 481 484 2194
4 2047 2049 2048 2197
4 2038 2048 2051 2198
4 2042 2051 2049 2199
4 2196 2197 2198 2199
4 2048 2197 2049 2199
4 2048 2198 2197 2199
4 2048 2051 2198 2199
4 2048 2049 2051 2199
4 2038 2036 2191 2200
4 42 473 2036 477
4 474 2191 473 484
4 478 477 2200 484
4 2200 2036 2191 473
4 2200 2191 484 473
4 2200 484 477 473
4 2200 477 2036 473
4 2038 2191 2198 2200
4 474 2194 2191 484
4 2196 2198 2194 2195
4 478 484 2200 2195
4 2200 2191 2198 2194
4 2200 2198 2195 2194
4 2200 2195 484 2194
4 2200 484 2191 2194
4 2038 2198 2051 2200
4 2196 2199 2198 2195
4 2042 2051 2199 2192
4 478 2195 2200 2192
4 2200 2198 2051 2199
4 2200 2051 2192 2199
4 2200 2192 2195 2199
4 2200 2195 2198 2199
4 2038 2051 2036 2200
4 2042 2040 2051 2192
4 42 2036 2040 477
4 478 2192 2200 477
4 2200 2051 2036 2040
4 2200 2036 477 2040
4 2200 477 2192 2040
4 2200 2192 2051 2040
4 127 146 492 2201
4 149 493 146 2202
4 494 492 493 2203
4 2204 2202 2201 2203
4 146 492 2201 2203
4 146 2201 2202 2203
4 146 2202 493 2203
4 146 493 492 2203
4 480 497 496 2205
4 499 496 500 2206
4 494 500 497 2207
4 2208 2205 2206 2207
4 2205 497 496 500
4 2205 2207 497 500
4 2205 2206 2207 500
4 2205 496 2206 500
4 2204 2209 2210 2211
4 2208 2213 2212 2211
4 2212 2209 2211 2210
4 2212 2211 2213 2210
4 149 2214 507 2215
4 499 507 2216 2206
4 2208 2215 2206 2213
4 2215 2214 507 2216
4 2215 2213 2214 2216
4 2215 2206 2213 2216
4 2215 507 2206 2216
4 149 2202 2214 2215
4 2204 2210 2202 2211
4 2208 2215 2213 2211
4 2215 2202 2214 2210
4 2215 2211 2202 2210
4 2215 2213 2211 2210
4 2215 2214 2213 2210
4 149 493 2202 2215
4 2204 2202 2203 2211
4 494 2203 493 2207
4 2208 2215 2211 2207
4 2215 493 2202 2203
4 2215 2207 493 2203
4 2215 2211 2207 2203
4 2215 2202 2211 2203
4 149 507 493 2215
4 494 493 500 2207
4 499 500 507 2206
4 2208 2215 2207 2206
4 2215 507 493 500
4 2215 2206 507 500
4 2215 2207 2206 500
4 2215 493 2207 500
4 2055 2058 2056 2217
4 2062 2063 2058 2218
4 2219 2217 2220 2218
4 2063 2220 2056 2217
4 2063 2218 2220 2217
4 2063 2058 2218 2217
4 2063 2056 2058 2217
4 2007 2066 2064 2221
4 2055 2064 2068 2222
4 2071 2068 2066 2223
4 2224 2221 2222 2223
4 2221 2066 2064 2068
4 2221 2223 2066 2068
4 2221 2222 2223 2068
4 2221 2064 2222 2068
4 2047 2079 2080 2225
4 2062 2082 2079 2226
4 2071 2080 2082 2227
4 2228 2226 2225 2227
4 2079 2080 2225 2227
4 2079 2225 2226 2227
4 2079 2226 2082 2227
4 2079 2082 2080 2227
4 2229 2231 2230 2232
4 2219 2230 2233 2234
4 2224 2233 2231 2235
4 2228 2232 2234 2235
4 2231 2230 2232 2234
4 2231 2232 2235 2234
4 2231 2235 2233 2234
4 2231 2233 2230 2234
4 2062 2218 2058 2236
4 2055 2058 2217 2222
4 2219 2217 2218 2233
4 2224 2236 2222 2233
4 2236 2218 2058 2217
4 2236 2233 2218 2217
4 2236 2222 2233 2217
4 2236 2058 2222 2217
4 2062 2226 2218 2236
4 2219 2218 2234 2233
4 2228 2234 2226 2235
4 2224 2236 2233 2235
4 2236 2226 2218 2234
4 2236 2235 2226 2234
4 2236 2233 2235 2234
4 2236 2218 2233 2234
4 2062 2082 2226 2236
4 2228 2226 2227 2235
4 2071 2227 2082 2223
4 2224 2236 2235 2223
4 2236 2082 2226 2227
4 2236 2223 2082 2227
4 2236 2235 2223 2227
4 2236 2226 2235 2227
4 2062 2058 2082 2236
4 2071 2082 2068 2223
4 2055 2068 2058 2222
4 2224 2236 2223 2222
4 2236 2058 2082 2068
4 2236 2222 2058 2068
4 2236 2223 2222 2068
4 2236 2082 2223 2068
4 127 467 2183 2237
4 465 2185 467 2238
4 2186 2183 2185 2239
4 2240 2238 2237 2239
4 2237 467 2183 2185
4 2237 2183 2239 2185
4 2237 2239 2238 2185
4 2237 2238 467 2185
4 19 2003 463 2039
4 465 463 2182 2241
4 2006 2182 2003 2098
4 2042 2039 2241 2098
4 2003 463 2039 2241
4 2003 2039 2098 2241
4 2003 2098 2182 2241
4 2003 2182 463 2241
4 2007 2187 2010 2066
4 2186 2189 2187 2242
4 2006 2010 2189 2096
4 2071 2242 2066 2096
4 2010 2066 2187 2242
4 2010 2096 2066 2242
4 2010 2189 2096 2242
4 2010 2187 2189 2242
4 2047 2049 2243 2080
4 2240 2243 2244 2245
4 2042 2244 2049 2099
4 2071 2080 2245 2099
4 2243 2080 2049 2099
4 2243 2245 2080 2099
4 2243 2244 2245 2099
4 2243 2049 2244 2099
4 2240 2238 2239 2246
4 465 2185 2238 2182
4 2186 2239 2185 2189
4 2006 2182 2246 2189
4 2246 2238 2239 2185
4 2246 2239 2189 2185
4 2246 2189 2182 2185
4 2246 2182 2238 2185
4 2240 2239 2245 2246
4 2186 2242 2239 2189
4 2071 2245 2242 2096
4 2006 2189 2246 2096
4 2246 2239 2245 2242
4 2246 2245 2096 2242
4 2246 2096 2189 2242
4 2246 2189 2239 2242
4 2240 2245 2244 2246
4 2071 2099 2245 2096
4 2042 2244 2099 2098
4 2006 2096 2246 2098
4 2246 2245 2244 2099
4 2246 2244 2098 2099
4 2246 2098 2096 2099
4 2246 2096 2245 2099
4 2240 2244 2238 2246
4 2042 2241 2244 2098
4 465 2238 2241 2182
4 2006 2098 2246 2182
4 2246 2244 2238 2241
4 2246 2238 2182 2241
4 2246 2182 2098 2241
4 2246 2098 2244 2241
4 127 2183 2201 2237
4 2186 2247 2183 2239
4 2204 2201 2247 2248
4 2240 2239 2237 2248
4 2237 2183 2201 2247
4 2237 2201 2248 2247
4 2237 2248 2239 2247
4 2237 2239 2183 2247
4 2007 2221 2187 2066
4 2186 2187 2249 2242
4 2224 2249 2221 2223
4 2071 2066 2242 2223
4 2221 2187 2066 2242
4 2221 2066 2223 2242
4 2221 2223 2249 2242
4 2221 2249 2187 2242
4 2229 2209 2231 2232
4 2204 2250 2209 2251
4 2224 2231 2250 2235
4 2228 2251 2232 2235
4 2231 2232 2209 2251
4 2231 2235 2232 2251
4 2231 2250 2235 2251
4 2231 2209 2250 2251
4 2047 2080 2243 2225
4 2240 2243 2245 2252
4 2071 2245 2080 2227
4 2228 2225 2252 2227
4 2243 2225 2080 2227
4 2243 2252 2225 2227
4 2243 2245 2252 2227
4 2243 2080 2245 2227
4 2240 2239 2248 2253
4 2186 2247 2239 2249
4 2204 2248 2247 2250
4 2224 2249 2253 2250
4 2253 2239 2248 2247
4 2253 2248 2250 2247
4 2253 2250 2249 2247
4 2253 2249 2239 2247
4 2240 2248 2252 2253
4 2204 2251 2248 2250
4 2228 2252 2251 2235
4 2224 2250 2253 2235
4 2253 2248 2252 2251
4 2253 2252 2235 2251
4 2253 2235 2250 2251
4 2253 2250 2248 2251
4 2240 2252 2245 2253
4 2228 2227 2252 2235
4 2071 2245 2227 2223
4 2224 2235 2253 2223
4 2253 2252 2245 2227
4 2253 2245 2223 2227
4 2253 2223 2235 2227
4 2253 2235 2252 2227
4 2240 2245 2239 2253
4 2071 2242 2245 2223
4 2186 2239 2242 2249
4 2224 2223 2253 2249
4 2253 2245 2239 2242
4 2253 2239 2249 2242
4 2253 2249 2223 2242
4 2253 2223 2245 2242
4 127 2201 492 2237
4 2204 2203 2201 2248
4 494 492 2203 2254
4 2240 2248 2237 2254
4 2237 2201 492 2203
4 2237 492 2254 2203
4 2237 2254 2248 2203
4 2237 2248 2201 2203
4 2229 2212 2209 2232
4 2204 2209 2211 2251
4 2208 2211 2212 2255
4 2228 2232 2251 2255
4 2212 2209 2232 2251
4 2212 2232 2255 2251
4 2212 2255 2211 2251
4 2212 2211 2209 2251
4 480 497 2205 2193
4 494 2207 497 2256
4 2208 2205 2207 2257
4 2196 2256 2193 2257
4 2205 2193 497 2256
4 2205 2257 2193 2256
4 2205 2207 2257 2256
4 2205 497 2207 2256
4 2047 2225 2243 2197
4 2240 2243 2252 2258
4 2228 2252 2225 2259
4 2196 2197 2258 2259
4 2243 2197 2225 2259
4 2243 2258 2197 2259
4 2243 2252 2258 2259
4 2243 2225 2252 2259
4 2240 2248 2254 2260
4 2204 2203 2248 2211
4 494 2254 2203 2207
4 2208 2211 2260 2207
4 2260 2248 2254 2203
4 2260 2254 2207 2203
4 2260 2207 2211 2203
4 2260 2211 2248 2203
4 2240 2254 2258 2260
4 494 2256 2254 2207
4 2196 2258 2256 2257
4 2208 2207 2260 2257
4 2260 2254 2258 2256
4 2260 2258 2257 2256
4 2260 2257 2207 2256
4 2260 2207 2254 2256
4 2240 2258 2252 2260
4 2196 2259 2258 2257
4 2228 2252 2259 2255
4 2208 2257 2260 2255
4 2260 2258 2252 2259
4 2260 2252 2255 2259
4 2260 2255 2257 2259
4 2260 2257 2258 2259
4 2240 2252 2248 2260
4 2228 2251 2252 2255
4 2204 2248 2251 2211
4 2208 2255 2260 2211
4 2260 2252 2248 2251
4 2260 2248 2211 2251
4 2260 2211 2255 2251
4 2260 2255 2252 2251
4 127 492 467 2237
4 494 541 492 2254
4 465 467 541 2238
4 2240 2254 2237 2238
4 2237 492 467 541
4 2237 467 2238 541
4 2237 2238 2254 541
4 2237 2254 492 541
4 480 482 497 2193
4 494 497 542 2256
4 478 542 482 2195
4 2196 2193 2256 2195
4 482 497 2193 2256
4 482 2193 2195 2256
4 482 2195 542 2256
4 482 542 497 2256
4 19 463 476 2039
4 465 543 463 2241
4 478 476 543 2192
4 2042 2241 2039 2192
4 476 2039 463 2241
4 476 2192 2039 2241
4 476 543 2192 2241
4 476 463 543 2241
4 2047 2197 2243 2049
4 2240 2243 2258 2244
4 2196 2258 2197 2199
4 2042 2049 2244 2199
4 2243 2049 2197 2199
4 2243 2244 2049 2199
4 2243 2258 2244 2199
4 2243 2197 2258 2199
4 2240 2254 2238 2261
4 494 541 2254 542
4 465 2238 541 543
4 478 542 2261 543
4 2261 2254 2238 541
4 2261 2238 543 541
4 2261 543 542 541
4 2261 542 2254 541
4 2240 2238 2244 2261
4 465 2241 2238 543
4 2042 2244 2241 2192
4 478 543 2261 2192
4 2261 2238 2244 2241
4 2261 2244 2192 2241
4 2261 2192 543 2241
4 2261 543 2238 2241
4 2240 2244 2258 2261
4 2042 2199 2244 2192
4 2196 2258 2199 2195
4 478 2192 2261 2195
4 2261 2244 2258 2199
4 2261 2258 2195 2199
4 2261 2195 2192 2199
4 2261 2192 2244 2199
4 2240 2258 2254 2261
4 2196 2256 2258 2195
4 494 2254 2256 542
4 478 2195 2261 542
4 2261 2258 2254 2256
4 2261 2254 542 2256
4 2261 542 2195 2256
4 2261 2195 2258 2256
4 480 2205 496 2262
4 499 496 2206 2263
4 2208 2206 2205 2264
4 2265 2262 2263 2264
4 2205 496 2262 2263
4 2205 2262 2264 2263
4 2205 2264 2206 2263
4 2205 2206 496 2263
4 2208 2212 2213 2266
4 2208 2206 2267 2213
4 2267 2213 2206 2216
4 2208 2213 2267 2266
4 2208 2266 2267 2264
4 2267 2264 2266 2268
4 2208 2264 2267 2206
4 2267 2206 2264 2263
4 474 472 2191 2269
4 2038 2191 2035 2166
4 2035 2166 2191 2269
4 2035 2191 472 2269
4 480 481 2193 2270
4 474 2194 481 2271
4 2196 2193 2194 2272
4 2273 2271 2270 2272
4 2270 481 2193 2194
4 2270 2193 2272 2194
4 2270 2272 2271 2194
4 2270 2271 481 2194
4 2047 2197 2048 2167
4 2038 2048 2198 2168
4 2196 2198 2197 2274
4 2048 2167 2197 2274
4 2048 2168 2167 2274
4 2048 2198 2168 2274
4 2048 2197 2198 2274
4 2038 2191 2166 2275
4 474 2269 2191 2271
4 2273 2271 2275 2276
4 2275 2191 2166 2269
4 2275 2166 2276 2269
4 2275 2276 2271 2269
4 2275 2271 2191 2269
4 2038 2166 2168 2275
4 2273 2276 2275 2277
4 2038 2168 2198 2275
4 2196 2198 2274 2272
4 2273 2277 2275 2272
4 2275 2168 2198 2274
4 2275 2198 2272 2274
4 2275 2272 2277 2274
4 2275 2277 2168 2274
4 2038 2198 2191 2275
4 2196 2194 2198 2272
4 474 2191 2194 2271
4 2273 2272 2275 2271
4 2275 2198 2191 2194
4 2275 2191 2271 2194
4 2275 2271 2272 2194
4 2275 2272 2198 2194
4 2062 2063 2218 2161
4 2229 2232 2230 2278
4 2219 2230 2234 2279
4 2228 2234 2232 2280
4 2278 2232 2230 2234
4 2278 2280 2232 2234
4 2278 2279 2280 2234
4 2278 2230 2279 2234
4 2047 2079 2225 2162
4 2062 2226 2079 2163
4 2228 2225 2226 2281
4 2079 2225 2162 2281
4 2079 2162 2163 2281
4 2079 2163 2226 2281
4 2079 2226 2225 2281
4 2062 2161 2218 2282
4 2062 2163 2161 2282
4 2062 2226 2163 2282
4 2228 2281 2226 2280
4 2282 2226 2163 2281
4 2282 2280 2226 2281
4 2062 2218 2226 2282
4 2228 2226 2234 2280
4 2219 2234 2218 2279
4 2282 2218 2226 2234
4 2282 2279 2218 2234
4 2282 2280 2279 2234
4 2282 2226 2280 2234
4 480 2205 2262 2193
4 2265 2262 2264 2283
4 2208 2264 2205 2257
4 2196 2193 2283 2257
4 2205 2262 2193 2283
4 2205 2193 2257 2283
4 2205 2257 2264 2283
4 2205 2264 2262 2283
4 2208 2212 2266 2255
4 2228 2284 2232 2255
4 2212 2255 2232 2284
4 2212 2266 2255 2284
4 2047 2197 2285 2225
4 2286 2285 2287 2288
4 2196 2287 2197 2259
4 2228 2225 2288 2259
4 2285 2225 2197 2259
4 2285 2288 2225 2259
4 2285 2287 2288 2259
4 2285 2197 2287 2259
4 2286 2289 2290 2291
4 2265 2268 2289 2264
4 2208 2264 2291 2266
4 2291 2289 2290 2268
4 2291 2290 2266 2268
4 2291 2266 2264 2268
4 2291 2264 2289 2268
4 2286 2290 2288 2291
4 2228 2288 2284 2255
4 2208 2266 2291 2255
4 2291 2290 2288 2284
4 2291 2288 2255 2284
4 2291 2255 2266 2284
4 2291 2266 2290 2284
4 2286 2288 2287 2291
4 2228 2259 2288 2255
4 2196 2287 2259 2257
4 2208 2255 2291 2257
4 2291 2288 2287 2259
4 2291 2287 2257 2259
4 2291 2257 2255 2259
4 2291 2255 2288 2259
4 2286 2287 2289 2291
4 2196 2283 2287 2257
4 2265 2289 2283 2264
4 2208 2257 2291 2264
4 2291 2287 2289 2283
4 2291 2289 2264 2283
4 2291 2264 2257 2283
4 2291 2257 2287 2283
4 2228 2232 2284 2280
4 2278 2232 2280 2284
4 2047 2225 2285 2162
4 2286 2285 2288 2292
4 2228 2288 2225 2281
4 2285 2162 2225 2281
4 2285 2292 2162 2281
4 2285 2288 2292 2281
4 2285 2225 2288 2281
4 2286 2292 2288 2293
4 2228 2288 2281 2280
4 2293 2292 2288 2281
4 2293 2288 2280 2281
4 2286 2288 2290 2293
4 2228 2284 2288 2280
4 2293 2288 2290 2284
4 2293 2280 2288 2284
4 2047 2162 2285 2167
4 2286 2285 2292 2294
4 480 2262 2270 2193
4 2265 2295 2262 2283
4 2273 2270 2295 2272
4 2196 2283 2193 2272
4 2270 2193 2262 2283
4 2270 2272 2193 2283
4 2270 2295 2272 2283
4 2270 2262 2295 2283
4 2047 2167 2285 2197
4 2286 2285 2294 2287
4 2196 2197 2287 2274
4 2285 2197 2167 2274
4 2285 2287 2197 2274
4 2285 2294 2287 2274
4 2285 2167 2294 2274
4 2286 2289 2287 2296
4 2265 2283 2289 2295
4 2196 2287 2283 2272
4 2273 2295 2296 2272
4 2296 2289 2287 2283
4 2296 2287 2272 2283
4 2296 2272 2295 2283
4 2296 2295 2289 2283
4 2286 2287 2294 2296
4 2196 2274 2287 2272
4 2273 2272 2296 2277
4 2296 2287 2294 2274
4 2296 2294 2277 2274
4 2296 2277 2272 2274
4 2296 2272 2287 2274
4 480 496 565 2262
4 499 567 496 2263
4 2265 2263 2262 2297
4 565 2262 496 2263
4 565 2297 2262 2263
4 565 567 2297 2263
4 565 496 567 2263
4 474 548 472 2269
4 545 472 548 2269
4 480 556 481 2270
4 474 481 558 2271
4 560 558 556 2298
4 2273 2270 2271 2298
4 2270 556 481 558
4 2270 2298 556 558
4 2270 2271 2298 558
4 2270 481 2271 558
4 474 548 2269 2271
4 2273 2299 2271 2276
4 2299 2271 2276 2269
4 2299 548 2271 2269
4 560 562 558 2298
4 474 558 548 2271
4 2273 2299 2298 2271
4 2299 548 562 558
4 2299 2271 548 558
4 2299 2298 2271 558
4 2299 562 2298 558
4 480 2262 565 556
4 2265 2297 2262 2300
4 560 2300 556 573
4 565 556 2262 2300
4 565 573 556 2300
4 565 2297 573 2300
4 565 2262 2297 2300
4 480 2270 2262 556
4 2265 2262 2295 2300
4 2273 2295 2270 2298
4 560 556 2300 2298
4 2270 2262 556 2300
4 2270 556 2298 2300
4 2270 2298 2295 2300
4 2270 2295 2262 2300
4 0 1419 110 1995
4 115 110 1951 2181
4 1422 1951 1419 2301
4 1998 1995 2181 2301
4 1995 1419 110 1951
4 1995 2301 1419 1951
4 1995 2181 2301 1951
4 1995 110 2181 1951
4 127 128 1957 2183
4 115 1958 128 2184
4 1956 1957 1958 2302
4 2186 2184 2183 2302
4 1957 2183 128 2184
4 1957 2302 2183 2184
4 1957 1958 2302 2184
4 1957 128 1958 2184
4 1431 1953 1432 2303
4 1422 1432 1954 2304
4 1956 1954 1953 2305
4 2306 2303 2304 2305
4 1953 1432 2303 2304
4 1953 2303 2305 2304
4 1953 2305 1954 2304
4 1953 1954 1432 2304
4 2007 2008 2187 2307
4 1998 2188 2008 2308
4 2186 2187 2188 2309
4 2306 2308 2307 2309
4 2008 2187 2307 2309
4 2008 2307 2308 2309
4 2008 2308 2188 2309
4 2008 2188 2187 2309
4 1998 2301 2181 2310
4 115 2181 1951 1958
4 1422 1951 2301 1954
4 1956 2310 1958 1954
4 2310 2301 2181 1951
4 2310 1954 2301 1951
4 2310 1958 1954 1951
4 2310 2181 1958 1951
4 1998 2308 2301 2310
4 1422 2301 2304 1954
4 2306 2304 2308 2305
4 1956 2310 1954 2305
4 2308 2301 2310 1954
4 2308 2310 2305 1954
4 2308 2305 2304 1954
4 2308 2304 2301 1954
4 1998 2188 2308 2310
4 2306 2308 2309 2305
4 2186 2309 2188 2302
4 1956 2310 2305 2302
4 2310 2188 2308 2309
4 2310 2302 2188 2309
4 2310 2305 2302 2309
4 2310 2308 2305 2309
4 1998 2181 2188 2310
4 2186 2188 2184 2302
4 115 2184 2181 1958
4 1956 2310 2302 1958
4 2188 2310 2181 1958
4 2188 2302 2310 1958
4 2188 2184 2302 1958
4 2188 2181 2184 1958
4 127 1969 146 2201
4 149 146 1970 2202
4 1972 1970 1969 2311
4 2204 2201 2202 2311
4 2201 1969 146 1970
4 2201 2311 1969 1970
4 2201 2202 2311 1970
4 2201 146 2202 1970
4 1972 1973 1974 2312
4 2204 2210 2209 2313
4 149 1976 2214 2202
4 2204 2314 2202 2210
4 1976 2202 2314 2210
4 1976 2214 2202 2210
4 2204 2314 2210 2313
4 1972 2312 1974 2311
4 2204 2314 2313 2311
4 1974 2314 2311 2313
4 1974 2311 2312 2313
4 1972 1974 1970 2311
4 149 1970 1976 2202
4 2204 2314 2311 2202
4 2314 1976 1974 1970
4 2314 2202 1976 1970
4 2314 2311 2202 1970
4 2314 1974 2311 1970
4 1431 1450 1961 2315
4 1453 1962 1450 2316
4 1964 1961 1962 2317
4 2318 2316 2315 2317
4 2315 1450 1961 1962
4 2315 1961 2317 1962
4 2315 2317 2316 1962
4 2315 2316 1450 1962
4 1964 1966 1965 2319
4 2318 2320 2321 2322
4 1453 2323 1968 2316
4 2318 2316 2324 2321
4 1968 2324 2316 2321
4 1968 2316 2323 2321
4 2318 2321 2324 2322
4 1964 1966 2319 2317
4 2318 2322 2324 2317
4 1966 2317 2324 2322
4 1966 2319 2317 2322
4 1964 1962 1966 2317
4 1453 1968 1962 2316
4 2318 2317 2324 2316
4 2324 1966 1968 1962
4 2324 1968 2316 1962
4 2324 2316 2317 1962
4 2324 2317 1966 1962
4 2055 2217 2056 2325
4 2219 2220 2217 2326
4 2327 2325 2328 2326
4 2056 2220 2328 2326
4 2056 2328 2325 2326
4 2056 2325 2217 2326
4 2056 2217 2220 2326
4 2007 2221 2064 2329
4 2055 2064 2222 2330
4 2224 2222 2221 2331
4 2332 2329 2330 2331
4 2064 2329 2221 2331
4 2064 2330 2329 2331
4 2064 2222 2330 2331
4 2064 2221 2222 2331
4 2229 2230 2231 2333
4 2219 2233 2230 2334
4 2224 2231 2233 2335
4 2336 2334 2333 2335
4 2333 2230 2231 2233
4 2333 2231 2335 2233
4 2333 2335 2334 2233
4 2333 2334 2230 2233
4 2337 2339 2338 2340
4 2327 2338 2341 2342
4 2332 2341 2339 2343
4 2336 2340 2342 2343
4 2340 2339 2338 2341
4 2340 2343 2339 2341
4 2340 2342 2343 2341
4 2340 2338 2342 2341
4 2055 2217 2325 2344
4 2219 2326 2217 2334
4 2327 2325 2326 2342
4 2336 2334 2344 2342
4 2344 2217 2325 2326
4 2344 2325 2342 2326
4 2344 2342 2334 2326
4 2344 2334 2217 2326
4 2055 2325 2330 2344
4 2327 2341 2325 2342
4 2332 2330 2341 2343
4 2336 2342 2344 2343
4 2325 2330 2344 2343
4 2325 2344 2342 2343
4 2325 2342 2341 2343
4 2325 2341 2330 2343
4 2055 2330 2222 2344
4 2332 2331 2330 2343
4 2224 2222 2331 2335
4 2336 2343 2344 2335
4 2344 2330 2222 2331
4 2344 2222 2335 2331
4 2344 2335 2343 2331
4 2344 2343 2330 2331
4 2055 2222 2217 2344
4 2224 2233 2222 2335
4 2219 2217 2233 2334
4 2336 2335 2344 2334
4 2217 2344 2222 2335
4 2217 2334 2344 2335
4 2217 2233 2334 2335
4 2217 2222 2233 2335
4 2007 2307 2187 2345
4 2186 2187 2309 2346
4 2306 2309 2307 2347
4 2348 2345 2346 2347
4 2345 2307 2187 2309
4 2345 2347 2307 2309
4 2345 2346 2347 2309
4 2345 2187 2346 2309
4 127 2183 1957 1969
4 2186 2302 2183 2349
4 1956 1957 2302 1985
4 1972 2349 1969 1985
4 1957 1969 2183 2349
4 1957 1985 1969 2349
4 1957 2302 1985 2349
4 1957 2183 2302 2349
4 1431 1953 2303 1961
4 2306 2303 2305 2350
4 1956 2305 1953 1983
4 1964 1961 2350 1983
4 1953 2303 1961 2350
4 1953 1961 1983 2350
4 1953 1983 2305 2350
4 1953 2305 2303 2350
4 2348 2352 2351 2353
4 1972 1973 2352 1989
4 1964 2353 1965 1989
4 2351 1973 1965 1989
4 2351 1965 2353 1989
4 2351 2353 2352 1989
4 2351 2352 1973 1989
4 2348 2347 2346 2354
4 2186 2346 2309 2302
4 2306 2309 2347 2305
4 1956 2354 2302 2305
4 2354 2347 2346 2309
4 2354 2305 2347 2309
4 2354 2302 2305 2309
4 2354 2346 2302 2309
4 2348 2353 2347 2354
4 2306 2347 2350 2305
4 1964 2350 2353 1983
4 1956 2354 2305 1983
4 2347 2354 2353 1983
4 2347 2305 2354 1983
4 2347 2350 2305 1983
4 2347 2353 2350 1983
4 2348 2352 2353 2354
4 1964 2353 1989 1983
4 1972 1989 2352 1985
4 1956 2354 1983 1985
4 2354 2352 2353 1989
4 2354 1985 2352 1989
4 2354 1983 1985 1989
4 2354 2353 1983 1989
4 2348 2346 2352 2354
4 1972 2352 2349 1985
4 2186 2349 2346 2302
4 1956 2354 1985 2302
4 2346 2352 2354 1985
4 2346 2354 2302 1985
4 2346 2302 2349 1985
4 2346 2349 2352 1985
4 2007 2329 2307 2345
4 2306 2307 2355 2347
4 2332 2355 2329 2356
4 2348 2345 2347 2356
4 2329 2307 2345 2347
4 2329 2345 2356 2347
4 2329 2356 2355 2347
4 2329 2355 2307 2347
4 1431 2303 2315 1961
4 2306 2357 2303 2350
4 2318 2315 2357 2317
4 1964 2350 1961 2317
4 1961 2303 2315 2357
4 1961 2315 2317 2357
4 1961 2317 2350 2357
4 1961 2350 2303 2357
4 2337 2320 2339 2358
4 2332 2339 2359 2360
4 2318 2359 2320 2322
4 2361 2358 2360 2322
4 2339 2358 2320 2322
4 2339 2360 2358 2322
4 2339 2359 2360 2322
4 2339 2320 2359 2322
4 2348 2353 2351 2362
4 1964 1965 2353 2319
4 1965 2353 2319 2362
4 1965 2351 2353 2362
4 2332 2355 2356 2363
4 2306 2347 2355 2350
4 2348 2356 2347 2353
4 1964 2350 2363 2353
4 2363 2355 2356 2347
4 2363 2356 2353 2347
4 2363 2353 2350 2347
4 2363 2350 2355 2347
4 2332 2356 2360 2363
4 2348 2362 2356 2353
4 2361 2360 2362 2319
4 1964 2353 2363 2319
4 2363 2356 2360 2362
4 2363 2360 2319 2362
4 2363 2319 2353 2362
4 2363 2353 2356 2362
4 2332 2360 2359 2363
4 2361 2322 2360 2319
4 2318 2359 2322 2317
4 1964 2319 2363 2317
4 2363 2360 2359 2322
4 2363 2359 2317 2322
4 2363 2317 2319 2322
4 2363 2319 2360 2322
4 2332 2359 2355 2363
4 2318 2357 2359 2317
4 2306 2355 2357 2350
4 1964 2317 2363 2350
4 2363 2359 2355 2357
4 2363 2355 2350 2357
4 2363 2350 2317 2357
4 2363 2317 2359 2357
4 2007 2221 2329 2345
4 2332 2329 2331 2356
4 2224 2331 2221 2364
4 2348 2345 2356 2364
4 2345 2221 2329 2331
4 2345 2364 2221 2331
4 2345 2356 2364 2331
4 2345 2329 2356 2331
4 2337 2339 2340 2358
4 2332 2343 2339 2360
4 2336 2340 2343 2365
4 2361 2360 2358 2365
4 2340 2358 2339 2360
4 2340 2365 2358 2360
4 2340 2343 2365 2360
4 2340 2339 2343 2360
4 2229 2333 2231 2366
4 2224 2231 2335 2367
4 2336 2335 2333 2368
4 2369 2366 2367 2368
4 2333 2231 2366 2367
4 2333 2366 2368 2367
4 2333 2368 2335 2367
4 2333 2335 2231 2367
4 2348 2362 2351 2370
4 2369 2370 2371 2372
4 2351 2371 2370 2372
4 2351 2370 2362 2372
4 2348 2364 2356 2373
4 2332 2356 2331 2343
4 2224 2331 2364 2335
4 2336 2373 2343 2335
4 2373 2364 2356 2331
4 2373 2335 2364 2331
4 2373 2343 2335 2331
4 2373 2356 2343 2331
4 2348 2370 2364 2373
4 2224 2364 2367 2335
4 2369 2367 2370 2368
4 2336 2373 2335 2368
4 2370 2364 2373 2335
4 2370 2373 2368 2335
4 2370 2368 2367 2335
4 2370 2367 2364 2335
4 2348 2362 2370 2373
4 2369 2370 2372 2368
4 2361 2372 2362 2365
4 2336 2373 2368 2365
4 2373 2362 2370 2372
4 2373 2365 2362 2372
4 2373 2368 2365 2372
4 2373 2370 2368 2372
4 2348 2356 2362 2373
4 2361 2362 2360 2365
4 2332 2360 2356 2343
4 2336 2373 2365 2343
4 2362 2373 2356 2343
4 2362 2365 2373 2343
4 2362 2360 2365 2343
4 2362 2356 2360 2343
4 2007 2187 2221 2345
4 2224 2221 2249 2364
4 2186 2249 2187 2346
4 2348 2345 2364 2346
4 2221 2345 2187 2346
4 2221 2364 2345 2346
4 2221 2249 2364 2346
4 2221 2187 2249 2346
4 2229 2231 2209 2366
4 2224 2250 2231 2367
4 2204 2209 2250 2313
4 2369 2367 2366 2313
4 2231 2209 2366 2313
4 2231 2366 2367 2313
4 2231 2367 2250 2313
4 2231 2250 2209 2313
4 127 2201 2183 1969
4 2186 2183 2247 2349
4 2204 2247 2201 2311
4 1972 1969 2349 2311
4 1969 2201 2183 2247
4 1969 2311 2201 2247
4 1969 2349 2311 2247
4 1969 2183 2349 2247
4 2348 2370 2351 2352
4 2369 2371 2370 2312
4 1972 2352 1973 2312
4 1973 2351 2371 2370
4 1973 2371 2312 2370
4 1973 2312 2352 2370
4 1973 2352 2351 2370
4 2224 2364 2249 2374
4 2186 2249 2346 2349
4 2348 2346 2364 2352
4 1972 2374 2349 2352
4 2374 2364 2249 2346
4 2374 2352 2364 2346
4 2374 2349 2352 2346
4 2374 2249 2349 2346
4 2224 2367 2364 2374
4 2348 2364 2370 2352
4 2369 2370 2367 2312
4 1972 2374 2352 2312
4 2374 2367 2364 2370
4 2374 2312 2367 2370
4 2374 2352 2312 2370
4 2374 2364 2352 2370
4 2224 2250 2367 2374
4 2369 2367 2313 2312
4 2204 2313 2250 2311
4 1972 2374 2312 2311
4 2374 2250 2367 2313
4 2374 2311 2250 2313
4 2374 2312 2311 2313
4 2374 2367 2312 2313
4 2224 2249 2250 2374
4 2204 2250 2247 2311
4 2186 2247 2249 2349
4 1972 2374 2311 2349
4 2374 2249 2250 2247
4 2374 2349 2249 2247
4 2374 2311 2349 2247
4 2374 2250 2311 2247
4 0 1340 1419 1995
4 1422 1419 1683 2301
4 1343 1683 1340 1996
4 1998 1995 2301 1996
4 1419 1995 1340 1996
4 1419 2301 1995 1996
4 1419 1683 2301 1996
4 1419 1340 1683 1996
4 1431 1432 1688 2303
4 1422 1689 1432 2304
4 1686 1688 1689 2375
4 2306 2304 2303 2375
4 1432 1688 2303 2375
4 1432 2303 2304 2375
4 1432 2304 1689 2375
4 1432 1689 1688 2375
4 1352 1684 1353 1999
4 1343 1353 1685 2000
4 1686 1685 1684 2376
4 2002 1999 2000 2376
4 1999 1684 1353 1685
4 1999 2376 1684 1685
4 1999 2000 2376 1685
4 1999 1353 2000 1685
4 2007 2008 2307 2009
4 1998 2308 2008 2011
4 2306 2307 2308 2377
4 2002 2011 2009 2377
4 2009 2008 2307 2308
4 2009 2307 2377 2308
4 2009 2377 2011 2308
4 2009 2011 2008 2308
4 1422 2301 1683 2378
4 1343 1683 1996 2000
4 1998 1996 2301 2011
4 2002 2378 2000 2011
4 2378 2301 1683 1996
4 2378 2011 2301 1996
4 2378 2000 2011 1996
4 2378 1683 2000 1996
4 1422 2304 2301 2378
4 1998 2301 2308 2011
4 2306 2308 2304 2377
4 2002 2378 2011 2377
4 2378 2304 2301 2308
4 2378 2377 2304 2308
4 2378 2011 2377 2308
4 2378 2301 2011 2308
4 1422 1689 2304 2378
4 2306 2304 2375 2377
4 1686 2375 1689 2376
4 2002 2378 2377 2376
4 2378 1689 2304 2375
4 2378 2376 1689 2375
4 2378 2377 2376 2375
4 2378 2304 2377 2375
4 1422 1683 1689 2378
4 1686 1689 1685 2376
4 1343 1685 1683 2000
4 2002 2378 2376 2000
4 2378 1683 1689 1685
4 2378 2000 1683 1685
4 2378 2376 2000 1685
4 2378 1689 2376 1685
4 1431 1713 1450 2315
4 1453 1450 1714 2316
4 1715 1714 1713 2379
4 2318 2315 2316 2379
4 1450 2315 1713 2379
4 1450 2316 2315 2379
4 1450 1714 2316 2379
4 1450 1713 1714 2379
4 1701 1717 1718 2380
4 1720 1721 1717 2381
4 1715 1718 1721 2382
4 2383 2381 2380 2382
4 2380 1717 1718 1721
4 2380 1718 2382 1721
4 2380 2382 2381 1721
4 2380 2381 1717 1721
4 2318 2321 2320 2384
4 2383 2385 2386 2384
4 2385 2384 2320 2321
4 2385 2386 2384 2321
4 1453 1728 2323 2387
4 2383 2381 2387 2386
4 1453 2323 2316 2387
4 2318 2316 2321 2384
4 2383 2386 2387 2384
4 2387 2323 2316 2321
4 2387 2316 2384 2321
4 2387 2384 2386 2321
4 2387 2386 2323 2321
4 1453 2316 1714 2387
4 2318 2379 2316 2384
4 1715 1714 2379 2382
4 2383 2384 2387 2382
4 2387 2316 1714 2379
4 2387 1714 2382 2379
4 2387 2382 2384 2379
4 2387 2384 2316 2379
4 1453 1714 1728 2387
4 1715 1721 1714 2382
4 1720 1728 1721 2381
4 2383 2382 2387 2381
4 2387 1714 1728 1721
4 2387 1728 2381 1721
4 2387 2381 2382 1721
4 2387 2382 1714 1721
4 1495 1693 1371 2015
4 1370 1371 1694 2016
4 1695 1694 1693 2388
4 2018 2015 2016 2388
4 2015 1693 1371 1694
4 2015 2388 1693 1694
4 2015 2016 2388 1694
4 2015 1371 2016 1694
4 1352 1377 1697 2019
4 1370 1698 1377 2020
4 1699 1697 1698 2389
4 2022 2020 2019 2389
4 1697 2019 1377 2020
4 1697 2389 2019 2020
4 1697 1698 2389 2020
4 1697 1377 1698 2020
4 1701 1703 1702 2390
4 1695 1702 1705 2391
4 1699 1705 1703 2392
4 2393 2390 2391 2392
4 1703 1702 2390 2391
4 1703 2390 2392 2391
4 1703 2392 1705 2391
4 1703 1705 1702 2391
4 2027 2028 2029 2394
4 2018 2031 2028 2395
4 2022 2029 2031 2396
4 2393 2395 2394 2396
4 2028 2029 2394 2396
4 2028 2394 2395 2396
4 2028 2395 2031 2396
4 2028 2031 2029 2396
4 2018 2388 2016 2397
4 1370 2016 1694 1698
4 1695 1694 2388 1705
4 1699 2397 1698 1705
4 2397 2388 2016 1694
4 2397 1705 2388 1694
4 2397 1698 1705 1694
4 2397 2016 1698 1694
4 2018 2395 2388 2397
4 1695 2388 2391 1705
4 2393 2391 2395 2392
4 1699 2397 1705 2392
4 2397 2395 2388 2391
4 2397 2392 2395 2391
4 2397 1705 2392 2391
4 2397 2388 1705 2391
4 2018 2031 2395 2397
4 2393 2395 2396 2392
4 2022 2396 2031 2389
4 1699 2397 2392 2389
4 2397 2031 2395 2396
4 2397 2389 2031 2396
4 2397 2392 2389 2396
4 2397 2395 2392 2396
4 2018 2016 2031 2397
4 2022 2031 2020 2389
4 1370 2020 2016 1698
4 1699 2397 2389 1698
4 2397 2016 2031 2020
4 2397 1698 2016 2020
4 2397 2389 1698 2020
4 2397 2031 2389 2020
4 2055 2325 2056 2057
4 2327 2328 2325 2398
4 2059 2057 2060 2398
4 2060 2056 2328 2325
4 2060 2328 2398 2325
4 2060 2398 2057 2325
4 2060 2057 2056 2325
4 2007 2329 2064 2065
4 2055 2064 2330 2067
4 2332 2330 2329 2399
4 2069 2065 2067 2399
4 2329 2064 2065 2067
4 2329 2065 2399 2067
4 2329 2399 2330 2067
4 2329 2330 2064 2067
4 2337 2338 2339 2400
4 2327 2341 2338 2401
4 2332 2339 2341 2402
4 2403 2401 2400 2402
4 2339 2400 2338 2401
4 2339 2402 2400 2401
4 2339 2341 2402 2401
4 2339 2338 2341 2401
4 2027 2073 2072 2404
4 2059 2072 2075 2405
4 2069 2075 2073 2406
4 2403 2404 2405 2406
4 2072 2404 2073 2406
4 2072 2405 2404 2406
4 2072 2075 2405 2406
4 2072 2073 2075 2406
4 2059 2057 2398 2407
4 2055 2325 2057 2330
4 2327 2398 2325 2341
4 2332 2330 2407 2341
4 2407 2057 2398 2325
4 2407 2398 2341 2325
4 2407 2341 2330 2325
4 2407 2330 2057 2325
4 2059 2398 2405 2407
4 2327 2401 2398 2341
4 2403 2405 2401 2402
4 2332 2341 2407 2402
4 2407 2398 2405 2401
4 2407 2405 2402 2401
4 2407 2402 2341 2401
4 2407 2341 2398 2401
4 2059 2405 2075 2407
4 2403 2406 2405 2402
4 2069 2075 2406 2399
4 2332 2402 2407 2399
4 2407 2405 2075 2406
4 2407 2075 2399 2406
4 2407 2399 2402 2406
4 2407 2402 2405 2406
4 2059 2075 2057 2407
4 2069 2067 2075 2399
4 2055 2057 2067 2330
4 2332 2399 2407 2330
4 2407 2075 2057 2067
4 2407 2057 2330 2067
4 2407 2330 2399 2067
4 2407 2399 2075 2067
4 1431 2303 1688 2408
4 1686 1688 2375 2409
4 2306 2375 2303 2410
4 2411 2408 2409 2410
4 2408 2303 1688 2375
4 2408 2410 2303 2375
4 2408 2409 2410 2375
4 2408 1688 2409 2375
4 1352 1684 1999 2019
4 1686 2376 1684 2412
4 2002 1999 2376 2112
4 2022 2412 2019 2112
4 1999 2019 1684 2412
4 1999 2112 2019 2412
4 1999 2376 2112 2412
4 1999 1684 2376 2412
4 2007 2009 2307 2065
4 2306 2307 2377 2413
4 2002 2377 2009 2110
4 2069 2065 2413 2110
4 2009 2307 2065 2413
4 2009 2065 2110 2413
4 2009 2110 2377 2413
4 2009 2377 2307 2413
4 2027 2414 2029 2073
4 2411 2415 2414 2416
4 2022 2029 2415 2111
4 2069 2416 2073 2111
4 2414 2029 2073 2111
4 2414 2073 2416 2111
4 2414 2416 2415 2111
4 2414 2415 2029 2111
4 2411 2410 2409 2417
4 1686 2409 2375 2376
4 2306 2375 2410 2377
4 2002 2417 2376 2377
4 2417 2410 2409 2375
4 2417 2377 2410 2375
4 2417 2376 2377 2375
4 2417 2409 2376 2375
4 2411 2416 2410 2417
4 2306 2410 2413 2377
4 2069 2413 2416 2110
4 2002 2417 2377 2110
4 2417 2416 2410 2413
4 2417 2110 2416 2413
4 2417 2377 2110 2413
4 2417 2410 2377 2413
4 2411 2415 2416 2417
4 2069 2416 2111 2110
4 2022 2111 2415 2112
4 2002 2417 2110 2112
4 2417 2415 2416 2111
4 2417 2112 2415 2111
4 2417 2110 2112 2111
4 2417 2416 2110 2111
4 2411 2409 2415 2417
4 2022 2415 2412 2112
4 1686 2412 2409 2376
4 2002 2417 2112 2376
4 2417 2409 2415 2412
4 2417 2376 2409 2412
4 2417 2112 2376 2412
4 2417 2415 2112 2412
4 1431 2315 2303 2408
4 2306 2303 2357 2410
4 2318 2357 2315 2418
4 2411 2408 2410 2418
4 2408 2315 2303 2357
4 2408 2418 2315 2357
4 2408 2410 2418 2357
4 2408 2303 2410 2357
4 2007 2307 2329 2065
4 2306 2355 2307 2413
4 2332 2329 2355 2399
4 2069 2413 2065 2399
4 2329 2065 2307 2413
4 2329 2399 2065 2413
4 2329 2355 2399 2413
4 2329 2307 2355 2413
4 2337 2339 2320 2400
4 2318 2320 2359 2419
4 2332 2359 2339 2402
4 2403 2400 2419 2402
4 2339 2320 2400 2419
4 2339 2400 2402 2419
4 2339 2402 2359 2419
4 2339 2359 2320 2419
4 2027 2414 2073 2404
4 2411 2416 2414 2420
4 2069 2073 2416 2406
4 2403 2420 2404 2406
4 2414 2073 2404 2406
4 2414 2404 2420 2406
4 2414 2420 2416 2406
4 2414 2416 2073 2406
4 2411 2418 2410 2421
4 2306 2410 2357 2355
4 2318 2357 2418 2359
4 2332 2421 2355 2359
4 2421 2418 2410 2357
4 2421 2359 2418 2357
4 2421 2355 2359 2357
4 2421 2410 2355 2357
4 2411 2420 2418 2421
4 2318 2418 2419 2359
4 2403 2419 2420 2402
4 2332 2421 2359 2402
4 2421 2420 2418 2419
4 2421 2402 2420 2419
4 2421 2359 2402 2419
4 2421 2418 2359 2419
4 2411 2416 2420 2421
4 2403 2420 2406 2402
4 2069 2406 2416 2399
4 2332 2421 2402 2399
4 2421 2416 2420 2406
4 2421 2399 2416 2406
4 2421 2402 2399 2406
4 2421 2420 2402 2406
4 2411 2410 2416 2421
4 2069 2416 2413 2399
4 2306 2413 2410 2355
4 2332 2421 2399 2355
4 2421 2410 2416 2413
4 2421 2355 2410 2413
4 2421 2399 2355 2413
4 2421 2416 2399 2413
4 1431 1713 2315 2408
4 2318 2315 2379 2418
4 1715 2379 1713 2422
4 2411 2408 2418 2422
4 2408 1713 2315 2379
4 2408 2422 1713 2379
4 2408 2418 2422 2379
4 2408 2315 2418 2379
4 2337 2320 2385 2400
4 2318 2384 2320 2419
4 2383 2385 2384 2423
4 2403 2419 2400 2423
4 2385 2400 2320 2419
4 2385 2423 2400 2419
4 2385 2384 2423 2419
4 2385 2320 2384 2419
4 1701 2380 1718 2390
4 1715 1718 2382 2424
4 2383 2382 2380 2425
4 2393 2390 2424 2425
4 2380 1718 2390 2424
4 2380 2390 2425 2424
4 2380 2425 2382 2424
4 2380 2382 1718 2424
4 2027 2414 2404 2394
4 2411 2420 2414 2426
4 2403 2404 2420 2427
4 2393 2426 2394 2427
4 2414 2404 2394 2427
4 2414 2394 2426 2427
4 2414 2426 2420 2427
4 2414 2420 2404 2427
4 2411 2422 2418 2428
4 2318 2418 2379 2384
4 1715 2379 2422 2382
4 2383 2428 2384 2382
4 2428 2422 2418 2379
4 2428 2382 2422 2379
4 2428 2384 2382 2379
4 2428 2418 2384 2379
4 2411 2426 2422 2428
4 1715 2422 2424 2382
4 2393 2424 2426 2425
4 2383 2428 2382 2425
4 2428 2426 2422 2424
4 2428 2425 2426 2424
4 2428 2382 2425 2424
4 2428 2422 2382 2424
4 2411 2420 2426 2428
4 2393 2426 2427 2425
4 2403 2427 2420 2423
4 2383 2428 2425 2423
4 2428 2420 2426 2427
4 2428 2423 2420 2427
4 2428 2425 2423 2427
4 2428 2426 2425 2427
4 2411 2418 2420 2428
4 2403 2420 2419 2423
4 2318 2419 2418 2384
4 2383 2428 2423 2384
4 2428 2418 2420 2419
4 2428 2384 2418 2419
4 2428 2423 2384 2419
4 2428 2420 2423 2419
4 1431 1688 1713 2408
4 1715 1713 1767 2422
4 1686 1767 1688 2409
4 2411 2408 2422 2409
4 2408 1688 1713 1767
4 2408 2409 1688 1767
4 2408 2422 2409 1767
4 2408 1713 2422 1767
4 1701 1718 1703 2390
4 1715 1768 1718 2424
4 1699 1703 1768 2392
4 2393 2424 2390 2392
4 1703 2390 1718 2424
4 1703 2392 2390 2424
4 1703 1768 2392 2424
4 1703 1718 1768 2424
4 1352 1697 1684 2019
4 1686 1684 1769 2412
4 1699 1769 1697 2389
4 2022 2019 2412 2389
4 1697 1684 2019 2412
4 1697 2019 2389 2412
4 1697 2389 1769 2412
4 1697 1769 1684 2412
4 2027 2414 2394 2029
4 2411 2426 2414 2415
4 2393 2394 2426 2396
4 2022 2415 2029 2396
4 2414 2394 2029 2396
4 2414 2029 2415 2396
4 2414 2415 2426 2396
4 2414 2426 2394 2396
4 2411 2409 2422 2429
4 1715 2422 1767 1768
4 1686 1767 2409 1769
4 1699 2429 1768 1769
4 2429 2409 2422 1767
4 2429 1769 2409 1767
4 2429 1768 1769 1767
4 2429 2422 1768 1767
4 2411 2415 2409 2429
4 1686 2409 2412 1769
4 2022 2412 2415 2389
4 1699 2429 1769 2389
4 2429 2415 2409 2412
4 2429 2389 2415 2412
4 2429 1769 2389 2412
4 2429 2409 1769 2412
4 2411 2426 2415 2429
4 2022 2415 2396 2389
4 2393 2396 2426 2392
4 1699 2429 2389 2392
4 2429 2426 2415 2396
4 2429 2392 2426 2396
4 2429 2389 2392 2396
4 2429 2415 2389 2396
4 2411 2422 2426 2429
4 2393 2426 2424 2392
4 1715 2424 2422 1768
4 1699 2429 2392 1768
4 2429 2422 2426 2424
4 2429 1768 2422 2424
4 2429 2392 1768 2424
4 2429 2426 2392 2424
4 1701 1717 2380 2430
4 1720 2381 1717 2431
4 2383 2380 2381 2432
4 2433 2431 2430 2432
4 2380 2430 1717 2431
4 2380 2432 2430 2431
4 2380 2381 2432 2431
4 2380 1717 2381 2431
4 2383 2386 2385 2434
4 2383 2435 2381 2386
4 2383 2435 2386 2434
4 2383 2435 2434 2432
4 2383 2435 2432 2381
4 2435 2432 2381 2431
4 1695 2388 1693 2436
4 2018 2015 2388 2176
4 2015 2388 2176 2436
4 2015 1693 2388 2436
4 1701 2390 1702 2437
4 1695 1702 2391 2438
4 2393 2391 2390 2439
4 2440 2437 2438 2439
4 2437 2390 1702 2391
4 2437 2439 2390 2391
4 2437 2438 2439 2391
4 2437 1702 2438 2391
4 2027 2028 2394 2177
4 2018 2395 2028 2178
4 2393 2394 2395 2441
4 2028 2394 2177 2441
4 2028 2177 2178 2441
4 2028 2178 2395 2441
4 2028 2395 2394 2441
4 2018 2176 2388 2442
4 1695 2388 2436 2438
4 2440 2442 2438 2443
4 2442 2176 2388 2436
4 2442 2443 2176 2436
4 2442 2438 2443 2436
4 2442 2388 2438 2436
4 2018 2178 2176 2442
4 2440 2442 2443 2444
4 2018 2395 2178 2442
4 2393 2441 2395 2439
4 2440 2442 2444 2439
4 2442 2395 2178 2441
4 2442 2439 2395 2441
4 2442 2444 2439 2441
4 2442 2178 2444 2441
4 2018 2388 2395 2442
4 2393 2395 2391 2439
4 1695 2391 2388 2438
4 2440 2442 2439 2438
4 2442 2388 2395 2391
4 2442 2438 2388 2391
4 2442 2439 2438 2391
4 2442 2395 2439 2391
4 2059 2398 2060 2171
4 2403 2400 2401 2445
4 2027 2404 2072 2172
4 2059 2072 2405 2173
4 2403 2405 2404 2446
4 2072 2172 2404 2446
4 2072 2173 2172 2446
4 2072 2405 2173 2446
4 2072 2404 2405 2446
4 2059 2398 2171 2447
4 2059 2171 2173 2447
4 2059 2173 2405 2447
4 2403 2405 2446 2445
4 2447 2173 2405 2446
4 2447 2405 2445 2446
4 2059 2405 2398 2447
4 2403 2401 2405 2445
4 2447 2405 2398 2401
4 2447 2445 2405 2401
4 1701 2430 2380 2390
4 2433 2432 2430 2448
4 2383 2380 2432 2425
4 2393 2448 2390 2425
4 2380 2390 2430 2448
4 2380 2425 2390 2448
4 2380 2432 2425 2448
4 2380 2430 2432 2448
4 2383 2434 2385 2423
4 2403 2400 2449 2423
4 2385 2400 2423 2449
4 2385 2423 2434 2449
4 2027 2450 2394 2404
4 2451 2452 2450 2453
4 2393 2394 2452 2427
4 2403 2453 2404 2427
4 2450 2394 2404 2427
4 2450 2404 2453 2427
4 2450 2453 2452 2427
4 2450 2452 2394 2427
4 2451 2455 2454 2456
4 2383 2456 2432 2434
4 2451 2453 2455 2456
4 2403 2449 2453 2423
4 2383 2456 2434 2423
4 2456 2453 2455 2449
4 2456 2423 2453 2449
4 2456 2434 2423 2449
4 2456 2455 2434 2449
4 2451 2452 2453 2456
4 2403 2453 2427 2423
4 2393 2427 2452 2425
4 2383 2456 2423 2425
4 2456 2452 2453 2427
4 2456 2425 2452 2427
4 2456 2423 2425 2427
4 2456 2453 2423 2427
4 2451 2454 2452 2456
4 2393 2452 2448 2425
4 2433 2448 2454 2432
4 2383 2456 2425 2432
4 2456 2454 2452 2448
4 2456 2432 2454 2448
4 2456 2425 2432 2448
4 2456 2452 2425 2448
4 2403 2449 2400 2445
4 2027 2450 2404 2172
4 2451 2453 2450 2457
4 2403 2404 2453 2446
4 2450 2404 2172 2446
4 2450 2172 2457 2446
4 2450 2457 2453 2446
4 2450 2453 2404 2446
4 2403 2446 2453 2445
4 2403 2453 2449 2445
4 2027 2450 2172 2177
4 2451 2457 2450 2458
4 1701 2437 2430 2390
4 2433 2430 2459 2448
4 2440 2459 2437 2439
4 2393 2390 2448 2439
4 2437 2430 2390 2448
4 2437 2390 2439 2448
4 2437 2439 2459 2448
4 2437 2459 2430 2448
4 2027 2450 2177 2394
4 2451 2458 2450 2452
4 2393 2452 2394 2441
4 2450 2177 2394 2441
4 2450 2394 2452 2441
4 2450 2452 2458 2441
4 2450 2458 2177 2441
4 2451 2452 2454 2460
4 2433 2454 2448 2459
4 2393 2448 2452 2439
4 2440 2460 2459 2439
4 2460 2452 2454 2448
4 2460 2439 2452 2448
4 2460 2459 2439 2448
4 2460 2454 2459 2448
4 2451 2458 2452 2460
4 2393 2452 2441 2439
4 2440 2460 2439 2444
4 2460 2458 2452 2441
4 2460 2444 2458 2441
4 2460 2439 2444 2441
4 2460 2452 2439 2441
4 1701 1796 1717 2430
4 1720 1717 1798 2431
4 2433 2430 2431 2461
4 1796 1717 2430 2431
4 1796 2430 2461 2431
4 1796 2461 1798 2431
4 1796 1798 1717 2431
4 1695 1693 1779 2436
4 1776 1779 1693 2436
4 1701 1702 1787 2437
4 1695 1789 1702 2438
4 1791 1787 1789 2462
4 2440 2438 2437 2462
4 2437 1702 1787 1789
4 2437 1787 2462 1789
4 2437 2462 2438 1789
4 2437 2438 1702 1789
4 1695 2436 1779 2438
4 2440 2438 2463 2443
4 2463 2443 2438 2436
4 2463 2438 1779 2436
4 1791 1789 1793 2462
4 1695 1779 1789 2438
4 2440 2462 2463 2438
4 2463 1793 1779 1789
4 2463 1779 2438 1789
4 2463 2438 2462 1789
4 2463 2462 1793 1789
4 1701 1796 2430 1787
4 2433 2430 2461 2464
4 1791 1787 2464 1805
4 1796 2430 1787 2464
4 1796 1787 1805 2464
4 1796 1805 2461 2464
4 1796 2461 2430 2464
4 1701 2430 2437 1787
4 2433 2459 2430 2464
4 2440 2437 2459 2462
4 1791 2464 1787 2462
4 2437 1787 2430 2464
4 2437 2462 1787 2464
4 2437 2459 2462 2464
4 2437 2430 2459 2464
CELL_TYPES 11976
10
10
10
10
10
10
10
10
10
10
10
10
10
10
10
10
10
10
10
10
10
10
10
10
10
10
10
10
10
10
10
10
10
10
10
10
10
10
10
10
10
10
10
10
10
10
10
10
10
10
10
10
10
10
10
10
10
10
10
10
10
10
10
10
10
10
10
10
10
10
10
10
10
10
10
10
10
10
10
10
10
10
10
10
10
10
10
10
10
10
10
10
10
10
10
10
10
10
10
10
10
10
10
10
10
10
10
10
10
10
10
10
10
10
10
10
10
10
10
10
10
10
10
10
10
10
10
10
10
10
10
10
10
10
10
10
10
10
10
10
10
10
10
10
10
10
10
10
10
10
10
10
10
10
10
10
10
10
10
10
10
10
10
10
10
10
10
10
10
10
10
10
10
10
10
10
10
10
10
10
10
10
10
10
10
10
10
10
10
10
10
10
10
10
10
10
10
10
10
10
10
10
10
10
10
10
10
10
10
10
10
10
10
10
10
10
10
10
10
10
10
10
10
10
10
10
10
10
10
10
10
10
10
10
10
10
10
10
10
10
10
10
10
10
10
10
10
10
10
10
10
10
10
10
10
10
10
10
10
10
10
10
10
10
10
10
10
10
10
10
10
10
10
10
10
10
10
10
10
10
10
10
10
10
10
10
10
10
10
10
10
10
10
10
10
10
10
10
10
10
10
10
10
10
10
10
10
10
10
10
10
10
10
10
10
10
10
10
10
10
10
10
10
10
10
10
10
10
10
10
10
10
10
10
10
10
10
10
10
10
10
10
10
10
10
10
10
10
10
10
10
10
10
10
10
10
10
10
10
10
10
10
10
10
10
10
10
10
10
10
10
10
10
10
10
10
10
10
10
10
10
10
10
10
10
10
10
10
10
10
10
10
10
10
10
10
10
10
10
10
10
10
10
10
10
10
10
10
10
10
10
10
10
10
10
10
10
10
10
10
10
10
10
10
10
10
10
10
10
10
10
10
10
10
10
10
10
10
10
10
10
10
10
10
10
10
10
10
10
10
10
10
10
10
10
10
10
10
10
10
10
10
10
10
10
10
10
10
10
10
10
10
10
10
10
10
10
10
10
10
10
10
10
10
10
10
10
10
10
10
10
10
10
10
10
10
10
10
10
10
10
10
10
10
10
10
10
10
10
10
10
10
10
10
10
10
10
10
10
10
10
10
10
10
10
10
10
10
10
10
10
10
10
10
10
10
10
10
10
10
10
10
10
10
10
10
10
10
10
10
10
10
10
10
10
10
10
10
10
10
10
10
10
10
10
10
10
10
10
10
10
10
10
10
10
10
10
10
10
10
10
10
10
10
10
10
10
10
10
10
10
10
10
10
10
10
10
10
10
10
10
10
10
10
10
10
10
10
10
10
10
10
10
10
10
10
10
10
10
10
10
10
10
10
10
10
10
10
10
10
10
10
10
10
10
10
10
10
10
10
10
10
10
10
10
10
10
10
10
10
10
10
10
10
10
10
10
10
10
10
10
10
10
10
10
10
10
10
10
10
10
10
10
10
10
10
10
10
10
10
10
10
10
10
10
10
10
10
10
10
10
10
10
10
10
10
10
10
10
10
10
10
10
10
10
10
10
10
10
10
10
10
10
10
10
10
10
10
10
10
10
10
10
10
10
10
10
10
10
10
10
10
10
10
10
10
10
10
10
10
10
10
10
10
10
10
10
10
10
10
10
10
10
10
10
10
10
10
10
10
10
10
10
10
10
10
10
10
10
10
10
10
10
10
10
10
10
10
10
10
10
10
10
10
10
10
10
10
10
10
10
10
10
10
10
10
10
10
10
10
10
10
10
10
10
10
10
10
10
10
10
10
10
10
10
10
10
10
10
10
10
10
10
10
10
10
10
10
10
10
10
10
10
10
10
10
10
10
10
10
10
10
10
10
10
10
10
10
10
10
10
10
10
10
10
10
10
10
10
10
10
10
10
10
10
10
10
10
10
10
10
10
10
10
10
10
10
10
10
10
10
10
10
10
10
10
10
10
10
10
10
10
10
10
10
10
10
10
10
10
10
10
10
10
10
10
10
10
10
10
10
10
10
10
10
10
10
10
10
10
10
10
10
10
10
10
10
10
10
10
10
10
10
10
10
10
10
10
10
10
10
10
10
10
10
10
10
10
10
10
10
10
10
10
10
10
10
10
10
10
10
10
10
10
10
10
10
10
10
10
10
10
10
10
10
10
10
10
10
10
10
10
10
10
10
10
10
10
10
10
10
10
10
10
10
10
10
10
10
10
10
10
10
10
10
10
10
10
10
10
10
10
10
10
10
10
10
10
10
10
10
10
10
10
10
10
10
10
10
10
10
10
10
10
10
10
10
10
10
10
10
10
10
10
10
10
10
10
10
10
10
10
10
10
10
10
10
10
10
10
10
10
10
10
10
10
10
10
10
10
10
10
10
10
10
10
10
10
10
10
10
10
10
10
10
10
10
10
10
10
10
10
10
10
10
10
10
10
10
10
10
10
10
10
10
10
10
10
10
10
10
10
10
10
10
10
10
10
10
10
10
10
10
10
10
10
10
10
10
10
10
10
10
10
10
10
10
10
10
10
10
10
10
10
10
10
10
10
10
10
10
10
10
10
10
10
10
10
10
10
10
10
10
10
10
10
10
10
10
10
10
10
10
10
10
10
10
10
10
10
10
10
10
10
10
10
10
10
10
10
10
10
10
10
10
10
10
10
10
10
10
10
10
10
10
10
10
10
10
10
10
10
10
10
10
10
10
10
10
10
10
10
10
10
10
10
10
10
10
10
10
10
10
10
10
10
10
10
10
10
10
10
10
10
10
10
10
10
10
10
10
10
10
10
10
10
10
10
10
10
10
10
10
10
10
10
10
10
10
10
10
10
10
10
10
10
10
10
10
10
10
10
10
10
10
10
10
10
10
10
10
10
10
10
10
10
10
10
10
10
10
10
10
10
10
10
10
10
10
10
10
10
10
10
10
10
10
10
10
10
10
10
10
10
10
10
10
10
10
10
10
10
10
10
10
10
10
10
10
10
10
10
10
10
10
10
10
10
10
10
10
10
10
10
10
10
10
10
10
10
10
10
10
10
10
10
10
10
10
10
10
10
10
10
10
10
10
10
10
10
10
10
10
10
10
10
10
10
10
10
10
10
10
10
10
10
10
10
10
10
10
10
10
10
10
10
10
10
10
10
10
10
10
10
10
10
10
10
10
10
10
10
10
10
10
10
10
10
10
10
10
10
10
10
10
10
10
10
10
10
10
10
10
10
10
10
10
10
10
10
10
10
10
10
10
10
10
10
10
10
10
10
10
10
10
10
10
10
10
10
10
10
10
10
10
10
10
10
10
10
10
10
10
10
10
10
10
10
10
10
10
10
10
10
10
10
10
10
10
10
10
10
10
10
10
10
10
10
10
10
10
10
10
10
10
10
10
10
10
10
10
10
10
10
10
10
10
10
10
10
10
10
10
10
10
10
10
10
10
10
10
10
10
10
10
10
10
10
10
10
10
10
10
10
10
10
10
10
10
10
10
10
10
10
10
10
10
10
10
10
10
10
10
10
10
10
10
10
10
10
10
10
10
10
10
10
10
10
10
10
10
10
10
10
10
10
10
10
10
10
10
10
10
10
10
10
10
10
10
10
10
10
10
10
10
10
10
10
10
10
10
10
10
10
10
10
10
10
10
10
10
10
10
10
10
10
10
10
10
10
10
10
10
10
10
10
10
10
10
10
10
10
10
10
10
10
10
10
10
10
10
10
10
10
10
10
10
10
10
10
10
10
10
10
10
10
10
10
10
10
10
10
10
10
10
10
10
10
10
10
10
10
10
10
10
10
10
10
10
10
10
10
10
10
10
10
10
10
10
10
10
10
10
10
10
10
10
10
10
10
10
10
10
10
10
10
10
10
10
10
10
10
10
10
10
10
10
10
10
10
10
10
10
10
10
10
10
10
10
10
10
10
10
10
10
10
10
10
10
10
10
10
10
10
10
10
10
10
10
10
10
10
10
10
10
10
10
10
10
10
10
10
10
10
10
10
10
10
10
10
10
10
10
10
10
10
10
10
10
10
10
10
10
10
10
10
10
10
10
10
10
10
10
10
10
10
10
10
10
10
10
10
10
10
10
10
10
10
10
10
10
10
10
10
10
10
10
10
10
10
10
10
10
10
10
10
10
10
10
10
10
10
10
10
10
10
10
10
10
10
10
10
10
10
10
10
10
10
10
10
10
10
10
10
10
10
10
10
10
10
10
10
10
10
10
10
10
10
10
10
10
10
10
10
10
10
10
10
10
10
10
10
10
10
10
10
10
10
10
10
10
10
10
10
10
10
10
10
10
10
10
10
10
10
10
10
10
10
10
10
10
10
10
10
10
10
10
10
10
10
10
10
10
10
10
10
10
10
10
10
10
10
10
10
10
10
10
10
10
10
10
10
10
10
10
10
10
10
10
10
10
10
10
10
10
10
10
10
10
10
10
10
10
10
10
10
10
10
10
10
10
10
10
10
10
10
10
10
10
10
10
10
10
10
10
10
10
10
10
10
10
10
10
10
10
10
10
10
10
10
10
10
10
10
10
10
10
10
10
10
10
10
10
10
10
10
10
10
10
10
10
10
10
10
10
10
10
10
10
10
10
10
10
10
10
10
10
10
10
10
10
10
10
10
10
10
10
10
10
10
10
10
10
10
10
10
10
10
10
10
10
10
10
10
10
10
10
10
10
10
10
10
10
10
10
10
10
10
10
10
10
10
10
10
10
10
10
10
10
10
10
10
10
10
10
10
10
10
10
10
10
10
10
10
10
10
10
10
10
10
10
10
10
10
10
10
10
10
10
10
10
10
10
10
10
10
10
10
10
10
10
10
10
10
10
10
10
10
10
10
10
10
10
10
10
10
10
10
10
10
10
10
10
10
10
10
10
10
10
10
10
10
10
10
10
10
10
10
10
10
10
10
10
10
10
10
10
10
10
10
10
10
10
10
10
10
10
10
10
10
10
10
10
10
10
10
10
10
10
10
10
10
10
10
10
10
10
10
10
10
10
10
10
10
10
10
10
10
10
10
10
10
10
10
10
10
10
10
10
10
10
10
10
10
10
10
10
10
10
10
10
10
10
10
10
10
10
10
10
10
10
10
10
10
10
10
10
10
10
10
10
10
10
10
10
10
10
10
10
10
10
10
10
10
10
10
10
10
10
10
10
10
10
10
10
10
10
10
10
10
10
10
10
10
10
10
10
10
10
10
10
10
10
10
10
10
10
10
10
10
10
10
10
10
10
10
10
10
10
10
10
10
10
10
10
10
10
10
10
10
10
10
10
10
10
10
10
10
10
10
10
10
10
10
10
10
10
10
10
10
10
10
10
10
10
10
10
10
10
10
10
10
10
10
10
10
10
10
10
10
10
10
10
10
10
10
10
10
10
10
10
10
10
10
10
10
10
10
10
10
10
10
10
10
10
10
10
10
10
10
10
10
10
10
10
10
10
10
10
10
10
10
10
10
10
10
10
10
10
10
10
10
10
10
10
10
10
10
10
10
10
10
10
10
10
10
10
10
10
10
10
10
10
10
10
10
10
10
10
10
10
10
10
10
10
10
10
10
10
10
10
10
10
10
10
10
10
10
10
10
10
10
10
10
10
10
10
10
10
10
10
10
10
10
10
10
10
10
10
10
10
10
10
10
10
10
10
10
10
10
10
10
10
10
10
10
10
10
10
10
10
10
10
10
10
10
10
10
10
10
10
10
10
10
10
10
10
10
10
10
10
10
10
10
10
10
10
10
10
10
10
10
10
10
10
10
10
10
10
10
10
10
10
10
10
10
10
10
10
10
10
10
10
10
10
10
10
10
10
10
10
10
10
10
10
10
10
10
10
10
10
10
10
10
10
10
10
10
10
10
10
10
10
10
10
10
10
10
10
10
10
10
10
10
10
10
10
10
10
10
10
10
10
10
10
10
10
10
10
10
10
10
10
10
10
10
10
10
10
10
10
10
10
10
10
10
10
10
10
10
10
10
10
10
10
10
10
10
10
10
10
10
10
10
10
10
10
10
10
10
10
10
10
10
10
10
10
10
10
10
10
10
10
10
10
10
10
10
10
10
10
10
10
10
10
10
10
10
10
10
10
10
10
10
10
10
10
10
10
10
10
10
10
10
10
10
10
10
10
10
10
10
10
10
10
10
10
10
10
10
10
10
10
10
10
10
10
10
10
10
10
10
10
10
10
10
10
10
10
10
10
10
10
10
10
10
10
10
10
10
10
10
10
10
10
10
10
10
10
10
10
10
10
10
10
10
10
10
10
10
10
10
10
10
10
10
10
10
10
10
10
10
10
10
10
10
10
10
10
10
10
10
10
10
10
10
10
10
10
10
10
10
10
10
10
10
10
10
10
10
10
10
10
10
10
10
10
10
10
10
10
10
10
10
10
10
10
10
10
10
10
10
10
10
10
10
10
10
10
10
10
10
10
10
10
10
10
10
10
10
10
10
10
10
10
10
10
10
10
10
10
10
10
10
10
10
10
10
10
10
10
10
10
10
10
10
10
10
10
10
10
10
10
10
10
10
10
10
10
10
10
10
10
10
10
10
10
10
10
10
10
10
10
10
10
10
10
10
10
10
10
10
10
10
10
10
10
10
10
10
10
10
10
10
10
10
10
10
10
10
10
10
10
10
10
10
10
10
10
10
10
10
10
10
10
10
10
10
10
10
10
10
10
10
10
10
10
10
10
10
10
10
10
10
10
10
10
10
10
10
10
10
10
10
10
10
10
10
10
10
10
10
10
10
10
10
10
10
10
10
10
10
10
10
10
10
10
10
10
10
10
10
10
10
10
10
10
10
10
10
10
10
10
10
10
10
10
10
10
10
10
10
10
10
10
10
10
10
10
10
10
10
10
10
10
10
10
10
10
10
10
10
10
10
10
10
10
10
10
10
10
10
10
10
10
10
10
10
10
10
10
10
10
10
10
10
10
10
10
10
10
10
10
10
10
10
10
10
10
10
10
10
10
10
10
10
10
10
10
10
10
10
10
10
10
10
10
10
10
10
10
10
10
10
10
10
10
10
10
10
10
10
10
10
10
10
10
10
10
10
10
10
10
10
10
10
10
10
10
10
10
10
10
10
10
10
10
10
10
10
10
10
10
10
10
10
10
10
10
10
10
10
10
10
10
10
10
10
10
10
10
10
10
10
10
10
10
10
10
10
10
10
10
10
10
10
10
10
10
10
10
10
10
10
10
10
10
10
10
10
10
10
10
10
10
10
10
10
10
10
10
10
10
10
10
10
10
10
10
10
10
10
10
10
10
10
10
10
10
10
10
10
10
10
10
10
10
10
10
10
10
10
10
10
10
10
10
10
10
10
10
10
10
10
10
10
10
10
10
10
10
10
10
10
10
10
10
10
10
10
10
10
10
10
10
10
10
10
10
10
10
10
10
10
10
10
10
10
10
10
10
10
10
10
10
10
10
10
10
10
10
10
10
10
10
10
10
10
10
10
10
10
10
10
10
10
10
10
10
10
10
10
10
10
10
10
10
10
10
10
10
10
10
10
10
10
10
10
10
10
10
10
10
10
10
10
10
10
10
10
10
10
10
10
10
10
10
10
10
10
10
10
10
10
10
10
10
10
10
10
10
10
10
10
10
10
10
10
10
10
10
10
10
10
10
10
10
10
10
10
10
10
10
10
10
10
10
10
10
10
10
10
10
10
10
10
10
10
10
10
10
10
10
10
10
10
10
10
10
10
10
10
10
10
10
10
10
10
10
10
10
10
10
10
10
10
10
10
10
10
10
10
10
10
10
10
10
10
10
10
10
10
10
10
10
10
10
10
10
10
10
10
10
10
10
10
10
10
10
10
10
10
10
10
10
10
10
10
10
10
10
10
10
10
10
10
10
10
10
10
10
10
10
10
10
10
10
10
10
10
10
10
10
10
10
10
10
10
10
10
10
10
10
10
10
10
10
10
10
10
10
10
10
10
10
10
10
10
10
10
10
10
10
10
10
10
10
10
10
10
10
10
10
10
10
10
10
10
10
10
10
10
10
10
10
10
10
10
10
10
10
10
10
10
10
10
10
10
10
10
10
10
10
10
10
10
10
10
10
10
10
10
10
10
10
10
10
10
10
10
10
10
10
10
10
10
10
10
10
10
10
10
10
10
10
10
10
10
10
10
10
10
10
10
10
10
10
10
10
10
10
10
10
10
10
10
10
10
10
10
10
10
10
10
10
10
10
10
10
10
10
10
10
10
10
10
10
10
10
10
10
10
10
10
10
10
10
10
10
10
10
10
10
10
10
10
10
10
10
10
10
10
10
10
10
10
10
10
10
10
10
10
10
10
10
10
10
10
10
10
10
10
10
10
10
10
10
10
10
10
10
10
10
10
10
10
10
10
10
10
10
10
10
10
10
10
10
10
10
10
10
10
10
10
10
10
10
10
10
10
10
10
10
10
10
10
10
10
10
10
10
10
10
10
10
10
10
10
10
10
10
10
10
10
10
10
10
10
10
10
10
10
10
10
10
10
10
10
10
10
10
10
10
10
10
10
10
10
10
10
10
10
10
10
10
10
10
10
10
10
10
10
10
10
10
10
10
10
10
10
10
10
10
10
10
10
10
10
10
10
10
10
10
10
10
10
10
10
10
10
10
10
10
10
10
10
10
10
10
10
10
10
10
10
10
10
10
10
10
10
10
10
10
10
10
10
10
10
10
10
10
10
10
10
10
10
10
10
10
10
10
10
10
10
10
10
10
10
10
10
10
10
10
10
10
10
10
10
10
10
10
10
10
10
10
10
10
10
10
10
10
10
10
10
10
10
10
10
10
10
10
10
10
10
10
10
10
10
10
10
10
10
10
10
10
10
10
10
10
10
10
10
10
10
10
10
10
10
10
10
10
10
10
10
10
10
10
10
10
10
10
10
10
10
10
10
10
10
10
10
10
10
10
10
10
10
10
10
10
10
10
10
10
10
10
10
10
10
10
10
10
10
10
10
10
10
10
10
10
10
10
10
10
10
10
10
10
10
10
10
10
10
10
10
10
10
10
10
10
10
10
10
10
10
10
10
10
10
10
10
10
10
10
10
10
10
10
10
10
10
10
10
10
10
10
10
10
10
10
10
10
10
10
10
10
10
10
10
10
10
10
10
10
10
10
10
10
10
10
10
10
10
10
10
10
10
10
10
10
10
10
10
10
10
10
10
10
10
10
10
10
10
10
10
10
10
10
10
10
10
10
10
10
10
10
10
10
10
10
10
10
10
10
10
10
10
10
10
10
10
10
10
10
10
10
10
10
10
10
10
10
10
10
10
10
10
10
10
10
10
10
10
10
10
10
10
10
10
10
10
10
10
10
10
10
10
10
10
10
10
10
10
10
10
10
10
10
10
10
10
10
10
10
10
10
10
10
10
10
10
10
10
10
10
10
10
10
10
10
10
10
10
10
10
10
10
10
10
10
10
10
10
10
10
10
10
10
10
10
10
10
10
10
10
10
10
10
10
10
10
10
10
10
10
10
10
10
10
10
10
10
10
10
10
10
10
10
10
10
10
10
10
10
10
10
10
10
10
10
10
10
10
10
10
10
10
10
10
10
10
10
10
10
10
10
10
10
10
10
10
10
10
10
10
10
10
10
10
10
10
10
10
10
10
10
10
10
10
10
10
10
10
10
10
10
10
10
10
10
10
10
10
10
10
10
10
10
10
10
10
10
10
10
10
10
10
10
10
10
10
10
10
10
10
10
10
10
10
10
10
10
10
10
10
10
10
10
10
10
10
10
10
10
10
10
10
10
10
10
10
10
10
10
10
10
10
10
10
10
10
10
10
10
10
10
10
10
10
10
10
10
10
10
10
10
10
10
10
10
10
10
10
10
10
10
10
10
10
10
10
10
10
10
10
10
10
10
10
10
10
10
10
10
10
10
10
10
10
10
10
10
10
10
10
10
10
10
10
10
10
10
10
10
10
10
10
10
10
10
10
10
10
10
10
10
10
10
10
10
10
10
10
10
10
10
10
10
10
10
10
10
10
10
10
10
10
10
10
10
10
10
10
10
10
10
10
10
10
10
10
10
10
10
10
10
10
10
10
10
10
10
10
10
10
10
10
10
10
10
10
10
10
10
10
10
10
10
10
10
10
10
10
10
10
10
10
10
10
10
10
10
10
10
10
10
10
10
10
10
10
10
10
10
10
10
10
10
10
10
10
10
10
10
10
10
10
10
10
10
10
10
10
10
10
10
10
10
10
10
10
10
10
10
10
10
10
10
10
10
10
10
10
10
10
10
10
10
10
10
10
10
10
10
10
10
10
10
10
10
10
10
10
10
10
10
10
10
10
10
10
10
10
10
10
10
10
10
10
10
10
10
10
10
10
10
10
10
10
10
10
10
10
10
10
10
10
10
10
10
10
10
10
10
10
10
10
10
10
10
10
10
10
10
10
10
10
10
10
10
10
10
10
10
10
10
10
10
10
10
10
10
10
10
10
10
10
10
10
10
10
10
10
10
10
10
10
10
10
10
10
10
10
10
10
10
10
10
10
10
10
10
10
10
10
10
10
10
10
10
10
10
10
10
10
10
10
10
10
10
10
10
10
10
10
10
10
10
10
10
10
10
10
10
10
10
10
10
10
10
10
10
10
10
10
10
10
10
10
10
10
10
10
10
10
10
10
10
10
10
10
10
10
10
10
10
10
10
10
10
10
10
10
10
10
10
10
10
10
10
10
10
10
10
10
10
10
10
10
10
10
10
10
10
10
10
10
10
10
10
10
10
10
10
10
10
10
10
10
10
10
10
10
10
10
10
10
10
10
10
10
10
10
10
10
10
10
10
10
10
10
10
10
10
10
10
10
10
10
10
10
10
10
10
10
10
10
10
10
10
10
10
10
10
10
10
10
10
10
10
10
10
10
10
10
10
10
10
10
10
10
10
10
10
10
10
10
10
10
10
10
10
10
10
10
10
10
10
10
10
10
10
10
10
10
10
10
10
10
10
10
10
10
10
10
10
10
10
10
10
10
10
10
10
10
10
10
10
10
10
10
10
10
10
10
10
10
10
10
10
10
10
10
10
10
10
10
10
10
10
10
10
10
10
10
10
10
10
10
10
10
10
10
10
10
10
10
10
10
10
10
10
10
10
10
10
10
10
10
10
10
10
10
10
10
10
10
10
10
10
10
10
10
10
10
10
10
10
10
10
10
10
10
10
10
10
10
10
10
10
10
10
10
10
10
10
10
10
10
10
10
10
10
10
10
10
10
10
10
10
10
10
10
10
10
10
10
10
10
10
10
10
10
10
10
10
10
10
10
10
10
10
10
10
10
10
10
10
10
10
10
10
10
10
10
10
10
10
10
10
10
10
10
10
10
10
10
10
10
10
10
10
10
10
10
10
10
10
10
10
10
10
10
10
10
10
10
10
10
10
10
10
10
10
10
10
10
10
10
10
10
10
10
10
10
10
10
10
10
10
10
10
10
10
10
10
10
10
10
10
10
10
10
10
10
10
10
10
10
10
10
10
10
10
10
10
10
10
10
10
10
10
10
10
10
10
10
10
10
10
10
10
10
10
10
10
10
10
10
10
10
10
10
10
10
10
10
10
10
10
10
10
10
10
10
10
10
10
10
10
10
10
10
10
10
10
10
10
10
10
10
10
10
10
10
10
10
10
10
10
10
10
10
10
10
10
10
10
10
10
10
10
10
10
10
10
10
10
10
10
10
10
10
10
10
10
10
10
10
10
10
10
10
10
10
10
10
10
10
10
10
10
10
10
10
10
10
10
10
10
10
10
10
10
10
10
10
10
10
10
10
10
10
10
10
10
10
10
10
10
10
10
10
10
10
10
10
10
10
10
10
10
10
10
10
10
10
10
10
10
10
10
10
10
10
10
10
10
10
10
10
10
10
10
10
10
10
10
10
10
10
10
10
10
10
10
10
10
10
10
10
10
10
10
10
10
10
10
10
10
10
10
10
10
10
10
10
10
10
10
10
10
10
10
10
10
10
10
10
10
10
10
10
10
10
10
10
10
10
10
10
10
10
10
10
10
10
10
10
10
10
10
10
10
10
10
10
10
10
10
10
10
10
10
10
10
10
10
10
10
10
10
10
10
10
10
10
10
10
10
10
10
10
10
10
10
10
10
10
10
10
10
10
10
10
10
10
10
10
10
10
10
10
10
10
10
10
10
10
10
10
10
10
10
10
10
10
10
10
10
10
10
10
10
10
10
10
10
10
10
10
10
10
10
10
10
10
10
10
10
10
10
10
10
10
10
10
10
10
10
10
10
10
10
10
10
10
10
10
10
10
10
10
10
10
10
10
10
10
10
10
10
10
10
10
10
10
10
10
10
10
10
10
10
10
10
10
10
10
10
10
10
10
10
10
10
10
10
10
10
10
10
10
10
10
10
10
10
10
10
10
10
10
10
10
10
10
10
10
10
10
10
10
10
10
10
10
10
10
10
10
10
10
10
10
10
10
10
10
10
10
10
10
10
10
10
10
10
10
10
10
10
10
10
10
10
10
10
10
10
10
10
10
10
10
10
10
10
10
10
10
10
10
10
10
10
10
10
10
10
10
10
10
10
10
10
10
10
10
10
10
10
10
10
10
10
10
10
10
10
10
10
10
10
10
10
10
10
10
10
10
10
10
10
10
10
10
10
10
10
10
10
10
10
10
10
10
10
10
10
10
10
10
10
10
10
10
10
10
10
10
10
10
10
10
10
10
10
10
10
10
10
10
10
10
10
10
10
10
10
10
10
10
10
10
10
10
10
10
10
10
10
10
10
10
10
10
10
10
10
10
10
10
10
10
10
10
10
10
10
10
10
10
10
10
10
10
10
10
10
10
10
10
10
10
10
10
10
10
10
10
10
10
10
10
10
10
10
10
10
10
10
10
10
10
10
10
10
10
10
10
10
10
10
10
10
10
10
10
10
10
10
10
10
10
10
10
10
10
10
10
10
10
10
10
10
10
10
10
10
10
10
10
10
10
10
10
10
10
10
10
10
10
10
10
10
10
10
10
10
10
10
10
10
10
10
10
10
10
10
10
10
10
10
10
10
10
10
10
10
10
10
10
10
10
10
10
10
10
10
10
10
10
10
10
10
10
10
10
10
10
10
10
10
10
10
10
10
10
10
10
10
10
10
10
10
10
10
10
10
10
10
10
10
10
10
10
10
10
10
10
10
10
10
10
10
10
10
10
10
10
10
10
10
10
10
10
10
10
10
10
10
10
10
10
10
10
10
10
10
10
10
10
10
10
10
10
10
10
10
10
10
10
10
10
10
10
10
10
10
10
10
10
10
10
10
10
10
10
10
10
10
10
10
10
10
10
10
10
10
10
10
10
10
10
10
10
10
10
10
10
10
10
10
10
10
10
10
10
10
10
10
10
10
10
10
10
10
10
10
10
10
10
10
10
10
10
10
10
10
10
10
10
10
10
10
10
10
10
10
10
10
10
10
10
10
10
10
10
10
10
10
10
10
10
10
10
10
10
10
10
10
10
10
10
10
10
10
10
10
10
10
10
10
10
10
10
10
10
10
10
10
10
10
10
10
10
10
10
10
10
10
10
10
10
10
10
10
10
10
10
10
10
10
10
10
10
10
10
10
10
10
10
10
10
10
10
10
10
10
10
10
10
10
10
10
10
10
10
10
10
10
10
10
10
10
10
10
10
10
10
10
10
10
10
10
10
10
10
10
10
10
10
10
10
10
10
10
10
10
10
10
10
10
10
10
10
10
10
10
10
10
10
10
10
10
10
10
10
10
10
10
10
10
10
10
10
10
10
10
10
10
10
10
10
10
10
10
10
10
10
10
10
10
10
10
10
10
10
10
10
10
10
10
10
10
10
10
10
10
10
10
10
10
10
10
10
10
10
10
10
10
10
10
10
10
10
10
10
10
10
10
10
10
10
10
10
10
10
10
10
10
10
10
10
10
10
10
10
10
10
10
10
10
10
10
10
10
10
10
10
10
10
10
10
10
10
10
10
10
10
10
10
10
10
10
10
10
10
10
10
10
10
10
10
10
10
10
10
10
10
10
10
10
10
10
10
10
10
10
10
10
10
10
10
10
10
10
10
10
10
10
10
10
10
10
10
10
10
10
10
10
10
10
10
10
10
10
10
10
10
10
10
10
10
10
10
10
10
10
10
10
10
10
10
10
10
10
10
10
10
10
10
10
10
10
10
10
10
10
10
10
10
10
10
10
10
10
10
10
10
10
10
10
10
10
10
10
10
10
10
10
10
10
10
10
10
10
10
10
10
10
10
10
10
10
10
10
10
10
10
10
10
10
10
10
10
10
10
10
10
10
10
10
10
10
10
10
10
10
10
10
10
10
10
10
10
10
10
10
10
10
10
10
10
10
10
10
10
10
10
10
10
10
10
10
10
10
10
10
10
10
10
10
10
10
10
10
10
10
10
10
10
10
10
10
10
10
10
10
10
10
10
10
10
10
10
10
10
10
10
10
10
10
10
10
10
10
10
10
10
10
10
10
10
10
10
10
10
10
10
10
10
10
10
10
10
10
10
10
10
10
10
10
10
10
10
10
10
10
10
10
10
10
10
10
10
10
10
10
10
10
10
10
10
10
10
10
10
10
10
10
10
10
10
10
10
10
10
10
10
10
10
10
10
10
10
10
10
10
10
10
10
10
10
10
10
10
10
10
10
10
10
10
10
10
10
10
10
10
10
10
10
10
10
10
10
10
10
10
10
10
10
10
10
10
10
10
10
10
10
10
10
10
10
10
10
10
10
10
10
10
10
10
10
10
10
10
10
10
10
10
10
10
10
10
10
10
10
10
10
10
10
10
10
10
10
10
10
10
10
10
10
10
10
10
10
10
10
10
10
10
10
10
10
10
10
10
10
10
10
10
10
10
10
10
10
10
10
10
10
10
10
10
10
10
10
10
10
10
10
10
10
10
10
10
10
10
10
10
10
10
10
10
10
10
10
10
10
10
10
10
10
10
10
10
10
10
10
10
10
10
10
10
10
10
10
10
10
10
10
10
10
10
10
10
10
10
10
10
10
10
10
10
10
10
10
10
10
10
10
10
10
10
10
10
10
10
10
10
10
10
10
10
10
10
10
10
10
10
10
10
10
10
10
10
10
10
10
10
10
10
10
10
10
10
10
10
10
10
10
10
10
10
10
10
10
10
10
10
10
10
10
10
10
10
10
10
10
10
10
10
10
10
10
10
10
10
10
10
10
10
10
10
10
10
10
10
10
10
10
10
10
10
10
10
10
10
10
10
10
10
10
10
10
10
10
10
10
10
10
10
10
10
10
10
10
10
10
10
10
10
10
10
10
10
10
10
10
10
10
10
10
10
10
10
10
10
10
10
10
10
10
10
10
10
10
10
10
10
10
10
10
10
10
10
10
10
10
10
10
10
10
10
10
10
10
10
10
10
10
10
10
10
10
10
10
10
10
10
10
10
10
10
10
10
10
10
10
10
10
10
10
10
10
10
10
10
10
10
10
10
10
10
10
10
10
10
10
10
10
10
10
10
10
10
10
10
10
10
10
10
10
10
10
10
10
10
10
10
10
10
10
10
10
10
10
10
10
10
10
10
10
10
10
10
10
10
10
10
10
10
10
10
10
10
10
10
10
10
10
10
10
10
10
10
10
10
10
10
10
10
10
10
10
10
10
10
10
10
10
10
10
10
10
10
10
10
10
10
10
10
10
10
10
10
10
10
10
10
10
10
10
10
10
10
10
10
10
10
10
10
10
10
10
10
10
10
10
10
10
10
10
10
10
10
10
10
10
10
10
10
10
10
10
10
10
10
10
10
10
10
10
10
10
10
10
10
10
10
10
10
10
10
10
10
10
10
10
10
10
10
10
10
10
10
10
10
10
10
10
10
10
10
10
10
10
10
10
10
10
10
10
10
10
10
10
10
10
10
10
10
10
10
10
10
10
10
10
10
10
10
10
10
10
10
10
10
10
10
10
10
10
10
10
10
10
10
10
10
10
10
10
10
10
10
10
10
10
10
10
10
10
10
10
10
10
10
10
10
10
10
10
10
10
10
10
10
10
10
10
10
10
10
10
10
10
10
10
10
10
10
10
10
10
10
10
10
10
10
10
10
10
10
10
10
10
10
10
10
10
10
10
10
10
10
10
10
10
10
10
10
10
10
10
10
10
10
10
10
10
10
10
10
10
10
10
10
10
10
10
10
10
10
10
10
10
10
10
10
10
10
10
10
10
10
10
10
10
10
10
10
10
10
10
10
10
10
10
10
10
10
10
10
10
10
10
10
10
10
10
10
10
10
10
10
10
10
10
10
10
10
10
10
10
10
10
10
10
10
10
10
10
10
10
10
10
10
10
10
10
10
10
10
10
10
10
10
10
10
10
10
10
10
10
10
10
10
10
10
10
10
10
10
10
10
10
10
10
10
10
10
10
10
10
10
10
10
10
10
10
10
10
10
10
10
10
10
10
10
10
10
10
10
10
10
10
10
10
10
10
10
10
10
10
10
10
10
10
10
10
10
10
10
10
10
10
10
10
10
10
10
10
10
10
10
10
10
10
10
10
10
10
10
10
10
10
10
10
10
10
10
10
10
10
10
10
10
10
10
10
10
10
10
10
10
10
10
10
10
10
10
10
10
10
10
10
10
10
10
10
10
10
10
10
10
10
10
10
10
10
10
10
10
10
10
10
10
10
10
10
10
10
10
10
10
10
10
10
10
10
10
10
10
10
10
10
10
10
10
10
10
10
10
10
10
10
10
10
10
10
10
10
10
10
10
10
10
10
10
10
10
10
10
10
10
10
10
10
10
10
10
10
10
10
10
10
10
10
10
10
10
10
10
10
10
10
10
10
10
10
10
10
10
10
10
10
10
10
10
10
10
10
10
10
10
10
10
10
10
10
10
10
10
10
10
10
10
10
10
10
10
10
10
10
10
10
10
10
10
10
10
10
10
10
10
10
10
10
10
10
10
10
10
10
10
10
10
10
10
10
10
10
10
10
10
10
10
10
10
10
10
10
10
10
10
10
10
10
10
10
10
10
10
10
10
10
10
10
10
10
10
10
10
10
10
10
10
10
10
10
10
10
10
10
10
10
10
10
10
10
10
10
10
10
10
10
10
10
10
10
10
10
10
10
10
10
10
10
10
10
10
10
10
10
10
10
10
10
10
10
10
10
10
10
10
10
10
10
10
10
10
10
10
10
10
10
10
10
10
10
10
10
10
10
10
10
10
10
10
10
10
10
10
10
10
10
10
10
10
10
10
10
10
10
10
10
10
10
10
10
10
10
10
10
10
10
10
10
10
10
10
10
10
10
10
10
10
10
10
10
10
10
10
10
10
10
10
10
10
10
10
10
10
10
10
10
10
10
10
10
10
10
10
10
10
10
10
10
10
10
10
10
10
10
10
10
10
10
10
10
10
10
10
10
10
10
10
10
10
10
10
10
10
10
10
10
10
10
10
10
10
10
10
10
10
10
10
10
10
10
10
10
10
10
10
10
10
10
10
10
10
10
10
10
10
10
10
10
10
10
10
10
10
10
10
10
10
10
10
10
10
10
10
10
10
10
10
10
10
10
10
10
10
10
10
10
10
10
10
10
10
10
10
10
10
10
10
10
10
10
10
10
10
10
10
10
10
10
10
10
10
10
10
10
10
10
10
10
10
10
10
10
10
10
10
10
10
10
10
10
10
10
10
10
10
10
10
10
10
10
10
10
10
10
10
10
10
10
10
10
10
10
10
10
10
10
10
10
10
10
10
10
10
10
10
10
10
10
10
10
10
10
10
10
10
10
10
10
10
10
10
10
10
10
10
10
10
10
10
10
10
10
10
10
10
10
10
10
10
10
10
10
10
10
10
10
10
10
10
10
10
10
10
10
10
10
10
10
10
10
10
10
10
10
10
10
10
10
10
10
10
10
10
10
10
10
10
10
10
10
10
10
10
10
10
10
10
10
10
10
10
10
10
10
10
10
10
10
10
10
10
10
10
10
10
10
10
10
10
10
10
10
10
10
10
10
10
10
10
10
10
10
10
10
10
10
10
10
10
10
10
10
10
10
10
10
10
10
10
10
10
10
10
10
10
10
10
10
10
10
10
10
10
10
10
10
10
10
10
10
10
10
10
10
10
10
10
10
10
10
10
10
10
10
10
10
10
10
10
10
10
10
10
10
10
10
10
10
10
10
10
10
10
10
10
10
10
10
10
10
10
10
10
10
10
10
10
10
10
10
10
10
10
10
10
10
10
10
10
10
10
10
10
10
10
10
10
10
10
10
10
10
10
10
10
10
10
10
10
10
10
10
10
10
10
10
10
10
10
10
10
10
10
10
10
10
10
10
10
10
10
10
10
10
10
10
10
10
10
10
10
10
10
10
10
10
10
10
10
10
10
10
10
10
10
10
10
10
10
10
10
10
10
10
10
10
10
10
10
10
10
10
10
10
10
10
10
10
10
10
10
10
10
10
10
10
10
10
10
10
10
10
10
10
10
10
10
10
10
10
10
10
10
10
10
10
10
10
10
10
10
10
10
10
10
10
10
10
10
10
10
10
10
10
10
10
10
10
10
10
10
10
10
10
10
10
10
10
10
10
10
10
10
10
10
10
10
10
10
10
10
10
10
10
10
10
10
10
10
10
10
10
10
10
10
10
10
10
10
10
10
10
10
10
10
10
10
10
10
10
10
10
10
10
10
10
10
10
10
10
10
10
10
10
10
10
10
10
10
10
10
10
10
10
10
10
10
10
10
10
10
10
10
10
10
10
10
10
10
10
10
10
10
10
10
10
10
10
10
10
10
10
10
10
10
10
10
10
10
10
10
10
10
10
10
10
10
10
10
10
10
10
10
10
10
10
10
10
10
10
10
10
10
10
10
10
10
10
10
10
10
10
10
10
10
10
10
10
10
10
10
10
10
10
10
10
10
10
10
10
10
10
10
10
10
10
10
10
10
10
10
10
10
10
10
10
10
10
10
10
10
10
10
10
10
10
10
10
10
10
10
10
10
10
10
10
10
10
10
10
10
10
10
10
10
10
10
10
10
10
10
10
10
10
10
10
10
10
10
10
10
10
10
10
10
10
10
10
10
10
10
10
10
10
10
10
10
10
10
10
10
10
10
10
10
10
10
10
10
10
10
10
10
10
10
10
10
10
10
10
10
10
10
10
10
10
10
10
10
10
10
10
10
10
10
10
10
10
10
10
10
10
10
10
10
10
10
10
10
10
10
10
10
10
10
10
10
10
10
10
10
10
10
10
10
10
10
10
10
10
10
10
10
10
10
10
10
10
10
10
10
10
10
10
10
10
10
10
10
10
10
10
10
10
10
10
10
10
10
10
10
10
10
10
10
10
10
10
10
10
10
10
10
10
10
10
10
10
10
10
10
10
10
10
10
10
10
10
10
10
10
10
10
10
10
10
10
10
10
10
10
10
10
10
10
10
10
10
10
10
10
10
10
10
10
10
10
10
10
10
10
10
10
10
10
10
10
10
10
10
10
10
10
10
10
10
10
10
10
10
10
10
10
10
10
10
10
10
10
10
10
10
10
10
10
10
10
10
10
10
10
10
10
10
10
10
10
10
10
10
10
10
10
10
10
10
10
10
10
10
10
10
10
10
10
10
10
10
10
10
10
10
10
10
10
10
10
10
10
10
10
10
10
10
10
10
10
10
10
10
10
10
10
10
10
10
10
10
10
10
10
10
10
10
10
10
10
10
10
10
10
10
10
10
10
10
10
10
10
10
10
10
10
10
10
10
10
10
10
10
10
10
10
10
10
10
10
10
10
10
10
10
10
10
10
10
10
10
10
10
10
10
10
10
10
10
10
10
10
10
10
10
10
10
10
10
10
10
10
10
10
10
10
10
10
10
10
10
10
10
10
10
10
10
10
10
10
10
10
10
10
10
10
10
10
10
10
10
10
10
10
10
10
10
10
10
10
10
10
10
10
10
10
10
10
10
10
10
10
10
10
10
10
10
10
10
10
10
10
10
10
10
10
10
10
10
10
10
10
10
10
10
10
10
10
10
10
10
10
10
10
10
10
10
10
10
10
10
10
10
10
10
10
10
10
10
10
10
10
10
10
10
10
10
10
10
10
10
10
10
10
10
10
10
10
10
10
10
10
10
10
10
10
10
10
10
10
10
10
10
10
10
10
10
10
10
10
10
10
10
10
10
10
10
10
10
10
10
10
10
10
10
10
10
10
10
10
10
10
10
10
10
10
10
10
10
10
10
10
10
10
10
10
10
10
10
10
10
10
10
10
10
10
10
10
10
10
10
10
10
10
10
10
10
10
10
10
10
10
10
10
10
10
10
10
10
10
10
10
10
10
10
10
10
10
10
10
10
10
10
10
10
10
10
10
10
10
10
10
10
10
10
10
10
10
10
10
10
10
10
10
10
10
10
10
10
10
10
10
10
10
10
10
10
10
10
10
10
10
10
10
10
10
10
10
10
10
10
10
10
10
10
10
10
10
10
10
10
10
10
10
10
10
10
10
10
10
10
10
10
10
10
10
10
10
10
10
10
10
10
10
10
10
10
10
10
10
10
10
10
10
10
10
10
10
10
10
10
10
10
10
10
10
10
10
10
10
10
10
10
10
10
10
10
10
10
10
10
10
10
10
10
10
10
10
10
10
10
10
10
10
10
10
10
10
10
10
10
10
10
10
10
10
10
10
10
10
10
10
10
10
10
10
10
10
10
10
10
10
10
10
10
10
10
10
10
10
10
10
10
10
10
10
10
10
10
10
10
10
10
10
10
10
10
10
10
10
10
10
10
10
10
10
10
10
10
10
10
10
10
10
10
10
10
10
10
10
10
10
10
10
10
10
10
10
10
10
10
10
10
10
10
10
10
10
10
10
10
10
10
10
10
10
10
10
10
10
10
10
10
10
10
10
10
10
10
10
10
10
10
10
10
10
10
10
10
10
10
10
10
10
10
10
10
10
10
10
10
10
10
10
10
10
10
10
10
10
10
10
10
10
10
10
10
10
10
10
10
10
10
10
10
10
10
10
10
10
10
10
10
10
10
10
10
10
10
10
10
10
10
10
10
10
10
10
10
10
10
10
10
10
10
10
10
10
10
10
10
10
10
10
10
10
10
10
10
10
10
10
10
10
10
10
10
10
10
10
10
10
10
10
10
10
10
10
10
10
10
10
10
10
10
10
10
10
10
10
10
10
10
10
10
10
10
10
10
10
10
10
10
10
10
10
10
10
10
10
10
10
10
10
10
10
10
10
10
10
10
10
10
10
10
10
10
10
10
10
10
10
10
10
10
10
10
10
10
10
10
10
10
10
10
10
10
10
10
10
10
10
10
10
10
10
10
10
10
10
10
10
10
10
10
10
10
10
10
10
10
10
10
10
10
10
10
10
10
10
10
10
10
10
10
10
10
10
10
10
10
10
10
10
10
10
10
10
10
10
10
10
10
10
10
10
10
10
10
10
10
10
10
10
10
10
10
10
10
10
10
10
10
10
10
10
10
10
10
10
10
10
10
10
10
10
10
10
10
10
10
10
10
10
10
10
10
10
10
10
10
10
10
10
10
10
10
10
10
10
10
10
10
10
10
10
10
10
10
10
10
10
10
10
10
10
10
10
10
10
10
10
10
10
10
10
10
10
10
10
10
10
10
10
10
10
10
10
10
10
10
10
10
10
10
10
10
10
10
10
10
10
10
10
10
10
10
10
10
10
10
10
10
10
10
10
10
10
10
10
10
10
10
10
10
10
10
10
10
10
10
10
10
10
10
10
10
10
10
10
10
10
10
10
10
10
10
10
10
10
10
10
10
10
10
10
10
10
10
10
10
10
10
10
10
10
10
10
10
10
10
10
10
10
10
10
10
10
10
10
10
10
10
10
10
10
10
10
10
10
10
10
10
10
10
10
10
10
10
10
10
10
10
10
10
10
10
10
10
10
10
10
10
10
10
10
10
10
10
10
10
10
10
10
10
10
10
10
10
10
10
10
10
10
10
10
10
10
10
10
10
10
10
10
10
10
10
10
10
10
10
10
10
10
10
10
10
10
10
10
10
10
10
10
10
10
10
10
10
10
10
10
10
10
10
10
10
10
10
10
10
10
10
10
10
10
10
10
10
10
10
10
10
10
10
10
10
10
10
10
10
10
10
10
10
10
10
10
10
10
10
10
10
10
10
10
10
10
10
10
10
10
10
10
10
10
10
10
10
10
10
10
10
10
10
10
10
10
10
10
10
10
10
10
10
10
10
10
10
10
10
10
10
10
10
10
10
10
10
10
10
10
10
10
10
10
10
10
10
10
10
10
10
10
10
10
10
10
10
10
10
10
10
10
10
10
10
10
10
10
10
10
10
10
10
10
10
10
10
10
10
10
10
10
10
10
10
10
10
10
10
10
10
10
10
10
10
10
10
10
10
10
10
10
10
10
10
10
10
10
10
10
10
10
10
10
10
10
10
10
10
10
10
10
10
10
10
10
10
10
10
10
10
10
10
10
10
10
10
10
10
10
10
10
10
10
10
10
10
10
10
10
10
10
10
10
10
10
10
10
10
10
10
10
10
10
10
10
10
10
10
10
10
10
10
10
10
10
10
10
10
10
10
10
10
10
10
10
10
10
10
10
10
10
10
10
10
10
10
10
10
10
10
10
10
10
10
10
10
10
10
10
10
10
10
10
10
10
10
10
10
10
10
10
10
10
10
10
10
10
10
10
10
10
10
10
10
10
10
10
10
10
10
10
10
10
10
10
10
10
10
10
10
10
10
10
10
10
10
10
10
10
10
10
10
10
10
10
10
10
10
10
10
10
10
10
10
10
10
10
10
10
10
10
10
10
10
10
10
10
10
10
10
10
10
10
10
10
10
10
10
10
10
10
10
10
10
10
10
10
10
10
10
10
10
10
10
10
10
10
10
10
10
10
10
10
10
10
10
10
10
10
10
10
10
10
10
10
10
10
10
10
10
10
10
10
10
10
10
10
10
10
10
10
10
10
10
10
10
10
10
10
10
10
10
10
10
10
10
10
10
10
10
10
10
10
10
10
10
10
10
10
10
10
10
10
10
10
10
10
10
10
10
10
10
10
10
10
10
10
10
10
10
10
10
10
10
10
10
10
10
10
10
10
10
10
10
10
10
10
10
10
10
10
10
10
10
10
10
10
10
10
10
10
10
10
10
10
10
10
10
10
10
10
10
10
10
10
10
10
10
10
10
10
10
10
10
10
10
10
10
10
10
10
10
10
10
10
10
10
10
10
10
10
10
10
10
10
10
10
10
10
10
10
10
10
10
10
10
10
10
10
10
10
10
10
10
10
10
10
10
10
10
10
10
10
10
10
10
10
10
10
10
10
10
10
10
10
10
10
10
10
10
10
10
10
10
10
10
10
10
10
10
10
10
10
10
10
10
10
10
10
10
10
10
10
10
10
10
10
10
10
10
10
10
10
10
10
10
10
10
10
10
10
10
10
10
10
10
10
10
10
10
10
10
10
10
10
10
10
10
10
10
10
10
10
10
10
10
10
10
10
10
10
10
10
10
10
10
10
10
10
10
10
10
10
10
10
10
10
10
10
10
10
10
10
10
10
10
10
10
10
10
10
10
10
10
10
10
10
10
10
10
10
10
10
10
10
10
10
10
10
10
10
10
10
10
10
10
10
10
10
10
10
10
10
10
10
10
10
10
10
10
10
10
10
10
10
10
10
10
10
10
10
10
10
10
10
10
10
10
10
10
10
10
10
10
10
10
10
10
10
10
10
10
10
10
10
10
10
10
10
10
10
10
10
10
10
10
10
10
10
10
10
10
10
10
10
10
10
10
10
10
10
10
10
10
10
10
10
10
10
10
10
10
10
10
10
10
10
10
10
10
10
10
10
10
10
10
10
10
10
10
10
10
10
10
10
10
10
10
10
10
10
10
10
10
10
10
10
10
10
10
10
10
10
10
10
10
10
10
10
10
10
10
10
10
10
10
10
10
10
10
10
10
10
10
10
10
10
10
10
10
10
10
10
10
10
10
10
10
10
10
10
10
10
10
10
10
10
10
10
10
10
10
10
10
10
10
10
10
10
10
10
10
10
10
10
10
10
10
10
10
10
10
10
10
10
10
10
10
10
10
10
10
10
10
10
10
10
10
10
10
10
10
10
10
10
10
10
10
10
10
10
10
10
10
10
10
10
10
10
10
10
10
10
10
10
10
10
10
10
10
10
10
10
10
10
10
10
10
10
10
10
10
10
10
10
10
10
10
10
10
10
10
10
10
10
10
10
10
10
10
10
10
10
10
10
10
10
10
10
10
10
10
10
10
10
10
10
10
10
10
10
10
10
10
10
10
10
10
10
10
10
10
10
10
10
10
10
10
10
10
10
10
10
10
10
10
10
10
10
10
10
10
10
10
10
10
10
10
10
10
10
10
10
10
10
10
10
10
10
10
10
10
10
10
10
10
10
10
10
10
10
10
10
10
10
10
10
10
10
10
10
10
10
10
10
10
10
10
10
10
10
10
10
10
10
10
10
10
10
10
10
10
10
10
10
10
10
10
10
10
10
10
10
10
10
10
10
10
10
10
10
10
10
10
10
10
10
10
10
10
10
10
10
10
10
10
10
10
10
10
10
10
10
10
10
10
10
10
10
10
10
10
10
10
10
10
10
10
10
10
10
10
10
10
10
10
10
10
10
10
10
10
10
10
10
10
10
10
10
10
10
10
10
10
10
10
10
10
10
10
10
10
10
10
10
10
10
10
10
10
10
10
10
10
10
10
10
10
10
10
10
10
10
10
10
10
10
10
10
10
10
10
10
10
10
10
10
10
10
10
10
10
10
10
10
10
10
10
10
10
10
10
10
10
10
10
10
10
10
10
10
10
10
10
10
10
10
10
10
10
10
10
10
10
10
10
10
10
10
10
10
10
10
10
10
10
10
10
10
10
10
10
10
10
10
10
10
10
10
10
10
10
10
10
10
10
10
10
10
10
10
10
10
10
10
10
10
10
10
10
10
10
10
10
10
10
10
10
10
10
10
10
10
10
10
10
10
10
10
10
10
10
10
10
10
10
10
10
10
10
10
10
10
10
10
10
10
10
10
10
10
10
10
10
10
10
10
10
10
10
10
10
10
10
10
10
10
10
10
10
10
10
10
10
10
10
10
10
10
10
10
10
10
10
10
10
10
10
10
10
10
10
10
10
10
10
10
10
10
10
10
10
10
10
10
10
10
10
10
10
10
10
10
10
10
10
10
10
10
10
10
10
10
10
10
10
10
10
10
10
10
10
10
10
10
10
10
10
10
10
10
10
10
10
10
10
10
10
10
10
10
10
10
10
10
10
10
10
10
10
10
10
10
10
10
10
10
10
10
10
10
10
10
10
10
10
10
10
10
10
10
10
10
10
10
10
10
10
10
10
10
10
10
10
10
10
10
10
10
10
10
10
10
10
10
10
10
10
10
10
10
10
10
10
10
10
10
10
10
10
10
10
10
10
10
10
10
10
10
10
10
10
10
10
10
10
10
10
10
10
10
10
10
10
10
10
10
10
10
10
10
10
10
10
10
10
10
10
10
10
10
10
10
10
10
10
10
10
10
10
10
10
10
10
10
10
10
10
10
10
10
10
10
10
10
10
10
10
10
10
10
10
10
10
10
10
10
10
10
10
10
10
10
10
10
10
10
10
10
10
10
10
10
10
10
10
10
10
10
10
10
10
10
10
10
10
10
10
10
10
10
10
10
10
10
10
10
10
10
10
10
10
10
10
10
10
10
10
10
10
10
10
10
10
10
10
10
10
10
10
10
10
10
10
10
10
10
10
10
10
10
10
10
10
10
10
10
10
10
10
10
10
10
10
10
10
10
10
10
10
10
10
10
10
10
10
10
10
10
10
10
10
10
10
10
10
10
10
10
10
10
10
10
10
10
10
10
10
10
10
10
10
10
10
10
10
10
10
10
10
10
10
10
10
10
10
10
10
10
10
10
10
10
10
10
10
10
10
10
10
10
10
10
10
10
10
10
10
10
10
10
10
10
10
10
10
10
10
10
10
10
10
10
10
10
10
10
10
10
10
10
10
10
10
10
10
10
10
10
10
10
10
10
10
10
10
10
10
10
10
10
10
10
10
10
10
10
10
10
10
10
10
10
10
10
10
10
10
10
10
10
10
10
10
10
10
10
10
10
10
10
10
10
10
10
10
10
10
10
10
10
10
10
10
10
10
10
10
10
10
10
10
10
10
10
10
10
10
10
10
10
10
10
10
10
10
10
10
10
10
10
10
10
10
10
10
10
10
10
10
10
10
10
10
10
10
10
10
10
10
10
10
10
10
10
10
10
10
10
10
10
10
10
10
10
10
10
10
10
10
10
10
10
10
10
10
10
10
10
10
10
10
10
10
10
10
10
10
10
10
10
10
10
10
10
10
10
10
10
10
10
10
10
10
10
10
10
10
10
10
10
10
10
10
10
10
10
10
10
10
10
10
10
10
10
10
10
10
10
10
10
10
10
10
10
10
10
10
10
10
10
10
10
10
10
10
10
10
10
10
10
10
10
10
10
10
10
10
10
10
10
10
10
10
10
10
10
10
10
10
10
10
10
10
10
10
10
10
10
10
10
10
10
10
10
10
10
10
10
10
10
10
10
10
10
10
10
10
10
10
10
10
10
10
10
10
10
10
10
10
10
10
10
10
10
10
10
10
10
10
10
10
10
10
10
10
10
10
10
10
10
10
10
10
10
10
10
10
10
10
10
10
10
10
10
10
10
10
10
10
10
10
10
10
10
10
10
10
10
10
10
10
10
10
10
10
10
10
10
10
10
10
10
10
10
10
10
10
10
10
10
10
10
10
10
10
10
10
10
10
10
10
10
10
10
10
10
10
10
10
10
10
10
10
10
10
10
10
10
10
10
10
10
10
10
10
10
10
10
10
10
10
10
10
10
10
10
10
10
10
10
10
10
10
10
10
10
10
10
10
10
10
10
10
10
10
10
10
10
10
10
10
10
10
10
10
10
10
10
10
10
10
10
10
10
10
10
10
10
10
10
10
10
10
10
10
10
10
10
10
10
10
10
10
10
10
