# vtk DataFile Version 2.0
Wang four-hexahedra prototype
ASCII
DATASET UNSTRUCTURED_GRID
POINTS 2678 double
-0.2268855693993066 0.0022249345299469882 0.10117150250010765
-0.21840708932493355 -0.0001051116319399862 0.13367573480862349
-0.22490903512708668 0.05303369563449728 0.051151665680211428
-0.22549811927084509 0.036012918275086292 0.079133145295680898
-0.21698861831331762 0.038761275490730496 0.12410456666429506
-0.21880244767623583 0.07608595657520438 0.045627552724672504
-0.2119122083124852 0.09321741069865494 0.063120988778519363
-0.20738521485807143 0.090729099769197324 0.10822648267491022
-0.19928029540721107 -0.11512875497630393 0.12020068758689116
-0.19058261494781667 -0.11015549992760315 0.14791522037852797
-0.21805819021810049 -0.077105968299206115 0.020355130506805343
-0.21800364419868437 -0.081273106501182191 0.049216883929482945
-0.21121773199860314 -0.089387301039528771 0.10064046751287378
-0.20223859404091202 -0.077268528616358551 0.14498327180540765
-0.21301419447316858 -0.01918824006305335 -0.030050808259940803
-0.21816009777516712 -0.038128872671858757 -0.001157048512233326
-0.22585211959086346 -0.032572413455991156 0.044063908818651361
-0.22632556289308825 -0.021432654908775182 0.089880377179758261
-0.21526788609836076 -0.029088058436673645 0.13910514058612097
-0.20768995116136893 0.013920790469827469 -0.037256147038912286
-0.21596550533111175 0.020748615532340569 -0.010844056266074865
-0.22551121089522694 0.030529813588143061 0.037812628668098022
-0.22973418632298703 0.014578727460359223 0.067572781751289987
-0.19561022746605194 0.064142664119650764 -0.045081605666371254
-0.19629506254864298 0.084676850797480385 -0.025897328271470128
-0.20981689570217651 0.090280218207232754 0.02471278538730743
-0.20527650962628163 0.1117585633556689 0.042131794620013131
-0.17811526447762324 -0.15161818158380524 0.018975470568505102
-0.18117871806355815 -0.14984848957456259 0.049915494105536272
-0.18351169671618495 -0.13990060496721629 0.10111283553936272
-0.16834355070230383 -0.13861735020340629 0.1456004037416824
-0.18605990785238727 -0.1083184670702619 -0.035908276193089277
-0.19593020624604504 -0.11294486345414557 0.0034598719103181835
-0.20342562718621199 -0.11619974707593125 0.050675815820737852
-0.20395167827093699 -0.11743946668430109 0.087567842566871182
-0.17850472958736707 -0.053973239150124995 -0.080879641053371018
-0.19501078308144815 -0.058202157076012638 -0.048832239045902774
-0.21089931486101091 -0.061627360394515607 -0.013807480776389838
-0.17505215071307539 -0.0063780864584381172 -0.089697792213688121
-0.19528950317964525 0.0058942948346949568 -0.059725790262177669
-0.1601525735345255 0.056359850765391933 -0.095499473087978459
-0.17970131967400765 0.074220051402606679 -0.063282974182899271
-0.18090611711504737 0.10317540999412343 -0.047049473169567479
-0.11557917165910847 -0.19808970580353427 0.099491629720887612
-0.11396794430554248 -0.18858823944337869 0.13542459473792992
-0.12810573988202648 -0.17522394434743582 -0.030801021463911504
-0.14545532003021641 -0.17157684902232156 -0.0015530844113661305
-0.14168723084353779 -0.1828821300212681 0.044754279529071933
-0.13445175288321232 -0.18737897864333841 0.089285550873377487
-0.1376904379079254 -0.17243534849901124 0.14117953402328737
-0.13722361895207669 -0.12884660406226708 -0.08153625767660222
-0.15095238229046209 -0.14037867264845483 -0.049102914349691183
-0.16404646939064474 -0.15196890547605343 -0.01491971177546883
-0.1252683911452756 -0.072865934061437931 -0.12383801029588141
-0.14874432554517944 -0.085778957316422669 -0.09644494021366716
-0.17276268825387678 -0.098952559933947692 -0.068440735686409279
-0.12643053855465369 -0.031482459347607197 -0.12943236146530954
-0.15186921554728391 -0.018722424027759157 -0.11188719773949118
-0.11614129930222034 0.031817141655354965 -0.13438348936432978
-0.13951023053930439 0.04466337745336546 -0.11654575529229957
-0.069106309358055368 -0.21951999591100599 0.053210633168672285
-0.083571595853490249 -0.21299727240124255 0.077753965758956906
-0.074964901977997919 -0.20718719314017969 0.1240880600593498
-0.092089020780359757 -0.18767323532359326 -0.038045603396494987
-0.090200147765035349 -0.19848637034104333 -0.010679927754724192
-0.088008263612536025 -0.21071379576353641 0.039285126347157542
-0.10569273424306574 -0.20717362673692516 0.065549801964157398
-0.093302940014302727 -0.14940722100222742 -0.09026386611828302
-0.092871148205369999 -0.17315652571992568 -0.06051361425832024
-0.090557182357721075 -0.094276892740266266 -0.12942889204473373
-0.092336069511629107 -0.12278676308653887 -0.11250691965309512
-0.086448491904240796 -0.049913228525335987 -0.14327175005153572
-0.079280452676570329 0.012196006705231872 -0.15022620951558302
-0.052118019067036857 -0.22412384206140587 0.049133443498827846
-0.030466495634610947 -0.22604800407950595 0.067084456675854873
-0.025067407552693707 -0.22153253466568193 0.10738570415740156
-0.047358024094820421 -0.1995308241349516 -0.043964241361293045
-0.027880299474798993 -0.20953136972926387 -0.024331194053727977
-0.031890215362512846 -0.22277443365556363 0.026494503173616714
-0.014655042603349766 -0.2280312633931075 0.0490556851023847
-0.031254801691291335 -0.16528951599199965 -0.094684605877892694
-0.028643065836035771 -0.18960806188561402 -0.062811892377747286
-0.0062700382856569099 -0.20445632354808282 -0.044259287544500543
-0.03052502353090886 -0.11535632242413171 -0.13395802661409215
-0.031080521486299518 -0.14190274458708246 -0.11567206262096393
-0.029080887280644861 -0.074652908547174851 -0.14918517079529098
-0.026736151188708975 -0.015398558007982762 -0.16029771492714878
0.21024817418682665 0.008748662858828098 0.13877675244230855
0.21792925521301545 0.045702954779236062 0.086642699540097692
0.21304831324226373 0.031176011224327983 0.12060971397194184
0.20843369866901207 0.089353601997906845 0.072438939283273912
0.2035316119952546 0.088657319249962049 0.10713085883362697
0.212688349431117 -0.077501323786744972 0.056695683991731548
0.20831816104328774 -0.079095122509762222 0.095755777428084762
0.19614316612338928 -0.074812165338685205 0.14191769299942791
0.2142603460159056 -0.031537606002142234 0.0058260498843937898
0.21790940189462416 -0.041932662070482594 0.039319424728642208
0.21911697594516527 -0.025934666652999969 0.089416563742073601
0.21096915788176895 -0.014971458147070829 0.13041528405483332
0.19974587311922076 0.035030300538560072 -0.038308582151510513
0.20893560338770595 0.018361855052209466 -0.014380546944883502
0.21913098609895221 0.027782908213549486 0.033546569637951454
0.22030111488237991 0.028845185374796301 0.077139689554813179
0.21954355010880869 0.0088737614271409675 0.10939598360062115
0.19426761243723137 0.056612273033545331 -0.041450525777945585
0.19400867974556729 0.079193034170073451 -0.024895137238193435
0.20554526236683135 0.085552419381883724 0.021624170267577375
0.20898706469848249 0.088594145333185478 0.050972566357317131
0.1730062488342472 -0.14957521417301103 0.021548276588622375
0.17536656698956579 -0.14846229359947272 0.048220447166710645
0.17415202526061135 -0.14406768325616925 0.096837888294323105
0.16377795294535302 -0.13558896536735271 0.14301767928528769
0.18030164822205555 -0.10488875731314434 -0.03300231334090608
0.18503145368641935 -0.11692918584256114 0.002283807582708334
0.1995859807307879 -0.10437862534428399 0.043870320468716389
0.19548613240197554 -0.11202533791861127 0.097741018858213527
0.18413825675029435 -0.10589753625798318 0.14428917871030458
0.17152381263588087 -0.046573004725252547 -0.07856508106018785
0.18315167486953146 -0.062199370754774705 -0.051418147848941019
0.20589182145839172 -0.054896478227203616 -0.0065990109008250506
0.21256594000034404 -0.072443371674939319 0.023561000925005484
0.16850284068306157 -0.0085879485934533609 -0.085301963861697777
0.19044446215988187 0.0056388778200915837 -0.053351905194643258
0.20578557998616423 -0.0070200133007306056 -0.028662846798285097
0.15648762222265961 0.054689999535032209 -0.092874484592481099
0.17707812801447012 0.068708717869363972 -0.06127169806005045
0.1811030729309919 0.095995462203158924 -0.044715259756277818
0.11402808036719148 -0.19876509933678174 0.098529902896907065
0.11062377419124567 -0.18939136008951313 0.13422008748457054
0.12308418068561999 -0.1749561644914519 -0.03006123041252462
0.14174881963161742 -0.16962110524132551 -0.00011113868393440723
0.14114406430657347 -0.17982741471552427 0.044166759468225722
0.13321540881897215 -0.18589756398108465 0.088248733221229253
0.13397673225658996 -0.1707174787303552 0.13923022274941715
0.1291635826390046 -0.12700328911897699 -0.079441525189446846
0.14385632743071111 -0.13779555806112356 -0.047479723233881867
0.15766770067812139 -0.1482911744685555 -0.012488369305029305
0.14450270723191333 -0.082124383361858927 -0.088013049247256642
0.16292723050005195 -0.091810635302822963 -0.066080699004065255
0.11684264052264219 -0.019799004532969622 -0.12795963431511362
0.13713232947635279 -0.028865445095716015 -0.11007270231726085
0.11070737929277275 0.029261506448405545 -0.13207439206525323
0.13387094296522378 0.042030748063915678 -0.11397705000544769
0.071553016582812587 -0.21958658406201359 0.052803099298749233
0.08504564637275841 -0.21315677050686804 0.077895515216469133
0.074959518429487657 -0.20725621740225508 0.12408999213284039
0.091711987965805042 -0.18634153695511507 -0.03672313082093781
0.090064699727906303 -0.19755112799932112 -0.010803066187996067
0.08946836576756137 -0.21065776960176255 0.039019728080123398
0.10811954297913727 -0.20681899617344937 0.065650810515135674
0.092322344778463641 -0.14520313778021904 -0.087022723668229149
0.092161030939095168 -0.16921335123362044 -0.059419437923572127
0.07647477190774811 -0.093129232526783692 -0.1284958255220621
0.094286135551202993 -0.10565341011559097 -0.11158947756209366
0.089945090830579583 -0.051559627534721833 -0.13428775725029007
0.1141068555830093 -0.065216250158051978 -0.12200125300052855
0.078801853218627774 0.012206483353796302 -0.14558412319321873
0.050136363075098195 -0.22539052172241883 0.047663102456897782
0.029222312842569931 -0.2268162508570776 0.066870430161219824
0.025083748881592625 -0.22184546465289501 0.10746287928673004
0.047512360049400126 -0.19925451310192877 -0.043580645419986151
0.028005930563668818 -0.20959053164470481 -0.024296237398470633
0.030698439717802711 -0.22347191184901374 0.025593816712373881
0.012540714409839846 -0.22860424875818094 0.048548246335942312
0.031081569484268441 -0.16418608195430651 -0.093585894342949477
0.02868680765725239 -0.18880434920290221 -0.06264059650406946
0.0064698677298167051 -0.20439993893966515 -0.044229989242537265
0.030178084942321538 -0.11234329684745732 -0.13267206453461494
0.030746605801181874 -0.13884607063102122 -0.11468339265074905
0.028873317427153003 -0.074438687735583986 -0.14642389128646804
0.026606834052690001 -0.01536986537085383 -0.15834976854478883
0.11537417114878747 0.1991564429343278 0.097577389482350993
0.10861554794720281 0.1919475609404464 0.1349249655290872
0.15389300431550126 0.17421974033506973 0.051442704339089873
0.14231001009608552 0.18210466846330733 0.077755259126845555
0.14399784517677941 0.16988618851674508 0.12473511613251689
0.17422150310858753 0.15400659634825364 0.044802061400015046
0.1849080834507327 0.13769988993812107 0.065652725848988805
0.18130781713025088 0.13372120385360886 0.10797812491475386
0.04320547837000694 0.22229297929068559 0.022655985872047452
0.041567115557487579 0.22355824146795661 0.047462799872753633
0.03871273714631563 0.22076645306922285 0.096065424788590953
0.036512990886772775 0.20837259881348597 0.14245404614713103
0.089763201967517789 0.19519672498012364 -0.030440265925479482
0.075478500702402362 0.20752589273785862 0.00087713736929772787
0.084543484419892345 0.21158432074355252 0.044005137788539726
0.09391987574132489 0.20843640449919348 0.087481510714793348
0.079675521298526425 0.20203441429975455 0.13956099346468803
0.11693511737495646 0.17380164579183843 -0.038320509101246694
0.12803915251306525 0.17816299645540068 -0.01046099105963561
0.13785377093856965 0.18462298968221577 0.038288585168948647
0.123981097059139 0.19920867152213181 0.065019113611312171
0.15231163668282902 0.1398833002518502 -0.045609374565906913
0.1702755306227699 0.12882029005012363 -0.024714390111558963
0.18122577851832142 0.13740528631623539 0.023971393681740977
0.19552858866861098 0.1225968253261935 0.046159267599916232
-0.040084205247918628 0.22124959781041945 0.057347623913406615
-0.037144894061266615 0.21824063713325401 0.095122705323182774
-0.03473930362398138 0.20634275458893306 0.14150904013470461
0.00045281049326374723 0.20677982481552867 -0.032588047547635647
0.0095675541916091199 0.2165113127026761 0.0027913051340984658
-0.0083406348973032417 0.22256974541056448 0.043842746487922753
-0.00072911037128665576 0.2222527756814483 0.096605811812594866
-0.00038718268656372495 0.21027868009280246 0.14332074906343401
0.046008696110918894 0.17658491031689735 -0.080249691152913111
0.046860116458600852 0.19383318096025848 -0.047342944978936229
0.04781320309702617 0.20991158274595811 -0.010961453480087526
0.081841325589968789 0.1544416436194686 -0.089013077510771532
0.10276762822582212 0.1662836873499618 -0.060951848458901656
0.12848058249680261 0.11036977524814989 -0.09508307309915906
0.15217291326025842 0.11928115379587008 -0.063774485644885193
0.17647401056114217 0.10612689218790612 -0.045264404412881792
-0.11672239991454021 0.19306378696027018 0.1016571654890468
-0.11157558743986663 0.18605828414137976 0.13219338499816902
-0.081797318254826695 0.2019989158993821 0.0043703993243089656
-0.074336433282476549 0.21007069199731715 0.040181913501585585
-0.092792166631212369 0.20319733869287732 0.0893778888397882
-0.082394286703114564 0.19582111235342484 0.13668494238971404
-0.04556164224973825 0.17386220941517924 -0.079391156220720918
-0.037856081729603461 0.19068629202138704 -0.050791357974016384
-0.055658473441412636 0.20537426528711636 -0.0076859172804302212
-0.043598830839639058 0.21883813889668868 0.024363813343308668
0.00018693971134162561 0.13873370062770149 -0.12297694570427704
-0.00050948903761632164 0.16333887901776437 -0.095106919130180892
-0.0012694878428541473 0.18801019016635534 -0.065144946203880158
0.033648589778018254 0.12315799000204969 -0.12847907949368689
0.057400317898019415 0.13883448285058869 -0.11139106724779833
0.084568938399422644 0.08408619338260942 -0.13374175027619808
0.10736706489418446 0.09792775072537141 -0.11617413609492737
-0.15815618897401187 0.16996031966374936 0.050136033592459307
-0.14362658200717301 0.17791175481318958 0.080198936914134225
-0.14209810956801455 0.16852493167391208 0.12409247508855309
-0.12683611085879273 0.16334176084370247 -0.039780346487012556
-0.12011472202961523 0.17774808582466695 -0.014014550113053952
-0.1383769474605373 0.18054533195209407 0.037038692930597937
-0.12594669663594613 0.19203228598017144 0.069100205210984422
-0.079563809859441254 0.15249273418326295 -0.087431928671128784
-0.099402338399993989 0.16786828384393201 -0.0540905840852825
-0.091951194859447263 0.18871299016709872 -0.028859590057200558
-0.03239316171947882 0.12225064082430762 -0.12828215929425005
-0.056017194198120568 0.13760462600166545 -0.10965261947752854
1.6617067383952605e-05 0.099580675266668875 -0.14183261467271013
0.050081302608210407 0.062495922288182418 -0.1489199295762158
-0.17696622551985675 0.15125702135488733 0.043991421654149994
-0.18778613823755813 0.1367696089922151 0.063097115663308265
-0.18283531790465524 0.13460478660510544 0.10839819817002416
-0.15352842165096706 0.13734574325650156 -0.045037922855168111
-0.17184077337254444 0.12784005601201209 -0.02584551761887021
-0.1840460878540526 0.13642201979692009 0.023708387974142507
-0.20029838424226112 0.12102597765583646 0.041846165625611366
-0.12844920547880995 0.11016397582156084 -0.094947001629763439
-0.15386195022892535 0.11827197294431399 -0.06330216177054436
-0.17986648289755189 0.10502227847129027 -0.047061468277297049
-0.084726914439214485 0.084026352935206688 -0.13414228546404222
-0.10749052482840639 0.097782710782386484 -0.1160234670573312
-0.050184928312995251 0.062528034997122811 -0.14998717999655814
-3.9810015354257294e-05 0.030855370491980533 -0.16025104164609222
0.041562220149629958 0.12204964264620181 0.25303363898622094
0.041110606486033589 0.13378290980732035 0.24634975676499468
0.080265416986793667 0.050063859255624149 0.2658154345215355
0.068262578373268629 0.096670023526403054 0.25532875944831135
0.067385666668535696 0.14409419413371541 0.22685913295382437
0.07481779050742611 0.17373749891151088 0.19576098306045056
0.11794353473508118 0.021828517433849271 0.24893398196580982
0.12664830197551513 0.073219552962357964 0.23339545046166951
0.12308483179692137 0.12683980781628557 0.20797218617820948
0.10428497819457636 0.17166055604350663 0.17603678906322406
0.15874080688237074 -0.0044431749265156448 0.21749526508323905
0.16578095242452098 0.040370828927200779 0.20565803698031601
0.16506245178083795 0.095391356399956898 0.18553179722303678
0.1512570216750915 0.14286434377454138 0.16024226533054342
0.17978647049189797 -0.015980245188299356 0.1955330540840563
0.1922997878000558 0.0088060966663758618 0.17420725675423326
0.19406784197195351 0.056948006231209491 0.15843863191892563
0.18541933895639215 0.10713944523986568 0.13940073855545712
-0.0004460029102250791 0.00025556005371014527 0.2865717746331557
-0.00033946378582728597 0.041537416253062905 0.28054861288153088
0.0087923809213138193 0.10360376604486406 0.26135720256760969
0.0088330286723885439 0.1496391889835022 0.23089435156887933
0.00051274444450960294 0.18157125330338228 0.1976107752522844
0.033926980866169548 -0.0199841030681965 0.2785641802053217
0.053328158142838734 0.033098567009573122 0.27417722440746617
0.043726927361447641 0.083700744193711804 0.27088609008609338
0.040635246202132366 0.16040335798279209 0.22026256933337529
0.037935997201671644 0.18811100332803174 0.18343995077309283
0.086717471339503166 -0.051064489382119924 0.25699209980767401
0.10728033539311421 -0.011035560443326651 0.25510556301680154
0.076768388637945481 0.19149901973320485 0.16772779612291167
0.13013282198437137 -0.076209364275702629 0.22536088611561803
0.14908535230578479 -0.035877504122890508 0.22278849952969812
0.15692968038509866 -0.091235269426448704 0.19679077079667273
0.17810395030607382 -0.058502661891967511 0.18324250956873647
0.19621659488284018 -0.018980504843547356 0.16700090080520411
-0.081369267535085998 0.046823115087374113 0.26828075974254922
-0.075402512838733199 0.095503834900700274 0.25249008476023604
-0.074306417599210389 0.14380336243792874 0.22041909766941967
-0.075409210063122345 0.16836234323165536 0.19582870241430139
-0.036180932908592346 -0.020437484000053113 0.28056221737544479
-0.05522039319953518 0.031786579614196078 0.27636078389188484
-0.042890803951859284 0.10363025428905395 0.259483704512872
-0.041857854441821267 0.1509723403342014 0.22563109026510278
-0.038099598054576529 0.18508715926227517 0.18332977554162597
-0.002301470177535713 -0.094333419277667349 0.26645019297291123
-0.0014330760435941254 -0.062777937009658641 0.27464623097615903
-0.0002356949122882685 0.20000626721001516 0.16934089018482387
0.041891908603043246 -0.1131570687756496 0.25025900358162695
0.065059238456260299 -0.087627267526834793 0.25653062946418914
0.086565812318837865 -0.13612518576081428 0.21976671994668698
0.10892572194729373 -0.11105935045437976 0.22472984739341825
0.11055638019122072 -0.15037505092486048 0.19520847046822606
0.1433730054191957 -0.12669136997929295 0.18324928689556019
0.17477535773686129 -0.10062932767002712 0.16949847179872202
-0.12687323960437569 -0.0255431125089539 0.25399448421700183
-0.11840353945941236 0.01115569635666524 0.25590295548572095
-0.12900498896555268 0.074462512961775251 0.23448326053653717
-0.12186848435431819 0.12596808174797194 0.20742036798076674
-0.10444829788503873 0.1669786134801578 0.17540789219145694
-0.085851362372603435 -0.097144501931115915 0.25459953331395951
-0.089722620612889117 -0.051501844043784391 0.26315660143782199
-0.094111616856796212 -0.0039842062432514725 0.271252828517834
-0.078678930540434094 0.1847312578028073 0.16735039095057616
-0.04927266943619045 -0.10772211671581541 0.25576877892835059
-0.050033232802380194 -0.079382362822717475 0.27125615247335982
-3.8632074799520993e-05 -0.14659252593866545 0.23353179790642875
0.048116638479989801 -0.16648932894775512 0.20665963420900332
0.095102714149731857 -0.17397327114019273 0.1754023214542319
0.12535003461075947 -0.16214152255504452 0.16786506909254925
-0.14140951319841555 -0.03469859047898987 0.24421553652646591
-0.16122533371739908 -0.016279004920339603 0.22555581550909198
-0.17124961966604532 0.043147890138652403 0.20792910316567534
-0.16733710993126671 0.096611916981167584 0.18640482488161075
-0.15068098962035087 0.14239289297842556 0.16001661231232955
-0.10390474596934625 -0.10666126903836043 0.24298257343431628
-0.13571178810931817 -0.078386828372590409 0.23168349104024324
-0.16617776894790856 -0.048319930474309165 0.21904944452504874
-0.097219848875691531 -0.13240979939699393 0.22512120979512257
-0.1291422749046702 -0.12133079726215444 0.21833858912742446
-0.048269619025682123 -0.1688485639438603 0.20754931640720123
-1.133844187432495e-05 -0.1901792455103786 0.18537673407957617
0.047958600970921902 -0.19971897679113954 0.15940383302974276
-0.18814288857661107 -0.024070920483418842 0.19609013435233449
-0.19989566062731176 0.0045392741531189223 0.17533456766377281
-0.19878580864302295 0.059343960009312441 0.16006293025743279
-0.18797319935572776 0.10854099703629233 0.14022323350568466
-0.16922641597211918 -0.098310274075647158 0.19143439315477734
-0.18748552092422438 -0.05603314577050178 0.1868487144808833
-0.2051195190664353 -0.028075639181758816 0.16740420384458823
-0.11832120915057827 -0.15179449480338345 0.1959040766050523
-0.14444964753507464 -0.13580842762377779 0.18704958571466829
-0.098782804230948471 -0.17571780266308754 0.17540205002699355
-0.13157614439270635 -0.16484370354159827 0.16773027813224373
-0.047992024099776841 -0.20017927832893567 0.15955320325970387
3.5857019702947857e-06 -0.21352762369457023 0.13922414171706013
0 0 0.060999999999999999
-0.0625 0.036084391824351615 0.023500000000000004
-0.03125 -0.018042195912175818 0.023500000000000004
-0.0625 0 0.060999999999999999
-0.078125 -0.0090210979560879194 -0.013999999999999992
-0.078125 -0.027063293868263727 0.0047500000000000198
-0.0625 -0.03608439182435158 -0.013999999999999992
-0.09375 -1.0408340855860843e-17 0.0047499999999999921
-0.09375 0.018042195912175797 -0.013999999999999992
-0.09375 -0.018042195912175818 0.023500000000000004
-0.125 0.018042195912175808 0.042249999999999989
-0.109375 -0.009021097956087909 0.042250000000000017
-0.125 0 0.060999999999999999
-0.109375 0.0090210979560878986 0.023500000000000004
-0.125 0.036084391824351615 0.023500000000000004
-0.078125 0.027063293868263706 0.0047499999999999921
-0.109375 0.027063293868263706 0.0047499999999999921
-0.09375 0.036084391824351615 0.023500000000000004
0.0625 -0.036084391824351615 0.09849999999999999
0.03125 -0.054126587736527433 0.060999999999999999
0 -0.036084391824351615 0.09849999999999999
0.078125 -0.099232077516966957 0.079749999999999988
0.046875 -0.099232077516966957 0.079749999999999988
0.0625 -0.10825317547305487 0.060999999999999999
0.0625 -0.090210979560879048 0.09849999999999999
0.09375 -0.090210979560879048 0.09849999999999999
0.03125 -0.090210979560879048 0.09849999999999999
0.03125 -0.07216878364870323 0.13599999999999998
0.015625 -0.081189881604791139 0.11725000000000001
0 -0.07216878364870323 0.13599999999999998
0.046875 -0.081189881604791139 0.11725000000000001
0.0625 -0.07216878364870323 0.13599999999999998
0.0625 -0.054126587736527426 0.11725000000000001
0.078125 -0.081189881604791139 0.11725000000000001
0.078125 -0.063147685692615335 0.09849999999999999
-0.03125 -0.054126587736527433 0.060999999999999999
-0.09375 -0.018042195912175808 0.079750000000000015
-0.078125 -0.027063293868263717 0.060999999999999999
-0.0625 -0.036084391824351615 0.09849999999999999
-0.03125 -0.054126587736527426 0.11725000000000001
-0.0625 -0.054126587736527385 0.0047500000000000198
-0.078125 -0.045105489780439531 0.023500000000000031
-0.0625 -0.072168783648703189 0.023500000000000004
-0.015625 -0.081189881604791139 0.11725000000000001
-0.046875 -0.063147685692615335 0.09849999999999999
-0.03125 -0.090210979560879048 0.09849999999999999
-0.09375 -0.036084391824351622 0.042250000000000017
-0.078125 -0.045105489780439524 0.079750000000000015
-0.09375 -0.054126587736527433 0.060999999999999999
-0.0625 -0.072168783648703244 0.079750000000000015
-0.078125 -0.063147685692615335 0.042250000000000017
-0.046875 -0.081189881604791153 0.061000000000000026
-0.03125 -0.054126587736527385 0.0047500000000000198
0 -0.072168783648703244 0.023500000000000004
0.03125 -0.090210979560879062 0.042250000000000017
0.015625 -0.081189881604791153 0.060999999999999999
-0.03125 -0.072168783648703189 0.023500000000000004
0 -0.090210979560879048 0.09849999999999999
0 -0.090210979560879062 0.042250000000000017
0.015625 -0.099232077516966957 0.079749999999999988
0 -0.10825317547305487 0.060999999999999999
-0.015625 -0.099232077516966957 0.079749999999999988
-0.03125 -0.090210979560879007 0.042250000000000017
-0.03125 0.054126587736527433 0.060999999999999999
-0.109375 0.027063293868263717 0.060999999999999999
-0.109375 0.045105489780439524 0.042250000000000017
-0.09375 0.054126587736527433 0.060999999999999999
-0.078125 0.099232077516966957 0.042250000000000017
-0.078125 0.081189881604791153 0.060999999999999999
-0.0625 0.10825317547305487 0.060999999999999999
-0.09375 0.072168783648703244 0.042249999999999989
-0.09375 0.090210979560879048 0.023500000000000004
-0.078125 0.045105489780439524 0.042249999999999989
-0.078125 0.063147685692615335 0.023500000000000004
0.03125 0.018042195912175818 0.09849999999999999
0.015625 -0.045105489780439517 0.13599999999999998
0.046875 -0.045105489780439517 0.13599999999999998
0.03125 -0.018042195912175797 0.13599999999999998
0.078125 0.0090210979560879194 0.13599999999999998
0.046875 0.0090210979560879194 0.13600000000000001
0.0625 0.03608439182435158 0.13599999999999998
0.0625 -0.018042195912175797 0.13599999999999998
0.09375 -0.018042195912175797 0.13599999999999998
0.046875 -0.027063293868263706 0.11725000000000001
0.078125 -0.027063293868263706 0.11725000000000001
-0.03125 0.018042195912175818 0.09849999999999999
-0.109375 0.009021097956087909 0.079750000000000015
-0.09375 0.036084391824351622 0.079749999999999988
-0.09375 0.018042195912175818 0.09849999999999999
-0.0625 0.090210979560879062 0.079749999999999988
-0.078125 0.063147685692615335 0.079750000000000015
-0.0625 0.072168783648703244 0.09849999999999999
-0.078125 0.027063293868263727 0.11725000000000001
-0.0625 0.05412658773652744 0.11724999999999998
-0.0625 0.036084391824351636 0.13599999999999998
-0.078125 0.045105489780439531 0.09849999999999999
-0.03125 0.090210979560879062 0.079749999999999988
-0.03125 0.072168783648703244 0.09849999999999999
0 0.072168783648703244 0.09849999999999999
0.03125 0.05412658773652744 0.11725000000000001
0.03125 0.036084391824351636 0.13600000000000001
0 0.05412658773652744 0.11724999999999998
0 0.036084391824351636 0.13599999999999998
-0.03125 0.036084391824351636 0.13599999999999998
-0.03125 0.05412658773652744 0.11724999999999998
0.015625 0.0090210979560879194 0.13599999999999998
-0.015625 -0.045105489780439517 0.13599999999999998
0 -0.018042195912175797 0.13599999999999998
-0.03125 -0.018042195912175797 0.13599999999999998
-0.046875 0.0090210979560879194 0.13599999999999998
-0.015625 0.0090210979560879194 0.13599999999999998
-0.046875 -0.027063293868263706 0.11725000000000001
-0.078125 -0.0090210979560878986 0.09849999999999999
-0.0625 1.0408340855860843e-17 0.11725000000000001
0 0.036084391824351615 0.023500000000000004
-0.046875 0.099232077516966957 0.042249999999999989
-0.0625 0.090210979560879048 0.023500000000000004
-0.03125 0.090210979560879048 0.023500000000000004
-0.03125 0.07216878364870323 -0.013999999999999992
-0.015625 0.081189881604791139 0.0047499999999999921
0 0.07216878364870323 -0.013999999999999992
-0.046875 0.081189881604791139 0.0047499999999999921
-0.0625 0.07216878364870323 -0.013999999999999992
-0.0625 0.054126587736527426 0.0047499999999999921
-0.078125 0.081189881604791139 0.0047499999999999921
0.0625 0 0.060999999999999999
0.078125 0.027063293868263727 0.11725000000000001
0.09375 1.0408340855860843e-17 0.11725000000000001
0.09375 0.018042195912175818 0.09849999999999999
0.125 -0.018042195912175808 0.079750000000000015
0.109375 0.009021097956087909 0.079749999999999988
0.125 0 0.060999999999999999
0.109375 -0.0090210979560878986 0.09849999999999999
0.125 -0.036084391824351615 0.09849999999999999
0.109375 -0.027063293868263706 0.11725000000000001
0.09375 -0.036084391824351615 0.09849999999999999
0.03125 0.054126587736527433 0.060999999999999999
-0.015625 0.081189881604791153 0.060999999999999999
0.015625 0.081189881604791139 0.0047499999999999921
0 0.090210979560879048 0.023500000000000004
0.03125 0.090210979560879048 0.023500000000000004
0.0625 0.054126587736527385 0.11724999999999998
0.03125 0.072168783648703244 0.09849999999999999
0.0625 0.072168783648703189 0.09849999999999999
-0.015625 0.099232077516966957 0.042249999999999989
0 0.090210979560879062 0.079749999999999988
0 0.10825317547305487 0.060999999999999999
0.03125 0.090210979560879062 0.079750000000000015
0.015625 0.099232077516966957 0.042249999999999989
0.046875 0.081189881604791153 0.060999999999999999
0.03125 0.054126587736527426 0.0047499999999999921
0.0625 0.036084391824351615 0.023500000000000004
0.09375 0.018042195912175808 0.042249999999999989
0.078125 0.027063293868263717 0.060999999999999999
0.046875 0.063147685692615335 0.023500000000000004
0.078125 0.045105489780439531 0.09849999999999999
0.078125 0.045105489780439524 0.042249999999999989
0.09375 0.036084391824351622 0.079749999999999988
0.09375 0.054126587736527433 0.060999999999999999
0.078125 0.063147685692615335 0.079749999999999988
0.0625 0.072168783648703244 0.042249999999999989
-0.015625 0.045105489780439517 -0.013999999999999992
-0.046875 0.045105489780439517 -0.013999999999999992
-0.03125 0.018042195912175797 -0.013999999999999992
-0.046875 -0.0090210979560879194 -0.013999999999999992
-0.0625 0.018042195912175797 -0.013999999999999992
-0.046875 0.027063293868263706 0.0047499999999999921
0.109375 -0.027063293868263717 0.060999999999999999
0.109375 -0.045105489780439524 0.079750000000000015
0.09375 -0.054126587736527433 0.060999999999999999
0.078125 -0.081189881604791153 0.060999999999999999
0.09375 -0.072168783648703244 0.079750000000000015
0.078125 -0.045105489780439524 0.079750000000000015
0.03125 -0.018042195912175818 0.023500000000000004
0.015625 0.045105489780439517 -0.013999999999999992
0 0.018042195912175797 -0.013999999999999992
0.03125 0.018042195912175797 -0.013999999999999992
-0.03125 -0.03608439182435158 -0.013999999999999992
-0.015625 -0.0090210979560879194 -0.014000000000000019
0 -0.036084391824351636 -0.013999999999999992
0.046875 -0.0090210979560879194 -0.014000000000000019
0.03125 -0.036084391824351636 -0.013999999999999992
0.0625 -0.036084391824351636 -0.013999999999999992
0.015625 -0.0090210979560879194 -0.014000000000000019
0 -0.05412658773652744 0.0047500000000000198
0.0625 -0.090210979560879062 0.042250000000000017
0.03125 -0.072168783648703244 0.023500000000000004
0.0625 -0.072168783648703244 0.023500000000000004
0.0625 -0.05412658773652744 0.0047500000000000198
0.03125 -0.05412658773652744 0.0047500000000000198
0.078125 -0.063147685692615335 0.042249999999999989
0.109375 -0.009021097956087909 0.042250000000000017
0.09375 -0.036084391824351622 0.042250000000000017
0.09375 -0.018042195912175818 0.023500000000000004
0.078125 -0.027063293868263727 0.0047499999999999921
0.078125 -0.045105489780439531 0.023500000000000004
0.078125 0.0090210979560878986 0.023500000000000004
0.046875 0.027063293868263706 0.0047499999999999921
0.0625 -1.0408340855860843e-17 0.0047499999999999921
-0.125 0.07216878364870323 -0.013999999999999992
-0.09375 0.054126587736527426 0.0047499999999999921
-0.109375 0.045105489780439517 -0.013999999999999992
-0.125 0.054126587736527426 0.0047499999999999921
-0.15625 0.090210979560879034 -0.032750000000000001
-0.140625 0.063147685692615321 -0.032750000000000001
-0.15625 0.07216878364870323 -0.013999999999999992
-0.125 -0.072168783648703216 -0.088999999999999982
-0.109375 -0.063147685692615363 -0.070249999999999993
-0.140625 -0.045105489780439559 -0.08900000000000001
-0.140625 -0.063147685692615363 -0.070249999999999993
-0.09375 -0.054126587736527398 -0.051500000000000018
-0.125 -0.03608439182435165 -0.070249999999999993
-0.125 -0.054126587736527454 -0.05149999999999999
-0.15625 -0.054126587736527454 -0.05149999999999999
-0.15625 -0.03608439182435165 -0.070249999999999993
-0.078125 -0.045105489780439545 -0.032750000000000001
-0.09375 -0.018042195912175828 -0.032750000000000001
-0.09375 -0.036084391824351636 -0.013999999999999992
-0.109375 -0.027063293868263737 -0.051500000000000018
-0.109375 -0.045105489780439545 -0.032750000000000001
-0.125 -2.0816681711721685e-17 -0.05149999999999999
-0.125 -0.018042195912175828 -0.032750000000000001
-0.125 -0.036084391824351636 -0.013999999999999992
-0.15625 0.018042195912175787 -0.070249999999999993
-0.140625 -0.0090210979560879298 -0.070249999999999993
-0.15625 -2.0816681711721685e-17 -0.05149999999999999
-0.1875 -0.036084391824351636 -0.013999999999999992
-0.171875 -0.045105489780439545 -0.032750000000000001
-0.15625 -0.036084391824351636 -0.013999999999999992
-0.1875 -0.018042195912175828 -0.032750000000000001
-0.140625 -0.045105489780439545 -0.032750000000000001
-0.171875 -0.027063293868263737 -0.051500000000000018
-0.15625 -0.018042195912175828 -0.032750000000000001
-0.140625 -0.027063293868263737 -0.051500000000000018
-0.15625 0 0.060999999999999999
-0.15625 0.018042195912175808 0.042249999999999989
-0.140625 -0.009021097956087909 0.042249999999999989
-0.1875 0 0.060999999999999999
-0.1875 0.018042195912175808 0.042249999999999989
-0.171875 -0.009021097956087909 0.042250000000000017
-0.1875 0.036084391824351615 0.023500000000000004
-0.171875 0.0090210979560878986 0.023500000000000004
-0.15625 -0.018042195912175818 0.023500000000000004
-0.171875 -0.027063293868263727 0.0047499999999999921
-0.1875 -0.018042195912175818 0.023500000000000004
-0.1875 -1.0408340855860843e-17 0.0047499999999999921
-0.203125 -0.009021097956087909 0.042250000000000017
-0.203125 0.0090210979560878986 0.023500000000000004
-0.140625 0.0090210979560878986 0.023499999999999976
-0.140625 0.027063293868263706 0.0047499999999999921
-0.125 -1.0408340855860843e-17 0.0047499999999999921
-0.15625 0.018042195912175797 -0.013999999999999992
-0.140625 0.045105489780439517 -0.014000000000000019
-0.125 0.036084391824351608 -0.032750000000000001
-0.15625 0.054126587736527412 -0.05149999999999999
-0.109375 -0.0090210979560879194 -0.014000000000000019
-0.109375 0.0090210979560878882 -0.032750000000000001
-0.171875 0.027063293868263696 -0.051500000000000018
-0.15625 0.036084391824351608 -0.032750000000000001
-0.140625 0.0090210979560878882 -0.032750000000000001
-0.140625 0.027063293868263696 -0.051500000000000018
-0.125 0.018042195912175797 -0.013999999999999992
-0.125 -0.018042195912175818 0.023500000000000004
-0.15625 -1.0408340855860843e-17 0.0047499999999999921
-0.109375 -0.027063293868263727 0.0047499999999999921
-0.140625 -0.027063293868263727 0.0047499999999999921
-0.171875 -0.0090210979560879194 -0.014000000000000019
-0.171875 0.0090210979560878882 -0.032750000000000001
-0.140625 -0.0090210979560879194 -0.014000000000000019
-0.171875 0.027063293868263706 0.0047499999999999921
-0.1875 0.036084391824351608 -0.032750000000000001
-0.1875 0.018042195912175797 -0.013999999999999992
-0.15625 0.036084391824351615 0.023500000000000004
-0.15625 0.054126587736527426 0.0047499999999999921
-0.171875 0.063147685692615321 -0.032750000000000001
-0.171875 0.045105489780439517 -0.013999999999999992
-0.1875 0.054126587736527426 0.0047499999999999921
0.125 -0.07216878364870323 0.13599999999999998
0.09375 -0.054126587736527426 0.11725000000000001
0.109375 -0.081189881604791139 0.11725000000000001
0.09375 -0.07216878364870323 0.13599999999999998
0.15625 -0.090210979560879034 0.15475
0.140625 -0.099232077516966943 0.13599999999999998
0.125 -0.090210979560879034 0.15475
0.078125 -0.13531646934131858 0.060999999999999999
0.09375 -0.12629537138523067 0.079750000000000015
0.0625 -0.12629537138523067 0.079750000000000015
0.09375 -0.16237976320958225 0.060999999999999999
0.109375 -0.15335866525349434 0.079749999999999988
0.078125 -0.1533586652534944 0.079749999999999988
0.125 -0.14433756729740643 0.09849999999999999
0.09375 -0.14433756729740649 0.09849999999999999
0.0625 -0.14433756729740649 0.09849999999999999
0.0625 -0.16237976320958228 0.11725000000000001
0.078125 -0.17140086116567019 0.09849999999999999
0.09375 -0.16237976320958228 0.11725000000000001
0.09375 -0.18042195912175804 0.079750000000000015
0.109375 -0.17140086116567013 0.09849999999999999
0 -0.10825317547305485 0.17349999999999999
0 -0.12629537138523064 0.19225
0.03125 -0.12629537138523064 0.19225
0.015625 -0.13531646934131855 0.17349999999999999
0.03125 -0.16237976320958228 0.17349999999999999
0.015625 -0.15335866525349437 0.19225
0.046875 -0.15335866525349437 0.19225
0 -0.090210979560879034 0.15475
0.03125 -0.090210979560879034 0.15475
0.015625 -0.099232077516966943 0.13599999999999998
0.03125 -0.10825317547305485 0.17349999999999999
0.015625 -0.11727427342914276 0.15475
0.0625 -0.10825317547305485 0.17349999999999999
0.046875 -0.11727427342914276 0.15475
0.03125 -0.12629537138523067 0.13599999999999998
0.09375 -0.12629537138523064 0.19225
0.0625 -0.12629537138523064 0.19225
0.078125 -0.13531646934131855 0.17349999999999999
0.0625 -0.1804219591217581 0.13600000000000001
0.046875 -0.17140086116567019 0.15474999999999997
0.046875 -0.15335866525349437 0.13599999999999998
0.078125 -0.17140086116567019 0.15474999999999997
0.03125 -0.14433756729740646 0.15475
0.0625 -0.16237976320958228 0.17349999999999999
0.0625 -0.14433756729740646 0.15475
0.046875 -0.13531646934131855 0.17349999999999999
0.078125 -0.11727427342914276 0.09849999999999999
0.09375 -0.10825317547305485 0.11725000000000001
0.0625 -0.10825317547305485 0.11725000000000001
0.09375 -0.12629537138523067 0.13599999999999998
0.109375 -0.099232077516966943 0.13599999999999998
0.09375 -0.090210979560879034 0.15475
0.125 -0.10825317547305485 0.17349999999999999
0.046875 -0.099232077516966943 0.13599999999999998
0.0625 -0.090210979560879034 0.15475
0.109375 -0.13531646934131855 0.17349999999999999
0.109375 -0.11727427342914276 0.15475
0.078125 -0.11727427342914276 0.15475
0.09375 -0.10825317547305485 0.17349999999999999
0.078125 -0.099232077516966943 0.13599999999999998
0.046875 -0.11727427342914276 0.09849999999999999
0.078125 -0.13531646934131858 0.11724999999999998
0.03125 -0.10825317547305485 0.11725000000000001
0.046875 -0.13531646934131858 0.11724999999999998
0.078125 -0.15335866525349437 0.13599999999999998
0.09375 -0.14433756729740646 0.15475
0.0625 -0.12629537138523067 0.13599999999999998
0.109375 -0.13531646934131858 0.11724999999999998
0.109375 -0.15335866525349437 0.13599999999999998
0.109375 -0.11727427342914276 0.09849999999999999
0.125 -0.10825317547305485 0.11725000000000001
0.140625 -0.11727427342914276 0.15475
0.125 -0.12629537138523067 0.13599999999999998
0.140625 -0.13531646934131858 0.11724999999999998
-0.109375 -0.081189881604791167 -0.05149999999999999
-0.09375 -0.072168783648703203 -0.032750000000000001
-0.125 -0.072168783648703258 -0.032749999999999974
-0.09375 -0.090210979560879007 -0.014000000000000019
-0.078125 -0.063147685692615349 -0.013999999999999992
-0.09375 -0.05412658773652744 0.0047500000000000198
-0.15625 -0.05412658773652744 0.0047500000000000198
-0.140625 -0.063147685692615349 -0.013999999999999992
-0.125 -0.05412658773652744 0.0047500000000000198
-0.125 -0.072168783648703244 0.023500000000000004
-0.0625 -0.10825317547305481 0.060999999999999999
-0.078125 -0.099232077516966971 0.023500000000000004
-0.0625 -0.090210979560879007 0.042250000000000017
-0.09375 -0.090210979560879062 0.042250000000000017
-0.078125 -0.081189881604791153 0.0047499999999999921
-0.109375 -0.081189881604791153 0.0047499999999999921
-0.09375 -0.072168783648703244 0.023500000000000004
-0.109375 -0.063147685692615349 -0.013999999999999992
-0.125 -0.018042195912175808 0.079750000000000015
-0.15625 -0.018042195912175808 0.079750000000000015
-0.140625 -0.027063293868263717 0.060999999999999999
-0.125 -0.036084391824351615 0.09849999999999999
-0.203125 -0.027063293868263727 0.0047499999999999921
-0.171875 -0.045105489780439531 0.023500000000000004
-0.15625 -0.036084391824351622 0.042250000000000017
-0.15625 -0.054126587736527433 0.060999999999999999
-0.1875 -0.036084391824351622 0.042250000000000017
-0.125 -0.07216878364870323 0.13599999999999998
-0.15625 -0.054126587736527426 0.11725000000000001
-0.125 -0.054126587736527426 0.11725000000000001
-0.140625 -0.063147685692615335 0.09849999999999999
-0.1875 -0.036084391824351615 0.09849999999999999
-0.15625 -0.036084391824351615 0.09849999999999999
-0.171875 -0.045105489780439524 0.079750000000000015
-0.140625 -0.045105489780439524 0.079749999999999988
-0.1875 -0.018042195912175808 0.079750000000000015
-0.171875 -0.027063293868263717 0.060999999999999999
-0.203125 -0.027063293868263717 0.060999999999999999
0 -0.14433756729740646 0.21100000000000002
-0.015625 -0.13531646934131855 0.17349999999999999
-0.03125 -0.12629537138523064 0.19225
-0.015625 -0.11727427342914276 0.15475
-0.03125 -0.10825317547305485 0.17349999999999999
-0.03125 -0.12629537138523067 0.13599999999999998
-0.046875 -0.11727427342914276 0.15475
-0.0625 -0.10825317547305485 0.17349999999999999
-0.03125 -0.07216878364870323 0.13599999999999998
-0.015625 -0.099232077516966943 0.13599999999999998
-0.03125 -0.090210979560879034 0.15475
-0.046875 -0.081189881604791139 0.11725000000000001
-0.0625 -0.07216878364870323 0.13599999999999998
-0.046875 -0.11727427342914276 0.098500000000000018
-0.046875 -0.099232077516966957 0.079750000000000015
-0.078125 -0.099232077516966957 0.079750000000000015
-0.03125 -0.10825317547305485 0.11725000000000001
-0.0625 -0.10825317547305485 0.11725000000000001
-0.0625 -0.090210979560879048 0.09849999999999999
-0.09375 -0.090210979560879048 0.09849999999999999
-0.09375 -0.090210979560879034 0.15475
-0.09375 -0.07216878364870323 0.13599999999999998
-0.109375 -0.081189881604791139 0.11725000000000001
-0.0625 -0.090210979560879034 0.15475
-0.078125 -0.099232077516966943 0.13599999999999998
-0.078125 -0.081189881604791139 0.11725000000000001
-0.046875 -0.099232077516966943 0.13599999999999998
-0.109375 -0.027063293868263717 0.060999999999999999
-0.078125 -0.081189881604791153 0.061000000000000026
-0.09375 -0.036084391824351615 0.09849999999999999
-0.109375 -0.045105489780439524 0.079750000000000015
-0.0625 -0.054126587736527426 0.11725000000000001
-0.09375 -0.054126587736527426 0.11725000000000001
-0.109375 -0.063147685692615335 0.09849999999999999
-0.09375 -0.072168783648703244 0.079750000000000015
-0.078125 -0.063147685692615335 0.09849999999999999
-0.125 -0.036084391824351622 0.042250000000000017
-0.125 -0.072168783648703244 0.079750000000000015
-0.140625 -0.045105489780439531 0.023500000000000004
-0.140625 -0.063147685692615335 0.042249999999999989
-0.109375 -0.063147685692615335 0.042249999999999989
-0.109375 -0.081189881604791153 0.060999999999999999
-0.125 -0.054126587736527433 0.060999999999999999
-0.109375 -0.045105489780439531 0.023500000000000004
-0.125 -0.14433756729740643 -0.013999999999999992
-0.125 -0.16237976320958225 0.0047500000000000198
-0.109375 -0.1533586652534944 0.023500000000000004
-0.140625 -0.13531646934131858 0.0047499999999999921
-0.09375 -0.16237976320958225 0.060999999999999971
-0.109375 -0.17140086116567022 0.042249999999999989
-0.125 -0.14433756729740649 0.042250000000000017
-0.15625 -0.12629537138523067 0.023500000000000004
-0.140625 -0.1533586652534944 0.023500000000000004
-0.078125 -0.17140086116567019 0.09849999999999999
-0.09375 -0.18042195912175804 0.079749999999999988
-0.109375 -0.1533586652534944 0.079749999999999988
-0.125 -0.14433756729740649 0.09849999999999999
-0.09375 -0.16237976320958228 0.11725000000000001
-0.109375 -0.17140086116567019 0.09849999999999999
-0.171875 -0.11727427342914278 0.042249999999999989
-0.15625 -0.14433756729740649 0.042250000000000017
-0.140625 -0.13531646934131858 0.060999999999999999
-0.15625 -0.12629537138523067 0.079750000000000015
-0.140625 -0.1533586652534944 0.079749999999999988
-0.125 -0.16237976320958231 0.060999999999999999
-0.125 -0.09021097956087902 -0.070249999999999965
-0.125 -0.10825317547305482 -0.05149999999999999
-0.109375 -0.099232077516966971 -0.032750000000000001
-0.140625 -0.081189881604791167 -0.05149999999999999
-0.125 -0.12629537138523064 -0.032749999999999974
-0.109375 -0.13531646934131858 0.0047499999999999921
-0.140625 -0.11727427342914279 -0.013999999999999992
-0.109375 -0.11727427342914279 -0.013999999999999992
-0.140625 -0.099232077516966971 -0.032750000000000001
-0.09375 -0.12629537138523061 0.023499999999999976
-0.125 -0.10825317547305488 0.0047500000000000198
-0.15625 -0.090210979560879062 -0.013999999999999992
-0.078125 -0.11727427342914278 0.042249999999999989
-0.09375 -0.10825317547305482 0.0047499999999999921
-0.109375 -0.099232077516966971 0.023500000000000004
-0.171875 -0.063147685692615349 -0.013999999999999992
-0.15625 -0.072168783648703258 -0.032749999999999974
-0.140625 -0.081189881604791153 0.0047499999999999921
-0.125 -0.090210979560879062 -0.013999999999999992
-0.015625 -0.15335866525349437 0.19225
-0.03125 -0.16237976320958228 0.17349999999999999
-0.03125 -0.14433756729740646 0.15475
-0.046875 -0.13531646934131855 0.17349999999999999
-0.0625 -0.18042195912175804 0.13600000000000001
-0.046875 -0.17140086116567019 0.15475000000000003
-0.0625 -0.16237976320958222 0.11725000000000001
-0.078125 -0.15335866525349437 0.13600000000000001
-0.046875 -0.15335866525349437 0.13600000000000001
-0.0625 -0.14433756729740646 0.15475
-0.0625 -0.14433756729740643 0.09849999999999999
-0.078125 -0.13531646934131858 0.11725000000000001
-0.09375 -0.12629537138523067 0.13599999999999998
-0.0625 -0.12629537138523061 0.079750000000000015
-0.046875 -0.13531646934131858 0.11725000000000001
-0.078125 -0.11727427342914276 0.098500000000000018
-0.109375 -0.099232077516966943 0.13599999999999998
-0.078125 -0.11727427342914276 0.15475
-0.09375 -0.10825317547305485 0.11725000000000001
-0.0625 -0.12629537138523067 0.13599999999999998
-0.1875 -0.072168783648703244 0.023500000000000004
-0.1875 -0.090210979560879062 0.042250000000000017
-0.203125 -0.063147685692615335 0.042249999999999989
-0.171875 -0.081189881604791153 0.060999999999999999
-0.15625 -0.090210979560879048 0.09849999999999999
-0.171875 -0.099232077516966957 0.079749999999999988
-0.1875 -0.072168783648703244 0.079750000000000015
-0.1875 -0.05412658773652744 0.0047500000000000198
-0.203125 -0.045105489780439531 0.023500000000000004
-0.171875 -0.063147685692615335 0.042249999999999989
-0.140625 -0.081189881604791139 0.11724999999999998
-0.171875 -0.063147685692615335 0.09849999999999999
-0.15625 -0.072168783648703244 0.079750000000000015
-0.203125 -0.045105489780439524 0.079750000000000015
-0.1875 -0.054126587736527433 0.060999999999999999
-0.1875 -0.10825317547305487 0.060999999999999999
-0.15625 -0.10825317547305487 0.060999999999999999
-0.140625 -0.11727427342914278 0.042249999999999989
-0.125 -0.12629537138523067 0.079750000000000015
-0.125 -0.10825317547305487 0.060999999999999999
-0.125 -0.12629537138523067 0.023500000000000004
-0.09375 -0.14433756729740643 0.042249999999999989
-0.09375 -0.14433756729740649 0.09849999999999999
-0.078125 -0.1533586652534944 0.079749999999999988
-0.09375 -0.10825317547305487 0.060999999999999999
-0.109375 -0.11727427342914278 0.042249999999999989
-0.09375 -0.12629537138523067 0.079750000000000015
-0.078125 -0.13531646934131858 0.060999999999999999
-0.109375 -0.13531646934131858 0.060999999999999999
-0.140625 -0.11727427342914276 0.09849999999999999
-0.140625 -0.099232077516966957 0.079749999999999988
-0.109375 -0.13531646934131858 0.11724999999999998
-0.125 -0.10825317547305485 0.11725000000000001
-0.125 -0.090210979560879048 0.09849999999999999
-0.109375 -0.099232077516966957 0.079749999999999988
-0.109375 -0.11727427342914276 0.09849999999999999
-0.15625 -0.090210979560879062 0.042250000000000017
-0.15625 -0.072168783648703244 0.023500000000000004
-0.125 -0.090210979560879062 0.042250000000000017
-0.140625 -0.081189881604791153 0.060999999999999999
-0.171875 -0.099232077516966971 0.023500000000000004
-0.171875 -0.081189881604791153 0.0047499999999999921
-0.15625 -0.10825317547305488 0.0047500000000000198
-0.140625 -0.099232077516966971 0.023500000000000004
-0.125 -0.16237976320958228 0.11725000000000001
-0.15625 -0.14433756729740649 0.09849999999999999
-0.03125 -0.14433756729740646 0.21100000000000002
-0.046875 -0.15335866525349437 0.19225
-0.0625 -0.12629537138523064 0.19225
-0.078125 -0.17140086116567019 0.15475000000000003
-0.0625 -0.16237976320958228 0.17349999999999999
-0.09375 -0.14433756729740646 0.15475
-0.125 -0.090210979560879034 0.15475
-0.09375 -0.10825317547305485 0.17349999999999999
-0.109375 -0.11727427342914276 0.15475
-0.125 -0.10825317547305485 0.17349999999999999
-0.078125 -0.13531646934131855 0.17349999999999999
-0.09375 -0.12629537138523064 0.19225
-0.109375 -0.13531646934131855 0.17349999999999999
-0.1875 -0.090210979560879048 0.09849999999999999
-0.15625 -0.07216878364870323 0.13599999999999998
-0.1875 -0.054126587736527426 0.11725000000000001
-0.171875 -0.081189881604791139 0.11725000000000001
-0.1875 -0.07216878364870323 0.13599999999999998
-0.140625 -0.13531646934131858 0.11724999999999998
-0.171875 -0.11727427342914276 0.09849999999999999
-0.109375 -0.15335866525349437 0.13599999999999998
-0.15625 -0.10825317547305485 0.11725000000000001
-0.140625 -0.099232077516966943 0.13599999999999998
-0.15625 -0.090210979560879034 0.15475
-0.171875 -0.099232077516966943 0.13599999999999998
-0.15625 -0.12629537138523067 0.13599999999999998
-0.140625 -0.11727427342914276 0.15474999999999997
-0.125 -0.12629537138523067 0.13599999999999998
-0.125 -0.14433756729740646 0.15475
-0.09375 -0.09021097956087902 -0.070249999999999993
-0.078125 -0.081189881604791111 -0.05149999999999999
-0.0625 -0.10825317547305482 -0.051500000000000018
-0.078125 -0.099232077516966916 -0.032750000000000001
-0.046875 -0.063147685692615294 -0.013999999999999992
-0.0625 -0.072168783648703203 -0.032750000000000001
-0.03125 -0.090210979560879007 -0.013999999999999992
-0.046875 -0.081189881604791098 0.0047499999999999921
0 -0.14433756729740643 -0.013999999999999992
-0.03125 -0.12629537138523064 -0.032750000000000001
-0.015625 -0.11727427342914273 -0.013999999999999992
-0.015625 -0.13531646934131852 0.0047499999999999921
-0.046875 -0.099232077516966916 -0.032750000000000001
-0.046875 -0.11727427342914273 -0.013999999999999992
-0.03125 -0.10825317547305482 0.0047500000000000198
-0.03125 -0.12629537138523061 0.023500000000000004
-0.046875 -0.11727427342914272 0.042249999999999989
-0.0625 -0.10825317547305482 0.0047499999999999921
-0.046875 -0.099232077516966916 0.023500000000000004
-0.0625 -0.090210979560879007 -0.014000000000000019
0.046875 -0.11727427342914278 0.042249999999999989
0.0625 -0.14433756729740649 0.042250000000000017
0.03125 -0.12629537138523067 0.023500000000000004
0.046875 -0.13531646934131858 0.060999999999999999
0.03125 -0.16237976320958225 0.0047500000000000198
0.015625 -0.13531646934131852 0.0047499999999999921
0.015625 -0.15335866525349434 0.023500000000000004
0.0625 -0.18042195912175807 0.023500000000000004
0.046875 -0.1533586652534944 0.023500000000000004
0.046875 -0.17140086116567022 0.042249999999999989
0.03125 -0.14433756729740649 0.042250000000000017
0.03125 -0.16237976320958231 0.060999999999999999
0.046875 -0.1533586652534944 0.079749999999999988
0.046875 -0.17140086116567019 0.09849999999999999
0.0625 -0.1804219591217581 0.079750000000000015
0.078125 -0.17140086116567016 0.042249999999999989
0.0625 -0.16237976320958231 0.060999999999999999
0.078125 -0.18944305707784595 0.060999999999999999
0 -0.14433756729740646 0.15475
0 -0.10825317547305485 0.11725000000000001
-0.03125 -0.12629537138523061 0.079750000000000015
-0.015625 -0.13531646934131858 0.11724999999999998
-0.015625 -0.11727427342914276 0.09849999999999999
0 -0.14433756729740649 0.09849999999999999
0.03125 -0.16237976320958228 0.11725000000000001
0.015625 -0.15335866525349437 0.13599999999999998
0.015625 -0.13531646934131858 0.11724999999999998
0 -0.12629537138523067 0.13599999999999998
0.03125 -0.10825317547305487 0.060999999999999999
-0.03125 -0.10825317547305481 0.060999999999999999
0.03125 -0.12629537138523067 0.079750000000000015
0.03125 -0.14433756729740649 0.09849999999999999
0 -0.12629537138523067 0.079750000000000015
0.015625 -0.11727427342914276 0.09849999999999999
0.015625 -0.11727427342914278 0.042249999999999989
0.015625 -0.1533586652534944 0.079749999999999988
0 -0.12629537138523061 0.023500000000000004
0 -0.14433756729740643 0.042250000000000017
-0.015625 -0.11727427342914272 0.042249999999999989
-0.015625 -0.13531646934131852 0.060999999999999999
0.015625 -0.13531646934131858 0.060999999999999999
0.015625 -0.099232077516966971 0.023500000000000004
0 -0.10825317547305482 0.0047500000000000198
-0.015625 -0.081189881604791098 0.0047499999999999921
-0.015625 -0.099232077516966916 0.023500000000000004
-0.109375 -0.099232077516966929 -0.088999999999999982
-0.109375 -0.11727427342914273 -0.070249999999999993
-0.09375 -0.10825317547305482 -0.051500000000000018
-0.078125 -0.11727427342914273 -0.070249999999999993
-0.109375 -0.15335866525349434 -0.032750000000000001
-0.09375 -0.14433756729740643 -0.014000000000000019
-0.109375 -0.13531646934131855 -0.05149999999999999
-0.09375 -0.12629537138523064 -0.032750000000000001
-0.0625 -0.14433756729740643 -0.014000000000000019
-0.078125 -0.15335866525349434 -0.032750000000000001
-0.03125 -0.14433756729740643 -0.014000000000000019
-0.015625 -0.15335866525349434 -0.032750000000000001
-0.0625 -0.12629537138523064 -0.032750000000000001
-0.046875 -0.13531646934131855 -0.05149999999999999
-0.046875 -0.15335866525349434 -0.032750000000000001
-0.03125 -0.16237976320958225 -0.051500000000000018
-0.078125 -0.13531646934131855 -0.05149999999999999
-0.0625 -0.14433756729740646 -0.070249999999999993
-0.0625 -0.16237976320958225 -0.051500000000000018
0 -0.16237976320958225 0.0047500000000000198
0.015625 -0.17140086116567016 -0.013999999999999992
0.03125 -0.18042195912175807 0.023500000000000004
0.046875 -0.18944305707784598 0.0047499999999999921
0 -0.18042195912175807 0.023500000000000004
0.015625 -0.18944305707784598 0.0047499999999999921
0.03125 -0.19846415503393386 0.042250000000000017
0.0625 -0.19846415503393386 0.042250000000000017
-0.015625 -0.17140086116567016 -0.013999999999999992
0 -0.18042195912175807 -0.032750000000000001
-0.015625 -0.18944305707784598 0.0047499999999999921
-0.03125 -0.18042195912175807 -0.032750000000000001
0 -0.19846415503393386 0.042250000000000017
-0.03125 -0.18042195912175807 0.023499999999999976
-0.0625 -0.18042195912175807 0.023499999999999976
-0.03125 -0.19846415503393386 0.042249999999999989
-0.046875 -0.18944305707784598 0.0047499999999999921
-0.03125 -0.16237976320958225 0.0047499999999999921
-0.09375 -0.16237976320958225 0.0047499999999999921
-0.0625 -0.16237976320958225 0.0047499999999999921
-0.078125 -0.17140086116567016 -0.013999999999999992
-0.046875 -0.17140086116567016 -0.013999999999999992
-0.0625 -0.18042195912175804 0.079749999999999988
-0.03125 -0.19846415503393386 0.09849999999999999
-0.046875 -0.18944305707784595 0.11725000000000001
-0.0625 -0.19846415503393386 0.09849999999999999
-0.078125 -0.17140086116567016 0.042249999999999989
-0.09375 -0.18042195912175807 0.023499999999999976
-0.0625 -0.19846415503393386 0.042249999999999989
-0.046875 -0.18944305707784595 0.060999999999999999
-0.078125 -0.18944305707784595 0.060999999999999999
0 -0.16237976320958228 0.17349999999999999
-0.03125 -0.18042195912175804 0.13600000000000001
-0.015625 -0.17140086116567019 0.15474999999999997
-0.03125 -0.16237976320958222 0.11725000000000001
0 -0.1804219591217581 0.13600000000000001
-0.03125 -0.14433756729740643 0.09849999999999999
0.03125 -0.1804219591217581 0.13600000000000001
0.015625 -0.17140086116567019 0.15474999999999997
0 -0.16237976320958228 0.11725000000000001
-0.015625 -0.15335866525349437 0.13599999999999998
-0.078125 -0.13531646934131852 0.0047499999999999921
-0.0625 -0.12629537138523061 0.023499999999999976
-0.046875 -0.13531646934131852 0.0047499999999999921
-0.078125 -0.11727427342914273 -0.013999999999999992
0.015625 -0.18944305707784595 0.060999999999999999
0.03125 -0.1804219591217581 0.079750000000000015
0.015625 -0.17140086116567016 0.042249999999999989
0.046875 -0.18944305707784601 0.060999999999999999
-0.015625 -0.20748525299002177 0.079749999999999988
-0.03125 -0.18042195912175804 0.079750000000000015
-0.046875 -0.17140086116567016 0.042249999999999989
-0.03125 -0.16237976320958225 0.060999999999999999
-0.015625 -0.18944305707784595 0.060999999999999999
-0.046875 -0.17140086116567013 0.09849999999999999
-0.078125 -0.15335866525349434 0.023500000000000004
-0.046875 -0.13531646934131852 0.060999999999999999
-0.046875 -0.15335866525349434 0.079749999999999988
-0.0625 -0.14433756729740643 0.042249999999999989
-0.0625 -0.16237976320958225 0.060999999999999971
-0.015625 -0.17140086116567016 0.042249999999999989
-0.015625 -0.15335866525349434 0.023500000000000004
-0.03125 -0.14433756729740643 0.042250000000000017
-0.046875 -0.15335866525349434 0.023500000000000004
0.03125 -0.19846415503393391 0.09849999999999999
0.015625 -0.20748525299002177 0.079749999999999988
0 -0.18042195912175804 0.079750000000000015
0.046875 -0.18944305707784601 0.11725000000000001
0.015625 -0.17140086116567019 0.09849999999999999
-0.015625 -0.15335866525349434 0.079749999999999988
0 -0.16237976320958225 0.060999999999999999
0 -0.19846415503393386 0.09849999999999999
0.015625 -0.18944305707784601 0.11725000000000001
-0.015625 -0.18944305707784595 0.11725000000000001
-0.015625 -0.17140086116567013 0.09849999999999999
-0.109375 0.081189881604791139 0.0047500000000000198
-0.109375 0.063147685692615335 0.023500000000000004
-0.140625 0.099232077516966943 -0.013999999999999992
-0.171875 0.099232077516966943 -0.013999999999999992
-0.140625 0.027063293868263717 0.060999999999999999
-0.171875 0.027063293868263717 0.060999999999999999
-0.171875 0.045105489780439524 0.042249999999999989
-0.15625 0.054126587736527433 0.060999999999999999
-0.171875 0.081189881604791153 0.060999999999999999
-0.1875 0.054126587736527433 0.060999999999999999
-0.1875 0.072168783648703244 0.042249999999999989
-0.203125 0.027063293868263717 0.060999999999999999
-0.203125 0.045105489780439524 0.042249999999999989
-0.078125 0.13531646934131855 0.060999999999999999
-0.09375 0.12629537138523067 0.042250000000000017
-0.09375 0.10825317547305487 0.060999999999999999
-0.09375 0.16237976320958228 0.060999999999999999
-0.109375 0.15335866525349437 0.042250000000000017
-0.109375 0.13531646934131855 0.060999999999999999
-0.125 0.14433756729740643 0.023500000000000004
-0.125 0.12629537138523061 0.042250000000000017
-0.125 0.10825317547305481 0.060999999999999999
-0.15625 0.10825317547305487 0.060999999999999999
-0.140625 0.13531646934131855 0.060999999999999999
-0.15625 0.12629537138523067 0.042250000000000017
-0.125 0.16237976320958228 0.060999999999999999
-0.140625 0.15335866525349437 0.042250000000000017
-0.140625 0.081189881604791139 0.0047500000000000198
-0.140625 0.063147685692615335 0.023500000000000004
-0.125 0.090210979560879048 0.023500000000000004
-0.15625 0.090210979560879048 0.023500000000000004
-0.140625 0.045105489780439524 0.042250000000000017
-0.125 0.054126587736527433 0.060999999999999999
-0.109375 0.099232077516966957 0.042250000000000017
-0.109375 0.081189881604791153 0.060999999999999999
-0.171875 0.099232077516966957 0.042250000000000017
-0.15625 0.072168783648703244 0.042250000000000017
-0.140625 0.099232077516966957 0.042250000000000017
-0.140625 0.081189881604791153 0.060999999999999999
-0.125 0.072168783648703244 0.042250000000000017
-0.125 0.10825317547305485 0.0047500000000000198
-0.15625 0.10825317547305485 0.0047500000000000198
-0.109375 0.11727427342914276 0.023500000000000004
-0.171875 0.11727427342914276 0.023500000000000004
-0.140625 0.11727427342914276 0.023500000000000004
-0.140625 0.13531646934131858 0.0047500000000000198
-0.171875 0.081189881604791139 0.0047499999999999921
-0.1875 0.090210979560879048 0.023500000000000004
-0.171875 0.063147685692615335 0.023500000000000004
0.109375 -0.045105489780439517 0.13599999999999998
0.078125 -0.045105489780439517 0.13599999999999998
0.140625 -0.063147685692615321 0.15475
0.140625 -0.081189881604791125 0.17349999999999999
0.015625 -0.099232077516966943 0.19225
0.03125 -0.090210979560879034 0.21099999999999997
0.015625 -0.11727427342914275 0.21099999999999997
0.046875 -0.11727427342914275 0.21099999999999997
0.015625 -0.063147685692615321 0.15475
0.015625 -0.081189881604791125 0.17349999999999999
0.046875 -0.081189881604791125 0.17349999999999999
0.03125 -0.054126587736527412 0.17349999999999999
0.078125 -0.099232077516966943 0.19225
0.078125 -0.11727427342914275 0.21099999999999997
0.0625 -0.03608439182435165 0.21099999999999997
0.046875 -0.063147685692615307 0.21100000000000002
0.046875 -0.045105489780439503 0.19225
0.078125 -0.063147685692615307 0.21099999999999997
0.03125 -0.072168783648703216 0.19225
0.0625 -0.090210979560879034 0.21099999999999997
0.0625 -0.072168783648703216 0.19225
0.09375 -0.090210979560879034 0.21099999999999997
0.046875 -0.099232077516966943 0.19225
0.09375 0.054126587736527426 0.17349999999999999
0.109375 0.063147685692615307 0.19225
0.125 0.036084391824351622 0.19225
0.09375 0.036084391824351622 0.19225
0.09375 0.018042195912175811 0.21100000000000002
0.109375 0.045105489780439503 0.21100000000000002
0.125 0.018042195912175811 0.21100000000000002
0.078125 0.045105489780439517 0.15475
0.09375 0.018042195912175828 0.15475
0.0625 0.018042195912175773 0.15475
0.109375 0.02706329386826371 0.17350000000000002
0.078125 0.02706329386826371 0.17350000000000002
0.125 2.0816681711721685e-17 0.17350000000000002
0.09375 2.0816681711721685e-17 0.17349999999999999
0.0625 -3.4694469519536142e-17 0.17349999999999999
0.078125 -0.0090210979560879055 0.21100000000000002
0.0625 -0.018042195912175842 0.19225
0.09375 -0.036084391824351594 0.21099999999999997
0.078125 0.009021097956087902 0.19225
0.109375 -0.0090210979560879055 0.21100000000000002
0.09375 -0.018042195912175787 0.19225
0.125 -0.036084391824351594 0.21100000000000002
0.109375 0.009021097956087902 0.19225
0.140625 0.009021097956087902 0.19225
0.125 -0.018042195912175787 0.19225
0.109375 -0.063147685692615321 0.15475
0.078125 -0.063147685692615321 0.15475
0.09375 -0.036084391824351608 0.15475
0.09375 -0.054126587736527412 0.17349999999999999
0.046875 -0.063147685692615321 0.15475
0.03125 -0.036084391824351608 0.15475
0.078125 -0.0090210979560878882 0.15475
0.046875 -0.0090210979560878882 0.15475
0.078125 -0.045105489780439503 0.19225
0.0625 -0.054126587736527412 0.17349999999999999
0.078125 -0.027063293868263696 0.17349999999999999
0.046875 -0.027063293868263696 0.17350000000000002
0.0625 -0.036084391824351608 0.15475
0.125 -0.036084391824351608 0.15475
0.15625 -0.054126587736527412 0.17349999999999999
0.125 -0.054126587736527412 0.17349999999999999
0.109375 -0.0090210979560878882 0.15475
0.109375 -0.045105489780439503 0.19225
0.109375 -0.027063293868263696 0.17349999999999999
0.140625 -0.045105489780439503 0.19225
0.140625 -0.027063293868263696 0.17350000000000002
0.109375 -0.081189881604791125 0.17349999999999999
0.09375 -0.072168783648703216 0.19225
0.109375 -0.063147685692615307 0.21099999999999997
0.125 -0.072168783648703216 0.19225
0.078125 -0.081189881604791125 0.17349999999999999
0.109375 -0.099232077516966943 0.19225
0.109375 0.027063293868263692 0.22974999999999998
0.078125 -0.027063293868263713 0.22974999999999998
0.09375 3.4694469519536142e-18 0.22974999999999998
0.109375 -0.027063293868263713 0.22974999999999998
0.03125 -0.10825317547305484 0.22974999999999998
0.0625 -0.054126587736527454 0.22974999999999998
0.046875 -0.081189881604791125 0.22974999999999998
0.078125 -0.081189881604791125 0.22974999999999998
0.09375 -0.054126587736527398 0.22974999999999998
-0.140625 0.009021097956087909 0.079750000000000015
-0.171875 0.009021097956087909 0.079749999999999988
-0.15625 0.036084391824351622 0.079750000000000015
-0.15625 0.018042195912175818 0.09849999999999999
-0.171875 0.063147685692615335 0.079750000000000015
-0.171875 0.027063293868263727 0.11725000000000001
-0.1875 0.018042195912175818 0.09849999999999999
-0.171875 0.045105489780439531 0.09849999999999999
-0.1875 0.072168783648703244 0.09849999999999999
-0.1875 0.05412658773652744 0.11725000000000001
-0.203125 0.045105489780439531 0.09849999999999999
-0.203125 0.009021097956087909 0.079749999999999988
-0.1875 0.036084391824351622 0.079749999999999988
-0.078125 0.11727427342914275 0.079750000000000015
-0.09375 0.14433756729740646 0.079750000000000015
-0.109375 0.11727427342914275 0.079750000000000015
-0.09375 0.12629537138523067 0.09849999999999999
-0.140625 0.11727427342914275 0.079750000000000015
-0.15625 0.12629537138523061 0.09849999999999999
-0.171875 0.11727427342914278 0.079750000000000015
-0.15625 0.14433756729740643 0.079750000000000015
-0.109375 0.13531646934131858 0.11725000000000001
-0.109375 0.15335866525349437 0.09849999999999999
-0.125 0.12629537138523067 0.09849999999999999
-0.140625 0.13531646934131852 0.11725000000000001
-0.140625 0.15335866525349434 0.09849999999999999
-0.109375 0.17140086116567019 0.079750000000000015
-0.125 0.14433756729740646 0.079750000000000015
-0.125 0.072168783648703216 0.21100000000000002
-0.109375 0.063147685692615335 0.19225
-0.140625 0.063147685692615307 0.19225
-0.125 0.09021097956087902 0.19225
-0.09375 0.054126587736527426 0.17349999999999999
-0.125 0.054126587736527426 0.17349999999999999
-0.109375 0.081189881604791139 0.17349999999999999
-0.15625 0.054126587736527398 0.17349999999999999
-0.140625 0.081189881604791111 0.17349999999999999
-0.125 0.10825317547305482 0.17349999999999999
-0.078125 0.045105489780439517 0.15475
-0.09375 0.036084391824351636 0.13600000000000001
-0.078125 0.063147685692615321 0.13599999999999998
-0.109375 0.045105489780439517 0.15475
-0.09375 0.07216878364870323 0.15475
-0.125 0.03608439182435158 0.13600000000000001
-0.109375 0.063147685692615321 0.13599999999999998
-0.09375 0.090210979560879034 0.13599999999999998
-0.1875 0.036084391824351636 0.13600000000000001
-0.171875 0.045105489780439545 0.15475
-0.15625 0.036084391824351636 0.13600000000000001
-0.171875 0.063147685692615349 0.13599999999999998
-0.140625 0.045105489780439517 0.15475
-0.15625 0.072168783648703203 0.15475
-0.140625 0.063147685692615321 0.13599999999999998
-0.15625 0.090210979560879007 0.13599999999999998
-0.125 0.14433756729740643 0.13599999999999998
-0.125 0.12629537138523064 0.15475
-0.109375 0.11727427342914276 0.13599999999999998
-0.140625 0.11727427342914273 0.13599999999999998
-0.109375 0.099232077516966943 0.15475
-0.140625 0.099232077516966916 0.15475
-0.125 0.090210979560879034 0.13599999999999998
-0.125 0.07216878364870323 0.15475
-0.09375 0.05412658773652744 0.11725000000000001
-0.109375 0.045105489780439531 0.09849999999999999
-0.09375 0.072168783648703244 0.09849999999999999
-0.125 0.072168783648703189 0.09849999999999999
-0.125 0.036084391824351622 0.079750000000000015
-0.09375 0.090210979560879062 0.079750000000000015
-0.15625 0.090210979560879062 0.079750000000000015
-0.140625 0.063147685692615335 0.079750000000000015
-0.125 0.090210979560879007 0.079750000000000015
-0.109375 0.063147685692615335 0.079750000000000015
-0.078125 0.081189881604791125 0.11725000000000001
-0.109375 0.081189881604791125 0.11725000000000001
-0.078125 0.099232077516966943 0.09849999999999999
-0.09375 0.10825317547305485 0.11725000000000001
-0.125 0.10825317547305485 0.11725000000000001
-0.140625 0.099232077516966943 0.09849999999999999
-0.109375 0.099232077516966943 0.09849999999999999
-0.125 0.054126587736527385 0.11725000000000001
-0.15625 0.10825317547305482 0.11725000000000001
-0.15625 0.05412658773652744 0.11725000000000001
-0.171875 0.081189881604791153 0.11725000000000001
-0.15625 0.072168783648703244 0.09849999999999999
-0.171875 0.099232077516966971 0.09849999999999999
-0.1875 0.090210979560879062 0.079750000000000015
-0.140625 0.081189881604791125 0.11725000000000001
-0.109375 0.027063293868263727 0.11725000000000001
-0.140625 0.027063293868263727 0.11725000000000001
-0.125 0.018042195912175818 0.09849999999999999
-0.140625 0.045105489780439531 0.09849999999999999
-0.046875 0.11727427342914275 0.079750000000000015
-0.0625 0.14433756729740646 0.079750000000000015
-0.03125 0.12629537138523067 0.09849999999999999
-0.0625 0.12629537138523067 0.09849999999999999
0 0.14433756729740643 0.13599999999999998
-0.03125 0.16237976320958228 0.11725000000000001
-0.015625 0.13531646934131858 0.11725000000000001
-0.03125 0.14433756729740649 0.13599999999999998
-0.0625 0.1804219591217581 0.09849999999999999
-0.046875 0.15335866525349437 0.09849999999999999
-0.0625 0.16237976320958228 0.11725000000000001
-0.046875 0.13531646934131858 0.11725000000000001
-0.0625 0.14433756729740649 0.13599999999999998
-0.078125 0.13531646934131858 0.11725000000000001
-0.09375 0.14433756729740649 0.13599999999999998
-0.09375 0.16237976320958228 0.11725000000000001
-0.078125 0.17140086116567019 0.079750000000000015
-0.078125 0.15335866525349437 0.09849999999999999
-0.09375 0.1804219591217581 0.09849999999999999
0.125 0.072168783648703216 0.21100000000000002
0.09375 0.09021097956087902 0.19225
0.09375 0.072168783648703216 0.21100000000000002
0.078125 0.081189881604791139 0.17349999999999999
0.078125 0.063147685692615335 0.19225
0.0625 0.10825317547305485 0.17349999999999999
0.0625 0.090210979560879048 0.19225
0.0625 0.072168783648703244 0.21100000000000002
0.046875 0.063147685692615321 0.13599999999999998
0.046875 0.045105489780439517 0.15475
0.0625 0.07216878364870323 0.15475
0.0625 0.054126587736527426 0.17349999999999999
0.03125 0.090210979560879034 0.13599999999999998
0.03125 0.07216878364870323 0.15475
0.03125 0.054126587736527426 0.17349999999999999
0.03125 0.12629537138523064 0.15475
0.015625 0.11727427342914273 0.13599999999999998
0 0.12629537138523064 0.15475
0.046875 0.099232077516966943 0.15475
0.03125 0.10825317547305482 0.17349999999999999
0.015625 0.099232077516966916 0.15475
0 0.10825317547305482 0.17349999999999999
0 0.072168783648703216 0.21100000000000002
0.03125 0.072168783648703216 0.21100000000000002
0.015625 0.063147685692615307 0.19225
0 0.09021097956087902 0.19225
0.046875 0.063147685692615335 0.19225
0.03125 0.09021097956087902 0.19225
0.015625 0.081189881604791111 0.17349999999999999
0.046875 0.081189881604791139 0.17349999999999999
-0.09375 0.072168783648703244 0.21100000000000002
-0.078125 0.063147685692615335 0.19225
-0.09375 0.090210979560879048 0.19225
-0.0625 0.072168783648703244 0.21100000000000002
-0.046875 0.045105489780439517 0.15475
-0.0625 0.054126587736527426 0.17349999999999999
-0.0625 0.07216878364870323 0.15475
-0.03125 0.054126587736527426 0.17349999999999999
-0.09375 0.12629537138523067 0.15475
-0.09375 0.10825317547305485 0.17349999999999999
-0.078125 0.099232077516966943 0.15475
-0.0625 0.10825317547305485 0.17349999999999999
-0.03125 0.072168783648703244 0.21100000000000002
-0.015625 0.063147685692615335 0.19225
-0.03125 0.090210979560879048 0.19225
-0.046875 0.063147685692615335 0.19225
-0.0625 0.090210979560879048 0.19225
-0.046875 0.081189881604791139 0.17349999999999999
-0.078125 0.081189881604791139 0.17349999999999999
-0.046875 0.099232077516966943 0.09849999999999999
-0.015625 0.081189881604791125 0.11724999999999998
-0.046875 0.081189881604791125 0.11725000000000001
-0.03125 0.090210979560879034 0.13599999999999998
0.015625 0.063147685692615321 0.13599999999999998
0.015625 0.045105489780439517 0.15475
-0.046875 0.063147685692615321 0.13599999999999998
-0.015625 0.045105489780439517 0.15474999999999997
-0.015625 0.081189881604791139 0.17349999999999999
0 0.07216878364870323 0.15475
-0.03125 0.07216878364870323 0.15474999999999997
0 0.054126587736527426 0.17349999999999999
-0.015625 0.063147685692615321 0.13599999999999998
-0.0625 0.10825317547305485 0.11725000000000001
-0.078125 0.11727427342914276 0.13599999999999998
-0.046875 0.099232077516966943 0.15475
-0.0625 0.090210979560879034 0.13599999999999998
-0.03125 0.10825317547305485 0.11724999999999998
-0.0625 0.12629537138523067 0.15475
-0.015625 0.11727427342914276 0.13599999999999998
-0.03125 0.12629537138523067 0.15475
-0.015625 0.099232077516966943 0.15475
-0.03125 0.10825317547305485 0.17349999999999999
-0.046875 0.11727427342914276 0.13599999999999998
-0.015625 0.099232077516966943 0.09849999999999999
0 0.10825317547305485 0.11725000000000001
0.015625 0.081189881604791125 0.11725000000000001
0 0.090210979560879034 0.13599999999999998
-0.015625 0.15335866525349434 0.15475
-0.046875 0.17140086116567016 0.13599999999999998
-0.046875 0.15335866525349434 0.15475
-0.03125 0.16237976320958225 0.17349999999999999
-0.078125 0.1533586652534944 0.15475
-0.078125 0.17140086116567019 0.13599999999999998
-0.0625 0.16237976320958225 0.17349999999999999
0.078125 0.099232077516966929 0.21099999999999997
0.078125 0.081189881604791125 0.22974999999999998
0.015625 0.13531646934131855 0.17349999999999999
0.046875 0.11727427342914273 0.19225
0.015625 0.11727427342914273 0.19225
0.03125 0.12629537138523064 0.21100000000000002
0.015625 0.081189881604791125 0.22974999999999998
0.046875 0.081189881604791125 0.22974999999999998
0.015625 0.099232077516966929 0.21099999999999997
0.046875 0.099232077516966929 0.21099999999999997
0.0625 0.10825317547305484 0.22974999999999998
0.03125 0.10825317547305484 0.22974999999999998
-0.109375 0.099232077516966929 0.21099999999999997
-0.078125 0.081189881604791153 0.22974999999999998
-0.109375 0.13531646934131855 0.17349999999999999
-0.109375 0.11727427342914273 0.19225
-0.078125 0.11727427342914276 0.19225
-0.015625 0.081189881604791125 0.22974999999999998
-0.046875 0.081189881604791125 0.22974999999999998
-0.046875 0.099232077516966929 0.21099999999999997
-0.078125 0.099232077516966957 0.21099999999999997
-0.0625 0.10825317547305484 0.22974999999999998
-0.015625 0.13531646934131855 0.17349999999999999
-0.109375 0.15335866525349434 0.15475
-0.078125 0.13531646934131858 0.17349999999999999
-0.015625 0.099232077516966929 0.21099999999999997
-0.03125 0.12629537138523064 0.21099999999999997
-0.015625 0.11727427342914273 0.19225
-0.046875 0.11727427342914273 0.19225
-0.03125 0.14433756729740646 0.19225
-0.0625 0.14433756729740646 0.19225
-0.046875 0.13531646934131855 0.17349999999999999
-0.03125 0.10825317547305484 0.22974999999999998
-0.0625 0.12629537138523064 0.21099999999999997
0 0.10825317547305484 0.22974999999999998
0 0.090210979560879034 0.24849999999999997
0 0.14433756729740646 0.19225
0 0.12629537138523064 0.21099999999999997
-0.015625 0.17140086116567016 0.13599999999999998
-0.046875 0.18944305707784598 0.11725000000000001
-0.03125 0.18042195912175807 0.15475
0.078125 0.11727427342914273 0.19225
0.109375 0.099232077516966929 0.21099999999999997
0.015625 0.15335866525349434 0.15475
0.046875 0.13531646934131855 0.17349999999999999
0.03125 0.16237976320958225 0.17350000000000002
0.03125 0.14433756729740646 0.19225
0.0625 0.12629537138523064 0.21099999999999997
0.0625 0.14433756729740646 0.19225
0 0.16237976320958225 0.17349999999999999
0 0.18042195912175807 0.15475
0.078125 0.045105489780439531 0.21100000000000002
0.046875 0.02706329386826371 0.17350000000000002
0.046875 -0.0090210979560879055 0.21100000000000002
0.0625 0.018042195912175811 0.21100000000000002
0.046875 0.009021097956087902 0.19225
0.03125 0.018042195912175811 0.21100000000000002
0.015625 0.045105489780439503 0.21100000000000002
0.046875 0.045105489780439531 0.21100000000000002
0.03125 0.036084391824351622 0.19225
0.0625 0.036084391824351622 0.19225
-0.015625 -0.11727427342914275 0.21099999999999997
-0.015625 -0.099232077516966943 0.19225
0 -0.090210979560879034 0.21099999999999997
-0.03125 -0.090210979560879034 0.21099999999999997
-0.015625 -0.063147685692615321 0.15475
-0.015625 -0.081189881604791125 0.17349999999999999
0 -0.054126587736527412 0.17349999999999999
-0.03125 -0.054126587736527412 0.17349999999999999
0.03125 -0.036084391824351594 0.21100000000000002
0.015625 -0.063147685692615307 0.21099999999999997
0.015625 -0.045105489780439503 0.19225
0 -0.036084391824351594 0.21099999999999997
-0.0625 -0.036084391824351594 0.21099999999999997
-0.046875 -0.063147685692615307 0.21099999999999997
-0.046875 -0.045105489780439503 0.19225
-0.03125 -0.036084391824351594 0.21099999999999997
-0.03125 -0.072168783648703216 0.19225
-0.015625 -0.063147685692615307 0.21099999999999997
-0.015625 -0.045105489780439503 0.19225
0 -0.072168783648703216 0.19225
-0.109375 0.045105489780439531 0.21100000000000002
-0.09375 0.036084391824351622 0.19225
-0.078125 0.045105489780439531 0.21100000000000002
-0.09375 0.018042195912175811 0.21100000000000002
-0.0625 0.018042195912175828 0.15475
-0.078125 0.02706329386826371 0.17350000000000002
-0.046875 0.02706329386826371 0.17350000000000002
-0.0625 2.0816681711721685e-17 0.17349999999999999
-0.015625 0.045105489780439531 0.21100000000000002
-0.046875 0.045105489780439531 0.21100000000000002
-0.03125 0.036084391824351622 0.19225
-0.03125 0.018042195912175811 0.21099999999999997
-0.078125 -0.0090210979560879055 0.21100000000000002
-0.0625 -0.018042195912175787 0.19225
-0.046875 -0.0090210979560879055 0.21100000000000002
-0.078125 0.009021097956087902 0.19225
-0.0625 0.018042195912175811 0.21100000000000002
-0.046875 0.009021097956087902 0.19225
-0.0625 0.036084391824351622 0.19225
-0.03125 0.018042195912175828 0.15475
0 0.018042195912175828 0.15475
-0.015625 -0.0090210979560878882 0.15475
0 2.0816681711721685e-17 0.17349999999999999
0.03125 0.018042195912175828 0.15475
0 -0.036084391824351608 0.15475
0.03125 -0.018042195912175787 0.19225
0.03125 2.0816681711721685e-17 0.17350000000000002
0.015625 -0.027063293868263696 0.17349999999999999
0.015625 -0.0090210979560878882 0.15475
-0.046875 -0.0090210979560878882 0.15475
-0.03125 2.0816681711721685e-17 0.17349999999999999
-0.03125 -0.036084391824351608 0.15475
-0.046875 -0.027063293868263696 0.17349999999999999
-0.03125 -0.018042195912175787 0.19225
0 -0.018042195912175787 0.19225
-0.015625 -0.027063293868263696 0.17349999999999999
-0.015625 0.02706329386826371 0.17349999999999999
-0.015625 -0.0090210979560879055 0.21099999999999997
0 0.036084391824351622 0.19225
0 0.018042195912175811 0.21100000000000002
0.015625 0.009021097956087902 0.19225
0.015625 -0.0090210979560879055 0.21100000000000002
-0.015625 0.009021097956087902 0.19225
0.015625 0.02706329386826371 0.17350000000000002
-0.09375 0.05412658773652744 0.22974999999999998
-0.0625 0.05412658773652744 0.22974999999999998
-0.078125 0.02706329386826372 0.22974999999999998
-0.0625 0.036084391824351629 0.2485
0 0.054126587736527412 0.22974999999999998
-0.03125 0.05412658773652744 0.22974999999999998
-0.015625 0.02706329386826372 0.22974999999999998
0 0.036084391824351601 0.2485
-0.046875 -0.027063293868263713 0.22974999999999998
-0.0625 3.4694469519536142e-18 0.22974999999999998
-0.03125 3.4694469519536142e-18 0.22974999999999998
-0.03125 -0.018042195912175804 0.24849999999999997
-0.046875 0.02706329386826372 0.22974999999999998
-0.046875 0.0090210979560879125 0.2485
-0.03125 0.036084391824351629 0.2485
-0.015625 0.0090210979560879125 0.2485
0.09375 0.054126587736527412 0.22974999999999998
0.03125 0.054126587736527412 0.22974999999999998
0.0625 0.05412658773652744 0.22974999999999998
0.046875 0.02706329386826372 0.22974999999999998
0.0625 0.036084391824351629 0.2485
0.0625 3.4694469519536142e-18 0.22974999999999998
0.078125 0.02706329386826372 0.22974999999999998
0.078125 0.0090210979560879125 0.2485
0 -0.10825317547305484 0.22974999999999998
-0.03125 -0.054126587736527398 0.22974999999999998
-0.015625 -0.081189881604791125 0.22974999999999998
0 -0.054126587736527398 0.22974999999999998
0 -0.072168783648703216 0.24849999999999997
0.03125 -0.054126587736527398 0.22974999999999998
0.015625 -0.081189881604791125 0.22974999999999998
0.03125 -0.072168783648703216 0.2485
0.015625 0.027063293868263692 0.22974999999999998
-0.015625 -0.027063293868263713 0.22974999999999998
0.046875 -0.027063293868263713 0.22974999999999998
0.03125 -0.018042195912175804 0.2485
0.03125 3.4694469519536142e-18 0.22974999999999998
0.015625 -0.027063293868263713 0.22974999999999998
0.015625 0.0090210979560878847 0.2485
0 -0.018042195912175804 0.2485
0 3.4694469519536142e-18 0.22974999999999998
-0.015625 -0.045105489780439517 0.24849999999999997
0.046875 -0.045105489780439517 0.2485
0.015625 -0.045105489780439517 0.2485
0.0625 -0.018042195912175804 0.2485
0.03125 0.036084391824351601 0.2485
0.046875 0.0090210979560879125 0.2485
-0.109375 0.02706329386826372 0.22974999999999998
-0.078125 -0.027063293868263713 0.22974999999999998
-0.09375 3.4694469519536142e-18 0.22974999999999998
-0.09375 -0.018042195912175804 0.2485
-0.0625 -0.018042195912175804 0.2485
-0.078125 0.0090210979560879125 0.2485
-0.03125 -0.10825317547305484 0.22974999999999998
-0.0625 -0.054126587736527398 0.22974999999999998
-0.046875 -0.081189881604791125 0.22974999999999998
-0.0625 -0.072168783648703216 0.24849999999999997
-0.03125 -0.072168783648703216 0.24849999999999997
-0.046875 -0.045105489780439517 0.2485
-0.078125 -0.045105489780439517 0.2485
-0.015625 0.063147685692615321 0.2485
-0.046875 0.063147685692615321 0.2485
0.046875 0.063147685692615321 0.2485
0.015625 0.063147685692615321 0.2485
-0.046875 -0.099232077516966943 0.19225
-0.046875 -0.063147685692615321 0.15475
-0.109375 -0.063147685692615321 0.15475
-0.078125 -0.081189881604791125 0.17349999999999999
-0.078125 -0.063147685692615321 0.15475
-0.09375 -0.054126587736527412 0.17349999999999999
-0.078125 -0.045105489780439503 0.19225
-0.0625 -0.072168783648703216 0.19225
-0.0625 -0.054126587736527412 0.17349999999999999
-0.046875 -0.081189881604791125 0.17349999999999999
-0.140625 -0.0090210979560878986 0.098500000000000018
-0.140625 -0.045105489780439517 0.13600000000000001
-0.171875 -0.027063293868263706 0.11725000000000001
-0.140625 -0.027063293868263706 0.11725000000000001
-0.15625 -0.018042195912175797 0.13600000000000001
-0.15625 1.0408340855860843e-17 0.11725000000000001
-0.171875 0.0090210979560879194 0.13600000000000001
-0.1875 1.0408340855860843e-17 0.11725000000000001
-0.171875 -0.0090210979560878986 0.09849999999999999
-0.203125 -0.0090210979560878986 0.09849999999999999
-0.125 0.036084391824351622 0.19225
-0.09375 0.018042195912175828 0.15475
-0.09375 -0.018042195912175787 0.19225
-0.109375 0.009021097956087902 0.19225
-0.09375 2.0816681711721685e-17 0.17350000000000002
-0.125 -3.4694469519536142e-17 0.17350000000000002
-0.15625 0.018042195912175828 0.15475
-0.140625 0.02706329386826371 0.17350000000000002
-0.125 0.018042195912175773 0.15475
-0.109375 0.02706329386826371 0.17350000000000002
-0.109375 -0.0090210979560878986 0.098500000000000018
-0.078125 -0.027063293868263706 0.11725000000000001
-0.09375 1.0408340855860843e-17 0.11725000000000001
-0.09375 -0.018042195912175797 0.13599999999999998
-0.046875 -0.045105489780439517 0.13599999999999998
-0.078125 0.0090210979560879194 0.13600000000000001
-0.078125 -0.027063293868263696 0.17350000000000002
-0.0625 -0.036084391824351608 0.15475
-0.078125 -0.0090210979560878882 0.15475
-0.0625 -0.018042195912175797 0.13599999999999998
-0.125 1.0408340855860843e-17 0.11725000000000001
-0.140625 0.0090210979560879194 0.13600000000000001
-0.109375 -0.0090210979560878882 0.15475
-0.109375 0.0090210979560879194 0.13600000000000001
-0.109375 -0.027063293868263706 0.11725000000000001
-0.140625 -0.0090210979560878882 0.15475
-0.109375 -0.045105489780439517 0.13600000000000001
-0.125 -0.036084391824351608 0.15475
-0.09375 -0.036084391824351608 0.15475
-0.109375 -0.027063293868263696 0.17350000000000002
-0.125 -0.018042195912175797 0.13600000000000001
-0.078125 -0.045105489780439517 0.13599999999999998
-0.140625 -0.063147685692615321 0.15475
-0.171875 -0.045105489780439517 0.13599999999999998
-0.15625 -0.036084391824351608 0.15475
-0.15625 -0.054126587736527412 0.17350000000000002
-0.171875 -0.0090210979560878882 0.15475
-0.203125 -0.027063293868263706 0.11725000000000001
-0.1875 -0.018042195912175797 0.13599999999999998
-0.1875 -0.036084391824351608 0.15475
-0.171875 -0.027063293868263696 0.17350000000000002
-0.046875 -0.11727427342914275 0.21099999999999997
-0.109375 -0.081189881604791125 0.17350000000000002
-0.078125 -0.099232077516966943 0.19225
-0.09375 -0.072168783648703216 0.19225
-0.09375 -0.090210979560879034 0.21099999999999997
-0.078125 -0.063147685692615307 0.21100000000000002
-0.0625 -0.090210979560879034 0.21099999999999997
-0.0625 -0.10825317547305484 0.22974999999999998
-0.078125 -0.081189881604791125 0.22974999999999998
-0.140625 0.045105489780439503 0.21100000000000002
-0.171875 0.027063293868263737 0.17350000000000002
-0.15625 0.036084391824351594 0.19225
-0.140625 0.009021097956087902 0.19225
-0.109375 -0.0090210979560879055 0.21100000000000002
-0.125 0.018042195912175811 0.21100000000000002
-0.125 3.4694469519536142e-18 0.22974999999999998
-0.125 -0.054126587736527412 0.17350000000000002
-0.1875 0.018042195912175828 0.15475
-0.15625 2.0816681711721685e-17 0.17350000000000002
-0.09375 -0.036084391824351594 0.21100000000000002
-0.125 -0.03608439182435165 0.21100000000000002
-0.109375 -0.045105489780439503 0.19225
-0.125 -0.018042195912175842 0.19225
-0.140625 -0.045105489780439503 0.19225
-0.15625 -0.018042195912175787 0.19225
-0.140625 -0.027063293868263696 0.17350000000000002
-0.109375 -0.027063293868263713 0.22974999999999998
-0.140625 -0.0090210979560879055 0.21100000000000002
-0.09375 -0.054126587736527398 0.22974999999999998
-0.125 -0.072168783648703216 0.19225
-0.140625 -0.063147685692615307 0.21100000000000002
-0.109375 -0.063147685692615307 0.21100000000000002
-0.171875 -0.063147685692615321 0.15475
-0.109375 -0.099232077516966943 0.19225
-0.078125 -0.11727427342914275 0.21099999999999997
-0.140625 -0.081189881604791125 0.17350000000000002
-0.140625 -0.099232077516966943 0.19225
-0.125 -0.090210979560879034 0.21100000000000002
-0.09375 0.07216878364870323 -0.013999999999999992
-0.125 0.090210979560879034 -0.032750000000000001
-0.0625 0.12629537138523067 0.042249999999999989
-0.078125 0.15335866525349437 0.042250000000000017
-0.09375 0.14433756729740649 0.023500000000000004
-0.0625 0.14433756729740649 0.023500000000000004
-0.0625 0.16237976320958228 0.0047499999999999921
-0.078125 0.17140086116567016 0.023500000000000004
-0.09375 0.16237976320958228 0.0047500000000000198
-0.09375 0.18042195912175807 0.042250000000000017
-0.109375 0.17140086116567016 0.023500000000000004
0 0.10825317547305485 -0.05149999999999999
0 0.12629537138523064 -0.070249999999999993
-0.03125 0.12629537138523064 -0.070249999999999993
-0.015625 0.13531646934131855 -0.05149999999999999
-0.03125 0.16237976320958228 -0.05149999999999999
-0.015625 0.15335866525349437 -0.070249999999999993
-0.046875 0.15335866525349437 -0.070249999999999993
0 0.090210979560879034 -0.032750000000000001
-0.03125 0.090210979560879034 -0.032750000000000001
-0.015625 0.099232077516966943 -0.013999999999999992
-0.03125 0.10825317547305485 -0.05149999999999999
-0.015625 0.11727427342914276 -0.032750000000000001
-0.0625 0.10825317547305485 -0.05149999999999999
-0.046875 0.11727427342914276 -0.032750000000000001
-0.03125 0.12629537138523067 -0.013999999999999992
-0.09375 0.12629537138523064 -0.070249999999999993
-0.0625 0.12629537138523064 -0.070249999999999993
-0.078125 0.13531646934131855 -0.05149999999999999
-0.046875 0.17140086116567019 -0.032750000000000001
-0.03125 0.14433756729740646 -0.032750000000000001
-0.0625 0.16237976320958228 -0.05149999999999999
-0.046875 0.15335866525349437 -0.013999999999999992
-0.0625 0.14433756729740646 -0.032750000000000001
-0.046875 0.13531646934131855 -0.05149999999999999
-0.078125 0.11727427342914276 0.023500000000000004
-0.09375 0.10825317547305485 0.0047499999999999921
-0.0625 0.10825317547305485 0.0047499999999999921
-0.09375 0.12629537138523067 -0.013999999999999992
-0.109375 0.099232077516966943 -0.013999999999999992
-0.09375 0.090210979560879034 -0.032750000000000001
-0.125 0.10825317547305485 -0.05149999999999999
-0.046875 0.099232077516966943 -0.013999999999999992
-0.0625 0.090210979560879034 -0.032750000000000001
-0.109375 0.13531646934131855 -0.05149999999999999
-0.109375 0.11727427342914276 -0.032749999999999974
-0.078125 0.11727427342914276 -0.032750000000000001
-0.09375 0.10825317547305485 -0.05149999999999999
-0.078125 0.099232077516966943 -0.013999999999999992
-0.046875 0.11727427342914276 0.023500000000000004
-0.078125 0.13531646934131858 0.0047500000000000198
-0.03125 0.10825317547305485 0.0047499999999999921
-0.046875 0.13531646934131858 0.0047499999999999921
-0.078125 0.15335866525349437 -0.013999999999999992
-0.09375 0.14433756729740646 -0.032750000000000001
-0.0625 0.12629537138523067 -0.013999999999999992
-0.109375 0.13531646934131858 0.0047500000000000198
-0.109375 0.15335866525349437 -0.013999999999999992
-0.140625 0.11727427342914276 -0.032749999999999974
-0.125 0.12629537138523067 -0.013999999999999992
0.125 -0.054126587736527426 0.11725000000000001
0.15625 -0.07216878364870323 0.13599999999999998
0.125 0.054126587736527426 0.17349999999999999
0.09375 0.036084391824351636 0.13599999999999998
0.109375 0.045105489780439517 0.15475
0.125 0.018042195912175828 0.15475
0.125 0.036084391824351636 0.13600000000000001
0.15625 0.036084391824351636 0.13600000000000001
0.140625 0.045105489780439517 0.15475
0.15625 0.018042195912175828 0.15475
0.140625 0.02706329386826371 0.17350000000000002
0.15625 2.0816681711721685e-17 0.17350000000000002
0.15625 0 0.060999999999999999
0.15625 -0.018042195912175808 0.079750000000000015
0.140625 0.009021097956087909 0.079749999999999988
0.1875 0 0.060999999999999999
0.1875 -0.018042195912175808 0.079750000000000015
0.171875 0.009021097956087909 0.079749999999999988
0.1875 -0.036084391824351615 0.09849999999999999
0.171875 -0.0090210979560878986 0.09849999999999999
0.15625 0.018042195912175818 0.09849999999999999
0.171875 0.027063293868263727 0.11725000000000001
0.1875 0.018042195912175818 0.09849999999999999
0.1875 1.0408340855860843e-17 0.11725000000000001
0.140625 -0.0090210979560878986 0.09849999999999999
0.140625 -0.027063293868263706 0.11725000000000001
0.125 1.0408340855860843e-17 0.11725000000000001
0.15625 -0.018042195912175797 0.13599999999999998
0.140625 -0.045105489780439517 0.13599999999999998
0.109375 0.0090210979560879194 0.13599999999999998
0.125 -0.018042195912175797 0.13599999999999998
0.140625 -0.0090210979560878882 0.15475
0.15625 -0.036084391824351608 0.15475
0.125 0.018042195912175818 0.09849999999999999
0.15625 1.0408340855860843e-17 0.11725000000000001
0.109375 0.027063293868263727 0.11725000000000001
0.140625 0.027063293868263727 0.11725000000000001
0.171875 0.0090210979560879194 0.13600000000000001
0.140625 0.0090210979560879194 0.13600000000000001
0.171875 -0.0090210979560878882 0.15475
0.171875 -0.027063293868263706 0.11725000000000001
0.1875 -0.018042195912175797 0.13599999999999998
0.15625 -0.036084391824351615 0.09849999999999999
0.15625 -0.054126587736527426 0.11725000000000001
0.171875 -0.063147685692615321 0.15475
0.171875 -0.045105489780439517 0.13599999999999998
0.1875 -0.054126587736527426 0.11725000000000001
0 0.14433756729740646 -0.08900000000000001
0.015625 0.13531646934131855 -0.05149999999999999
0.015625 0.11727427342914276 -0.032750000000000001
0 0.14433756729740646 -0.032750000000000001
0.03125 0.12629537138523067 -0.013999999999999992
0.015625 0.099232077516966943 -0.013999999999999992
0 0.10825317547305485 0.0047499999999999921
-0.0625 0.1804219591217581 -0.014000000000000019
-0.03125 0.16237976320958228 0.0047499999999999921
-0.015625 0.15335866525349437 -0.013999999999999992
-0.015625 0.13531646934131858 0.0047499999999999921
0 0.14433756729740649 0.023500000000000004
0.0625 0.10825317547305481 0.060999999999999999
0.046875 0.11727427342914276 0.023500000000000004
0.046875 0.099232077516966957 0.042250000000000017
0.03125 0.12629537138523067 0.042250000000000017
0.03125 0.10825317547305485 0.0047499999999999921
0.015625 0.13531646934131858 0.0047499999999999921
0.015625 0.11727427342914276 0.023500000000000004
0 0.12629537138523067 -0.013999999999999992
-0.046875 0.13531646934131855 0.060999999999999999
-0.046875 0.15335866525349437 0.042250000000000017
-0.03125 0.16237976320958228 0.060999999999999999
-0.046875 0.17140086116567016 0.023500000000000004
-0.0625 0.18042195912175807 0.042250000000000017
-0.015625 0.15335866525349437 0.09849999999999999
-0.046875 0.17140086116567019 0.079750000000000015
-0.03125 0.14433756729740646 0.079749999999999988
-0.0625 0.16237976320958228 0.060999999999999999
-0.078125 0.18944305707784598 0.060999999999999999
0.109375 0.081189881604791111 0.17349999999999999
0.09375 0.07216878364870323 0.15475
0.09375 0.090210979560879034 0.13599999999999998
0.078125 0.099232077516966943 0.15475
0.078125 0.063147685692615321 0.13599999999999998
0.046875 0.081189881604791125 0.11725000000000001
0.078125 0.099232077516966943 0.09849999999999999
0.0625 0.090210979560879007 0.079749999999999988
0.046875 0.11727427342914275 0.079750000000000015
0.078125 0.081189881604791125 0.11725000000000001
0.0625 0.10825317547305485 0.11725000000000001
0.046875 0.099232077516966943 0.09849999999999999
0.03125 0.12629537138523067 0.09849999999999999
0.015625 0.13531646934131852 0.11725000000000001
0.046875 0.11727427342914276 0.13599999999999998
0.03125 0.10825317547305485 0.11725000000000001
0.0625 0.090210979560879034 0.13599999999999998
-0.03125 0.10825317547305487 0.060999999999999999
0.03125 0.10825317547305487 0.060999999999999999
-0.015625 0.11727427342914275 0.079749999999999988
0 0.12629537138523067 0.09849999999999999
0.015625 0.11727427342914275 0.079750000000000015
0.015625 0.099232077516966943 0.09849999999999999
-0.03125 0.12629537138523067 0.042249999999999989
0 0.14433756729740646 0.079750000000000015
-0.03125 0.14433756729740649 0.023500000000000004
-0.015625 0.15335866525349437 0.042249999999999989
0 0.12629537138523067 0.042249999999999989
0.015625 0.13531646934131855 0.060999999999999999
-0.015625 0.13531646934131855 0.060999999999999999
-0.015625 0.11727427342914276 0.023500000000000004
0.0625 0.18042195912175804 -0.014000000000000019
0.078125 0.18944305707784598 0.0047499999999999921
0.078125 0.17140086116567016 0.023500000000000004
0.046875 0.18944305707784598 0.0047499999999999921
0.09375 0.16237976320958228 0.060999999999999999
0.09375 0.18042195912175807 0.042250000000000017
0.0625 0.18042195912175807 0.042250000000000017
0.125 0.14433756729740643 0.13599999999999998
0.125 0.16237976320958225 0.11725000000000001
0.109375 0.15335866525349434 0.09849999999999999
0.09375 0.16237976320958225 0.11725000000000001
0.109375 0.17140086116567016 0.079750000000000015
0.078125 0.17140086116567019 0.079750000000000015
0.0625 0.1804219591217581 0.09849999999999999
0.09375 0.18042195912175807 0.09849999999999999
0.03125 0.19846415503393386 0.079750000000000015
0.0625 0.19846415503393389 0.079750000000000015
0.046875 0.18944305707784598 0.060999999999999999
0.078125 0.18944305707784598 0.060999999999999999
0.015625 0.15335866525349437 -0.070249999999999993
0.03125 0.16237976320958228 -0.05149999999999999
0.03125 0.14433756729740646 -0.032750000000000001
0 0.16237976320958228 -0.05149999999999999
0.046875 0.17140086116567019 -0.032749999999999974
0.0625 0.16237976320958222 0.0047499999999999921
0.03125 0.1804219591217581 -0.013999999999999992
0.046875 0.15335866525349437 -0.013999999999999992
0.015625 0.17140086116567019 -0.032750000000000001
0.0625 0.14433756729740643 0.023500000000000004
0.03125 0.16237976320958228 0.0047500000000000198
0 0.1804219591217581 -0.014000000000000019
0.0625 0.12629537138523061 0.042249999999999989
0.046875 0.13531646934131858 0.0047500000000000198
0.03125 0.14433756729740649 0.023500000000000004
-0.03125 0.1804219591217581 -0.014000000000000019
-0.015625 0.17140086116567019 -0.032750000000000001
0 0.16237976320958228 0.0047499999999999921
0.015625 0.15335866525349437 -0.013999999999999992
0.125 0.09021097956087902 0.19225
0.125 0.10825317547305482 0.17349999999999999
0.109375 0.099232077516966916 0.15475
0.09375 0.10825317547305482 0.17349999999999999
0.125 0.12629537138523064 0.15475
0.109375 0.13531646934131852 0.11725000000000001
0.09375 0.14433756729740643 0.13599999999999998
0.109375 0.11727427342914273 0.13599999999999998
0.09375 0.12629537138523064 0.15475
0.09375 0.12629537138523067 0.09849999999999999
0.078125 0.13531646934131858 0.11725000000000001
0.0625 0.14433756729740649 0.13599999999999998
0.078125 0.11727427342914275 0.079750000000000015
0.09375 0.10825317547305485 0.11725000000000001
0.0625 0.12629537138523067 0.09849999999999999
0.03125 0.14433756729740643 0.13599999999999998
0.0625 0.12629537138523067 0.15475
0.046875 0.13531646934131858 0.11725000000000001
0.078125 0.11727427342914276 0.13599999999999998
0 0.18042195912175807 0.09849999999999999
0 0.19846415503393386 0.079750000000000015
-0.03125 0.19846415503393389 0.079750000000000015
-0.015625 0.18944305707784598 0.060999999999999999
-0.03125 0.18042195912175807 0.042249999999999989
0 0.16237976320958225 0.11725000000000001
-0.03125 0.1804219591217581 0.09849999999999999
-0.015625 0.17140086116567019 0.079750000000000015
-0.046875 0.18944305707784598 0.060999999999999999
0.046875 0.17140086116567019 0.079750000000000015
0.03125 0.16237976320958228 0.060999999999999999
0.015625 0.18944305707784595 0.060999999999999999
0.03125 0.18042195912175807 0.042250000000000017
0.03125 0.19846415503393389 0.023500000000000004
0.046875 0.17140086116567016 0.023500000000000004
0.078125 0.15335866525349437 0.042250000000000017
0.078125 0.15335866525349437 0.09849999999999999
0.09375 0.14433756729740646 0.079750000000000015
0.046875 0.13531646934131855 0.060999999999999999
0.046875 0.15335866525349437 0.042250000000000017
0.0625 0.14433756729740646 0.079750000000000015
0.078125 0.13531646934131855 0.060999999999999999
0.0625 0.16237976320958228 0.060999999999999999
0.03125 0.18042195912175807 0.09849999999999999
0.015625 0.17140086116567016 0.079750000000000015
0.0625 0.16237976320958228 0.11725000000000001
0.03125 0.16237976320958225 0.11725000000000001
0.015625 0.15335866525349434 0.09849999999999999
0.03125 0.14433756729740646 0.079750000000000015
0.046875 0.15335866525349437 0.09849999999999999
0 0.18042195912175807 0.042250000000000017
-0.046875 0.18944305707784598 0.0047499999999999921
-0.03125 0.19846415503393389 0.023500000000000004
-0.015625 0.17140086116567016 0.023500000000000004
0.015625 0.15335866525349437 0.042250000000000017
0 0.16237976320958228 0.060999999999999999
0 0.19846415503393389 0.023500000000000004
-0.015625 0.18944305707784598 0.0047499999999999921
0.015625 0.18944305707784598 0.0047499999999999921
0.015625 0.17140086116567016 0.023500000000000004
0.078125 0.18944305707784598 0.11725000000000001
0.109375 0.11727427342914273 0.19225
0.109375 0.15335866525349434 0.15475
0.109375 0.13531646934131855 0.17349999999999999
0.078125 0.15335866525349434 0.15475
0.046875 0.15335866525349434 0.15475
0.078125 0.13531646934131855 0.17349999999999999
0.0625 0.16237976320958225 0.17349999999999999
-0.015625 0.18944305707784598 0.11725000000000001
0.078125 0.17140086116567016 0.13599999999999998
0.046875 0.18944305707784598 0.11725000000000001
0.015625 0.17140086116567016 0.13599999999999998
0.015625 0.18944305707784598 0.11725000000000001
0.03125 0.18042195912175807 0.15475
0.046875 0.17140086116567016 0.13599999999999998
0.03125 0.12629537138523064 -0.070249999999999993
0.03125 0.10825317547305485 -0.05149999999999999
0.0625 0.10825317547305485 -0.05149999999999999
0.046875 0.11727427342914276 -0.032750000000000001
0.03125 0.07216878364870323 -0.013999999999999992
0.03125 0.090210979560879034 -0.032750000000000001
0.0625 0.07216878364870323 -0.013999999999999992
0.046875 0.081189881604791139 0.0047499999999999921
0.125 0.07216878364870323 -0.013999999999999992
0.09375 0.090210979560879034 -0.032750000000000001
0.09375 0.07216878364870323 -0.013999999999999992
0.109375 0.081189881604791139 0.0047499999999999921
0.0625 0.090210979560879034 -0.032750000000000001
0.078125 0.099232077516966943 -0.013999999999999992
0.078125 0.081189881604791139 0.0047499999999999921
0.09375 0.090210979560879048 0.023500000000000004
0.078125 0.099232077516966957 0.042249999999999989
0.0625 0.10825317547305485 0.0047499999999999921
0.0625 0.090210979560879048 0.023500000000000004
0.046875 0.099232077516966943 -0.013999999999999992
0.125 0.018042195912175808 0.042249999999999989
0.15625 0.018042195912175808 0.042249999999999989
0.125 0.036084391824351615 0.023500000000000004
0.140625 0.027063293868263717 0.060999999999999999
0.15625 0.054126587736527426 0.0047499999999999921
0.125 0.054126587736527426 0.0047499999999999921
0.140625 0.063147685692615335 0.023500000000000004
0.1875 0.036084391824351615 0.023500000000000004
0.15625 0.036084391824351615 0.023500000000000004
0.171875 0.045105489780439524 0.042249999999999989
0.140625 0.045105489780439524 0.042249999999999989
0.15625 0.054126587736527433 0.060999999999999999
0.15625 0.036084391824351622 0.079749999999999988
0.171875 0.045105489780439531 0.09849999999999999
0.1875 0.036084391824351622 0.079749999999999988
0.1875 0.018042195912175808 0.042249999999999989
0.203125 0.009021097956087909 0.079749999999999988
0.171875 0.027063293868263717 0.060999999999999999
0.203125 0.027063293868263717 0.060999999999999999
0.140625 0.063147685692615335 0.19225
0.125 0.07216878364870323 0.15475
0.15625 0.054126587736527426 0.17349999999999999
0.09375 0.05412658773652744 0.11724999999999998
0.09375 0.090210979560879062 0.079749999999999988
0.109375 0.081189881604791125 0.11725000000000001
0.09375 0.072168783648703244 0.09849999999999999
0.125 0.072168783648703244 0.09849999999999999
0.1875 0.036084391824351636 0.13599999999999998
0.171875 0.045105489780439517 0.15475
0.15625 0.05412658773652744 0.11725000000000001
0.140625 0.063147685692615321 0.13599999999999998
0.125 0.05412658773652744 0.11725000000000001
0.109375 0.063147685692615321 0.13599999999999998
0.109375 0.027063293868263717 0.060999999999999999
0.078125 0.081189881604791153 0.060999999999999999
0.125 0.036084391824351622 0.079749999999999988
0.140625 0.045105489780439531 0.09849999999999999
0.109375 0.063147685692615335 0.079749999999999988
0.109375 0.045105489780439531 0.09849999999999999
0.109375 0.045105489780439524 0.042249999999999989
0.140625 0.063147685692615335 0.079750000000000015
0.109375 0.063147685692615335 0.023500000000000004
0.125 0.072168783648703244 0.042249999999999989
0.09375 0.072168783648703244 0.042249999999999989
0.109375 0.081189881604791153 0.060999999999999999
0.125 0.054126587736527433 0.060999999999999999
0.09375 0.036084391824351615 0.023500000000000004
0.09375 0.054126587736527426 0.0047499999999999921
0.0625 0.054126587736527426 0.0047499999999999921
0.078125 0.063147685692615335 0.023500000000000004
0.125 0.14433756729740649 0.023500000000000004
0.09375 0.16237976320958228 0.0047499999999999921
0.109375 0.17140086116567016 0.023500000000000004
0.125 0.16237976320958228 0.0047500000000000198
0.140625 0.15335866525349437 0.042250000000000017
0.03125 0.14433756729740646 -0.08900000000000001
0.046875 0.15335866525349437 -0.070249999999999993
0.046875 0.13531646934131855 -0.05149999999999999
0.0625 0.12629537138523064 -0.070249999999999993
0.078125 0.17140086116567019 -0.032750000000000001
0.078125 0.15335866525349437 -0.013999999999999992
0.0625 0.16237976320958228 -0.05149999999999999
0.0625 0.14433756729740646 -0.032750000000000001
0.09375 0.12629537138523067 -0.013999999999999992
0.09375 0.14433756729740646 -0.032750000000000001
0.109375 0.099232077516966943 -0.013999999999999992
0.125 0.090210979560879034 -0.032750000000000001
0.078125 0.11727427342914276 -0.032750000000000001
0.09375 0.10825317547305485 -0.05149999999999999
0.109375 0.11727427342914276 -0.032750000000000001
0.125 0.10825317547305485 -0.05149999999999999
0.078125 0.13531646934131855 -0.05149999999999999
0.09375 0.12629537138523064 -0.070249999999999993
0.109375 0.13531646934131855 -0.05149999999999999
0.140625 0.081189881604791139 0.0047499999999999921
0.15625 0.07216878364870323 -0.013999999999999992
0.171875 0.063147685692615335 0.023500000000000004
0.1875 0.054126587736527426 0.0047499999999999921
0.15625 0.090210979560879048 0.023500000000000004
0.171875 0.081189881604791139 0.0047499999999999921
0.1875 0.072168783648703244 0.042249999999999989
0.109375 0.15335866525349437 -0.013999999999999992
0.140625 0.13531646934131858 0.0047500000000000198
0.140625 0.099232077516966943 -0.013999999999999992
0.15625 0.090210979560879034 -0.032750000000000001
0.15625 0.10825317547305485 0.0047499999999999921
0.140625 0.11727427342914276 -0.032750000000000001
0.171875 0.099232077516966957 0.042250000000000017
0.140625 0.11727427342914276 0.023500000000000004
0.15625 0.12629537138523067 0.042250000000000017
0.171875 0.11727427342914276 0.023500000000000004
0.125 0.10825317547305485 0.0047499999999999921
0.109375 0.13531646934131858 0.0047499999999999921
0.125 0.12629537138523067 -0.013999999999999992
0.125 0.14433756729740646 -0.032750000000000001
0.140625 0.13531646934131858 0.11725000000000001
0.125 0.14433756729740646 0.079750000000000015
0.15625 0.12629537138523067 0.09849999999999999
0.140625 0.15335866525349437 0.09849999999999999
0.109375 0.15335866525349437 0.042250000000000017
0.171875 0.11727427342914275 0.079750000000000015
0.15625 0.14433756729740646 0.079750000000000015
0.140625 0.13531646934131855 0.060999999999999999
0.125 0.16237976320958228 0.060999999999999999
0.140625 0.081189881604791139 0.17349999999999999
0.140625 0.11727427342914276 0.13599999999999998
0.140625 0.099232077516966943 0.15475
0.125 0.10825317547305485 0.11725000000000001
0.15625 0.090210979560879034 0.13599999999999998
0.109375 0.099232077516966943 0.09849999999999999
0.171875 0.063147685692615321 0.13599999999999998
0.15625 0.07216878364870323 0.15475
0.140625 0.081189881604791125 0.11725000000000001
0.125 0.090210979560879034 0.13599999999999998
0.078125 0.13531646934131858 0.0047499999999999921
0.078125 0.11727427342914276 0.023500000000000004
0.09375 0.10825317547305485 0.0047499999999999921
0.0625 0.12629537138523067 -0.013999999999999992
0.171875 0.081189881604791153 0.060999999999999999
0.171875 0.063147685692615335 0.079750000000000015
0.15625 0.072168783648703244 0.042249999999999989
0.1875 0.054126587736527433 0.060999999999999999
0.140625 0.11727427342914275 0.079750000000000015
0.125 0.12629537138523067 0.042250000000000017
0.125 0.10825317547305487 0.060999999999999999
0.15625 0.10825317547305487 0.060999999999999999
0.125 0.12629537138523067 0.09849999999999999
0.09375 0.14433756729740649 0.023500000000000004
0.09375 0.10825317547305487 0.060999999999999999
0.109375 0.11727427342914275 0.079750000000000015
0.09375 0.12629537138523067 0.042249999999999989
0.109375 0.13531646934131855 0.060999999999999999
0.140625 0.099232077516966957 0.042250000000000017
0.125 0.090210979560879048 0.023500000000000004
0.109375 0.099232077516966957 0.042249999999999989
0.109375 0.11727427342914276 0.023500000000000004
0.1875 0.072168783648703244 0.09849999999999999
0.1875 0.090210979560879062 0.079749999999999988
0.15625 0.090210979560879062 0.079750000000000015
0.1875 0.05412658773652744 0.11724999999999998
0.15625 0.072168783648703244 0.09849999999999999
0.125 0.090210979560879062 0.079750000000000015
0.140625 0.081189881604791153 0.060999999999999999
0.171875 0.099232077516966943 0.09849999999999999
0.171875 0.081189881604791125 0.11725000000000001
0.15625 0.10825317547305485 0.11725000000000001
0.140625 0.099232077516966943 0.09849999999999999
-0.078125 0.045105489780439517 -0.013999999999999992
-0.140625 0.081189881604791125 -0.051500000000000018
-0.015625 0.099232077516966943 -0.070249999999999993
-0.03125 0.090210979560879034 -0.088999999999999982
-0.015625 0.11727427342914275 -0.088999999999999982
-0.046875 0.11727427342914275 -0.088999999999999982
-0.015625 0.063147685692615321 -0.032750000000000001
-0.015625 0.081189881604791125 -0.05149999999999999
-0.046875 0.081189881604791125 -0.05149999999999999
-0.03125 0.054126587736527412 -0.05149999999999999
-0.078125 0.099232077516966943 -0.070249999999999993
-0.078125 0.11727427342914275 -0.088999999999999982
-0.0625 0.03608439182435165 -0.088999999999999982
-0.046875 0.063147685692615307 -0.088999999999999982
-0.046875 0.045105489780439503 -0.070249999999999965
-0.078125 0.063147685692615307 -0.088999999999999982
-0.03125 0.072168783648703216 -0.070249999999999993
-0.0625 0.090210979560879034 -0.088999999999999982
-0.0625 0.072168783648703216 -0.070249999999999993
-0.09375 0.090210979560879034 -0.088999999999999982
-0.046875 0.099232077516966943 -0.070249999999999993
-0.109375 -0.045105489780439559 -0.08900000000000001
-0.09375 -0.036084391824351594 -0.070250000000000021
-0.09375 -0.018042195912175783 -0.08900000000000001
-0.125 -0.018042195912175839 -0.088999999999999982
-0.0625 -0.018042195912175773 -0.032750000000000001
-0.078125 -0.027063293868263737 -0.051500000000000018
-0.09375 -2.0816681711721685e-17 -0.05149999999999999
-0.0625 3.4694469519536142e-17 -0.05149999999999999
-0.125 0.018042195912175787 -0.070249999999999993
-0.140625 0.0090210979560878778 -0.08900000000000001
-0.078125 0.0090210979560878778 -0.08900000000000001
-0.0625 0.018042195912175842 -0.070249999999999993
-0.09375 0.036084391824351594 -0.088999999999999982
-0.078125 -0.0090210979560879298 -0.070249999999999993
-0.109375 0.0090210979560878778 -0.08900000000000001
-0.09375 0.018042195912175787 -0.070249999999999993
-0.125 0.036084391824351594 -0.088999999999999982
-0.109375 -0.0090210979560879298 -0.070249999999999993
-0.109375 0.063147685692615321 -0.032750000000000001
-0.078125 0.063147685692615321 -0.032750000000000001
-0.09375 0.036084391824351608 -0.032750000000000001
-0.09375 0.054126587736527412 -0.05149999999999999
-0.046875 0.063147685692615321 -0.032750000000000001
-0.03125 0.036084391824351608 -0.032750000000000001
-0.078125 0.0090210979560878882 -0.032749999999999974
-0.046875 0.0090210979560878882 -0.032749999999999974
-0.078125 0.045105489780439503 -0.070249999999999965
-0.0625 0.054126587736527412 -0.05149999999999999
-0.078125 0.027063293868263696 -0.05149999999999999
-0.046875 0.027063293868263696 -0.05149999999999999
-0.0625 0.036084391824351608 -0.032750000000000001
-0.125 0.054126587736527412 -0.05149999999999999
-0.109375 0.045105489780439503 -0.070249999999999993
-0.109375 0.027063293868263696 -0.051500000000000018
-0.140625 0.045105489780439503 -0.070249999999999993
-0.109375 0.081189881604791125 -0.05149999999999999
-0.09375 0.072168783648703216 -0.070249999999999993
-0.109375 0.063147685692615307 -0.08900000000000001
-0.125 0.072168783648703216 -0.070249999999999993
-0.078125 0.081189881604791125 -0.05149999999999999
-0.109375 0.099232077516966943 -0.070249999999999993
-0.109375 -0.027063293868263748 -0.10775
-0.078125 0.027063293868263685 -0.10775
-0.09375 2.4286128663675299e-17 -0.10775000000000003
-0.109375 0.027063293868263685 -0.10775
-0.125 -3.1225022567582528e-17 -0.10775
-0.03125 0.10825317547305484 -0.10775
-0.0625 0.054126587736527454 -0.10775
-0.046875 0.081189881604791125 -0.10774999999999997
-0.078125 0.081189881604791125 -0.10774999999999997
-0.0625 0.10825317547305484 -0.10775
-0.09375 0.054126587736527398 -0.10775
-0.078125 0.045105489780439489 -0.1265
0.109375 -0.063147685692615335 0.09849999999999999
0.140625 -0.027063293868263717 0.060999999999999999
0.171875 -0.027063293868263717 0.060999999999999999
0.171875 -0.045105489780439524 0.079750000000000015
0.15625 -0.054126587736527433 0.060999999999999999
0.171875 -0.081189881604791153 0.060999999999999999
0.1875 -0.054126587736527433 0.060999999999999999
0.1875 -0.072168783648703244 0.079750000000000015
0.203125 -0.027063293868263717 0.060999999999999999
0.09375 -0.10825317547305487 0.060999999999999999
0.109375 -0.13531646934131852 0.060999999999999999
0.125 -0.12629537138523061 0.079750000000000015
0.125 -0.10825317547305481 0.060999999999999999
0.15625 -0.10825317547305487 0.060999999999999999
0.140625 -0.13531646934131852 0.060999999999999999
0.15625 -0.12629537138523067 0.079750000000000015
0.125 -0.16237976320958225 0.060999999999999999
0.140625 -0.15335866525349434 0.079749999999999988
0.140625 -0.081189881604791139 0.11725000000000001
0.140625 -0.063147685692615335 0.09849999999999999
0.125 -0.090210979560879048 0.09849999999999999
0.15625 -0.090210979560879048 0.09849999999999999
0.140625 -0.045105489780439524 0.079750000000000015
0.125 -0.054126587736527433 0.060999999999999999
0.109375 -0.099232077516966957 0.079749999999999988
0.109375 -0.081189881604791153 0.060999999999999999
0.171875 -0.099232077516966957 0.079749999999999988
0.15625 -0.072168783648703244 0.079750000000000015
0.140625 -0.099232077516966957 0.079749999999999988
0.140625 -0.081189881604791153 0.060999999999999999
0.125 -0.072168783648703244 0.079750000000000015
0.15625 -0.10825317547305485 0.11725000000000001
0.140625 -0.11727427342914276 0.09849999999999999
0.171875 -0.081189881604791139 0.11725000000000001
0.171875 -0.063147685692615335 0.09849999999999999
0.015625 0.11727427342914275 -0.088999999999999982
0.015625 0.099232077516966943 -0.070249999999999993
0 0.090210979560879034 -0.088999999999999982
0.03125 0.090210979560879034 -0.088999999999999982
0.015625 0.063147685692615321 -0.032750000000000001
0.015625 0.081189881604791125 -0.05149999999999999
0 0.054126587736527412 -0.05149999999999999
0.03125 0.054126587736527412 -0.05149999999999999
-0.03125 0.03608439182435165 -0.088999999999999982
-0.015625 0.063147685692615307 -0.08900000000000001
-0.015625 0.045105489780439503 -0.070249999999999993
0 0.036084391824351594 -0.088999999999999982
0.0625 0.036084391824351594 -0.088999999999999982
0.046875 0.063147685692615307 -0.08900000000000001
0.046875 0.045105489780439503 -0.070249999999999993
0.03125 0.036084391824351594 -0.088999999999999982
0.03125 0.072168783648703216 -0.070249999999999993
0.015625 0.063147685692615307 -0.08900000000000001
0.015625 0.045105489780439503 -0.070249999999999993
0 0.072168783648703216 -0.070249999999999993
-0.09375 -0.072168783648703216 -0.08900000000000001
-0.078125 -0.063147685692615307 -0.070249999999999993
-0.078125 -0.045105489780439503 -0.08900000000000001
-0.0625 -0.072168783648703216 -0.08900000000000001
-0.046875 -0.045105489780439489 -0.032750000000000001
-0.0625 -0.054126587736527398 -0.051500000000000018
-0.046875 -0.027063293868263682 -0.051500000000000018
-0.03125 -0.054126587736527398 -0.05149999999999999
-0.046875 0.0090210979560879333 -0.08900000000000001
-0.0625 -0.018042195912175783 -0.08900000000000001
-0.046875 -0.0090210979560878743 -0.070249999999999993
-0.03125 -0.018042195912175783 -0.088999999999999982
0 -0.072168783648703216 -0.088999999999999982
-0.03125 -0.072168783648703216 -0.08900000000000001
-0.015625 -0.063147685692615307 -0.070249999999999993
-0.015625 -0.045105489780439503 -0.08900000000000001
-0.046875 -0.063147685692615307 -0.070249999999999993
-0.046875 -0.045105489780439503 -0.08900000000000001
-0.03125 -0.036084391824351594 -0.070249999999999993
-0.0625 -0.036084391824351594 -0.070250000000000021
0.09375 -0.054126587736527398 -0.05149999999999999
0.109375 -0.063147685692615307 -0.070249999999999993
0.09375 -0.036084391824351594 -0.070249999999999993
0.078125 -0.063147685692615307 -0.070249999999999993
0.09375 -0.018042195912175783 -0.088999999999999982
0.109375 -0.045105489780439503 -0.08900000000000001
0.078125 -0.045105489780439503 -0.08900000000000001
0.0625 -0.072168783648703216 -0.088999999999999982
0.09375 -0.072168783648703216 -0.088999999999999982
0.078125 -0.045105489780439545 -0.032750000000000001
0.0625 -0.018042195912175828 -0.032750000000000001
0.046875 -0.045105489780439545 -0.032750000000000001
0.078125 -0.027063293868263737 -0.051500000000000018
0.0625 -0.054126587736527454 -0.05149999999999999
0.0625 -2.0816681711721685e-17 -0.05149999999999999
0.046875 -0.027063293868263737 -0.051500000000000018
0.03125 -0.054126587736527454 -0.05149999999999999
0.078125 0.0090210979560878778 -0.08900000000000001
0.0625 0.018042195912175787 -0.070249999999999993
0.046875 0.0090210979560878778 -0.08900000000000001
0.078125 -0.0090210979560879298 -0.070249999999999993
0.0625 -0.018042195912175839 -0.088999999999999982
0.046875 -0.0090210979560879298 -0.070249999999999993
0.03125 -0.018042195912175839 -0.088999999999999982
0.03125 -0.072168783648703216 -0.088999999999999982
0.015625 -0.063147685692615307 -0.070249999999999993
0.015625 -0.045105489780439503 -0.08900000000000001
0.046875 -0.063147685692615363 -0.070249999999999993
0.046875 -0.045105489780439559 -0.08900000000000001
0.03125 -0.03608439182435165 -0.070249999999999993
0.0625 -0.03608439182435165 -0.070249999999999993
0.03125 -0.018042195912175828 -0.032750000000000001
0.015625 0.0090210979560878882 -0.032750000000000001
0 -0.018042195912175828 -0.032750000000000001
0 -2.0816681711721685e-17 -0.05149999999999999
0 0.036084391824351608 -0.032750000000000001
-0.03125 -0.018042195912175773 -0.032750000000000001
-0.03125 0.018042195912175842 -0.070249999999999993
-0.015625 0.027063293868263696 -0.051500000000000018
-0.03125 3.4694469519536142e-17 -0.05149999999999999
-0.015625 0.0090210979560878882 -0.032750000000000001
0.015625 -0.045105489780439545 -0.032750000000000001
0.015625 -0.027063293868263737 -0.051500000000000018
-0.015625 -0.045105489780439489 -0.032750000000000001
0 -0.054126587736527398 -0.05149999999999999
0 -0.036084391824351594 -0.070249999999999993
-0.015625 -0.0090210979560878743 -0.070249999999999993
-0.015625 -0.027063293868263682 -0.051500000000000018
0.03125 -2.0816681711721685e-17 -0.05149999999999999
0 -0.018042195912175783 -0.088999999999999982
0.03125 0.018042195912175787 -0.070249999999999993
0.015625 0.0090210979560878778 -0.08900000000000001
0 0.018042195912175787 -0.070249999999999993
-0.015625 0.0090210979560879333 -0.08900000000000001
0.015625 -0.0090210979560879298 -0.070249999999999993
0.046875 0.0090210979560878882 -0.032750000000000001
0.046875 0.027063293868263696 -0.051500000000000018
0.03125 0.036084391824351608 -0.032750000000000001
0.015625 0.027063293868263696 -0.051500000000000018
0.078125 -0.027063293868263692 -0.10775
0.0625 -0.054126587736527412 -0.10775
0.0625 -0.036084391824351601 -0.12649999999999997
0.09375 -0.054126587736527412 -0.10775
0.046875 0.027063293868263685 -0.10775
0.0625 -3.1225022567582528e-17 -0.10775
0.03125 -3.1225022567582528e-17 -0.10775
0.03125 0.018042195912175776 -0.12649999999999997
0 -0.054126587736527412 -0.10775
0.03125 -0.054126587736527412 -0.10775
0.015625 -0.027063293868263692 -0.10775
0 -0.036084391824351601 -0.12649999999999997
0.046875 -0.027063293868263748 -0.10775
0.03125 -0.036084391824351601 -0.12649999999999997
0.046875 -0.0090210979560879402 -0.1265
0.015625 -0.0090210979560878847 -0.1265
0 0.10825317547305484 -0.10775
0.03125 0.054126587736527398 -0.10775
0.015625 0.081189881604791125 -0.10775
0 0.054126587736527398 -0.10775
0 0.072168783648703216 -0.12649999999999997
-0.03125 0.054126587736527454 -0.10775
-0.015625 0.081189881604791125 -0.10775
-0.03125 0.072168783648703272 -0.12649999999999997
-0.09375 -0.054126587736527412 -0.10775000000000003
-0.03125 -0.054126587736527412 -0.10775000000000003
-0.0625 -0.054126587736527412 -0.10775000000000003
-0.046875 -0.027063293868263692 -0.10775
-0.0625 -0.036084391824351601 -0.1265
-0.0625 2.4286128663675299e-17 -0.10775000000000003
-0.078125 -0.027063293868263692 -0.10775
-0.078125 -0.0090210979560878847 -0.1265
0.015625 0.027063293868263685 -0.10775
-0.015625 -0.027063293868263692 -0.10775
-0.046875 0.027063293868263741 -0.10775
-0.03125 0.018042195912175832 -0.12649999999999997
-0.015625 0.027063293868263741 -0.10775
-0.03125 2.4286128663675299e-17 -0.10775
0 0.018042195912175832 -0.12649999999999997
-0.015625 -0.0090210979560878847 -0.1265
0 2.4286128663675299e-17 -0.10775
-0.03125 -0.036084391824351601 -0.1265
-0.0625 0.018042195912175832 -0.1265
-0.046875 -0.0090210979560878847 -0.1265
-0.046875 0.045105489780439545 -0.1265
0.015625 0.045105489780439489 -0.1265
-0.015625 0.045105489780439545 -0.1265
0.078125 -0.081189881604791125 -0.10775
0.015625 -0.081189881604791125 -0.10775
0.046875 -0.081189881604791125 -0.10775
0.015625 -0.063147685692615321 -0.1265
0.046875 -0.063147685692615321 -0.1265
-0.078125 -0.081189881604791125 -0.10775
-0.015625 -0.081189881604791125 -0.10775
-0.046875 -0.081189881604791125 -0.10775
-0.046875 -0.063147685692615321 -0.1265
-0.015625 -0.063147685692615321 -0.1265
0.109375 -0.027063293868263692 -0.10775
0.078125 0.027063293868263685 -0.10775
0.09375 2.4286128663675299e-17 -0.10775
0.0625 0.018042195912175776 -0.12649999999999997
0.078125 -0.0090210979560878847 -0.1265
0.03125 0.10825317547305484 -0.10775
0.0625 0.054126587736527398 -0.10775
0.046875 0.081189881604791125 -0.10775
0.03125 0.072168783648703216 -0.12649999999999997
0.046875 0.045105489780439489 -0.1265
-0.0625 -0.09021097956087902 -0.070249999999999993
-0.03125 -0.072168783648703203 -0.032749999999999974
0 -0.12629537138523064 -0.032749999999999974
-0.03125 -0.10825317547305482 -0.051500000000000018
-0.015625 -0.099232077516966916 -0.032750000000000001
0 -0.10825317547305482 -0.05149999999999999
0 -0.09021097956087902 -0.070249999999999965
-0.03125 -0.09021097956087902 -0.070249999999999993
-0.015625 -0.081189881604791111 -0.05149999999999999
-0.046875 -0.081189881604791111 -0.05149999999999999
0.078125 -0.11727427342914278 0.042249999999999989
0.09375 -0.14433756729740643 0.042250000000000017
0.0625 -0.12629537138523067 0.023500000000000004
0.09375 -0.12629537138523061 0.023500000000000004
0.03125 -0.14433756729740643 -0.013999999999999992
0.0625 -0.16237976320958225 0.0047500000000000198
0.046875 -0.13531646934131858 0.0047499999999999921
0.0625 -0.14433756729740643 -0.013999999999999992
0.109375 -0.13531646934131852 0.0047499999999999921
0.109375 -0.15335866525349434 0.023500000000000004
0.078125 -0.13531646934131852 0.0047499999999999921
0.09375 -0.14433756729740643 -0.013999999999999992
0.09375 -0.16237976320958225 0.0047500000000000198
0.109375 -0.17140086116567016 0.042249999999999989
0.078125 -0.15335866525349434 0.023500000000000004
0.09375 -0.18042195912175807 0.023500000000000004
0.109375 -0.081189881604791111 -0.05149999999999999
0.09375 -0.09021097956087902 -0.070249999999999965
0.125 -0.10825317547305482 -0.05149999999999999
0.125 -0.09021097956087902 -0.070249999999999965
0.078125 -0.063147685692615349 -0.013999999999999992
0.09375 -0.072168783648703203 -0.032749999999999974
0.0625 -0.072168783648703258 -0.032749999999999974
0.09375 -0.090210979560879007 -0.013999999999999992
0.03125 -0.09021097956087902 -0.070249999999999965
0.0625 -0.09021097956087902 -0.070249999999999965
0.046875 -0.081189881604791167 -0.05149999999999999
0.0625 -0.10825317547305482 -0.05149999999999999
0.125 -0.14433756729740643 -0.013999999999999992
0.125 -0.12629537138523064 -0.032749999999999974
0.109375 -0.11727427342914273 -0.013999999999999992
0.09375 -0.12629537138523064 -0.032749999999999974
0.109375 -0.099232077516966916 -0.032750000000000001
0.09375 -0.10825317547305482 -0.05149999999999999
0.078125 -0.099232077516966916 -0.032750000000000001
0.078125 -0.081189881604791111 -0.05149999999999999
0.046875 -0.099232077516966971 0.023500000000000004
0.015625 -0.081189881604791153 0.0047499999999999921
0.046875 -0.081189881604791153 0.0047499999999999921
0.03125 -0.090210979560879062 -0.013999999999999992
-0.015625 -0.063147685692615294 -0.013999999999999992
0.046875 -0.063147685692615349 -0.013999999999999992
0.015625 -0.081189881604791111 -0.05149999999999999
0 -0.072168783648703203 -0.032749999999999974
0.03125 -0.072168783648703258 -0.032749999999999974
0.015625 -0.063147685692615349 -0.013999999999999992
0.078125 -0.099232077516966971 0.023500000000000004
0.0625 -0.10825317547305488 0.0047500000000000198
0.078125 -0.081189881604791153 0.0047499999999999921
0.09375 -0.10825317547305482 0.0047500000000000198
0.078125 -0.11727427342914273 -0.013999999999999992
0.046875 -0.099232077516966971 -0.032750000000000001
0.0625 -0.090210979560879062 -0.013999999999999992
0.03125 -0.10825317547305488 0.0047500000000000198
0.0625 -0.12629537138523064 -0.032749999999999974
0.015625 -0.11727427342914273 -0.013999999999999992
0.03125 -0.12629537138523064 -0.032749999999999974
0.015625 -0.099232077516966916 -0.032750000000000001
0.03125 -0.10825317547305482 -0.05149999999999999
0.046875 -0.11727427342914279 -0.013999999999999992
0 -0.090210979560879007 -0.013999999999999992
0.015625 -0.15335866525349434 -0.032750000000000001
0.046875 -0.17140086116567016 -0.013999999999999992
0.046875 -0.15335866525349434 -0.032750000000000001
0.03125 -0.16237976320958225 -0.05149999999999999
0.078125 -0.15335866525349434 -0.032750000000000001
0.078125 -0.17140086116567016 -0.013999999999999992
0.0625 -0.16237976320958225 -0.05149999999999999
-0.078125 -0.099232077516966929 -0.088999999999999982
-0.015625 -0.13531646934131855 -0.05149999999999999
-0.046875 -0.11727427342914273 -0.070249999999999993
-0.015625 -0.11727427342914273 -0.070249999999999993
-0.03125 -0.12629537138523064 -0.08900000000000001
-0.015625 -0.099232077516966929 -0.088999999999999982
-0.046875 -0.099232077516966929 -0.088999999999999982
-0.0625 -0.10825317547305484 -0.10775
-0.03125 -0.10825317547305484 -0.10775
0.109375 -0.13531646934131855 -0.05149999999999999
0.109375 -0.11727427342914273 -0.070249999999999993
0.078125 -0.11727427342914273 -0.070249999999999993
0.046875 -0.099232077516966929 -0.088999999999999982
0.078125 -0.099232077516966929 -0.088999999999999982
0.015625 -0.13531646934131855 -0.05149999999999999
0.078125 -0.13531646934131855 -0.05149999999999999
0.015625 -0.099232077516966929 -0.088999999999999982
0.03125 -0.12629537138523064 -0.088999999999999982
0.015625 -0.11727427342914273 -0.070249999999999993
0.046875 -0.11727427342914273 -0.070249999999999993
0.03125 -0.14433756729740646 -0.070249999999999965
0.0625 -0.14433756729740646 -0.070249999999999965
0.046875 -0.13531646934131855 -0.05149999999999999
0.03125 -0.10825317547305484 -0.10774999999999997
0.0625 -0.12629537138523064 -0.088999999999999982
0 -0.10825317547305484 -0.10775
0 -0.14433756729740646 -0.070249999999999993
0 -0.12629537138523064 -0.08900000000000001
0.03125 -0.18042195912175807 -0.032749999999999974
-0.03125 -0.14433756729740646 -0.070249999999999993
-0.0625 -0.12629537138523064 -0.08900000000000001
0 -0.16237976320958225 -0.051500000000000018
0.109375 -0.11727427342914272 0.042249999999999989
0.140625 -0.11727427342914272 0.042249999999999989
0.125 -0.12629537138523061 0.023500000000000004
0.125 -0.14433756729740643 0.042250000000000017
0.140625 -0.009021097956087909 0.042250000000000017
0.171875 -0.009021097956087909 0.042250000000000017
0.15625 -0.036084391824351622 0.042250000000000017
0.15625 -0.018042195912175818 0.023500000000000004
0.171875 -0.063147685692615335 0.042249999999999989
0.171875 -0.027063293868263727 0.0047499999999999921
0.1875 -0.018042195912175818 0.023500000000000004
0.171875 -0.045105489780439531 0.023500000000000004
0.203125 -0.009021097956087909 0.042250000000000017
0.1875 -0.036084391824351622 0.042250000000000017
0.125 -0.054126587736527398 -0.05149999999999999
0.140625 -0.081189881604791111 -0.05149999999999999
0.15625 -0.054126587736527398 -0.051500000000000018
0.140625 -0.063147685692615307 -0.070249999999999993
0.09375 -0.036084391824351636 -0.013999999999999992
0.109375 -0.045105489780439489 -0.032750000000000001
0.109375 -0.063147685692615294 -0.013999999999999992
0.125 -0.03608439182435158 -0.013999999999999992
0.140625 -0.11727427342914273 -0.013999999999999992
0.140625 -0.099232077516966916 -0.032750000000000001
0.125 -0.090210979560879007 -0.013999999999999992
0.15625 -0.090210979560879007 -0.014000000000000019
0.1875 -0.036084391824351636 -0.013999999999999992
0.171875 -0.045105489780439545 -0.032750000000000001
0.15625 -0.036084391824351636 -0.013999999999999992
0.171875 -0.063147685692615349 -0.013999999999999992
0.140625 -0.045105489780439489 -0.032750000000000001
0.15625 -0.072168783648703203 -0.032750000000000001
0.140625 -0.063147685692615294 -0.013999999999999992
0.125 -0.072168783648703203 -0.032749999999999974
0.09375 -0.05412658773652744 0.0047500000000000198
0.09375 -0.072168783648703244 0.023500000000000004
0.109375 -0.045105489780439531 0.023500000000000004
0.125 -0.072168783648703189 0.023500000000000004
0.09375 -0.090210979560879062 0.042250000000000017
0.125 -0.036084391824351622 0.042250000000000017
0.15625 -0.090210979560879062 0.042250000000000017
0.125 -0.090210979560879007 0.042250000000000017
0.140625 -0.063147685692615335 0.042249999999999989
0.109375 -0.063147685692615335 0.042249999999999989
0.109375 -0.027063293868263727 0.0047499999999999921
0.125 -0.054126587736527385 0.0047500000000000198
0.125 -0.018042195912175818 0.023500000000000004
0.1875 -0.05412658773652744 0.0047500000000000198
0.140625 -0.027063293868263727 0.0047499999999999921
0.15625 -0.05412658773652744 0.0047500000000000198
0.1875 -0.072168783648703244 0.023500000000000004
0.15625 -0.072168783648703244 0.023500000000000004
0.140625 -0.045105489780439531 0.023500000000000004
0.109375 -0.081189881604791098 0.0047499999999999921
0.171875 -0.081189881604791153 0.0047499999999999921
0.140625 -0.13531646934131852 0.0047499999999999921
0.125 -0.10825317547305482 0.0047500000000000198
0.15625 -0.10825317547305482 0.0047499999999999921
0.15625 -0.12629537138523061 0.023499999999999976
0.140625 -0.099232077516966916 0.023500000000000004
0.171875 -0.11727427342914278 0.042249999999999989
0.171875 -0.099232077516966971 0.023500000000000004
0.140625 -0.081189881604791098 0.0047499999999999921
0.109375 -0.099232077516966916 0.023500000000000004
0.140625 0.0090210979560878986 0.023500000000000004
0.140625 0.045105489780439517 -0.013999999999999992
0.171875 0.027063293868263706 0.0047499999999999921
0.140625 0.027063293868263706 0.0047499999999999921
0.15625 0.018042195912175797 -0.013999999999999992
0.15625 -1.0408340855860843e-17 0.0047499999999999921
0.171875 -0.0090210979560879194 -0.014000000000000019
0.1875 -1.0408340855860843e-17 0.0047499999999999921
0.171875 0.0090210979560878986 0.023500000000000004
0.046875 0.099232077516966943 -0.070249999999999993
0.046875 0.063147685692615321 -0.032750000000000001
0.109375 0.063147685692615321 -0.032750000000000001
0.078125 0.081189881604791125 -0.05149999999999999
0.078125 0.063147685692615321 -0.032750000000000001
0.09375 0.054126587736527412 -0.05149999999999999
0.078125 0.045105489780439503 -0.070249999999999993
0.0625 0.072168783648703216 -0.070249999999999993
0.0625 0.054126587736527412 -0.05149999999999999
0.046875 0.081189881604791125 -0.05149999999999999
0.125 -0.036084391824351594 -0.070249999999999993
0.09375 -0.018042195912175828 -0.032750000000000001
0.15625 -0.018042195912175828 -0.032750000000000001
0.140625 -0.027063293868263682 -0.051500000000000018
0.125 -0.018042195912175773 -0.032750000000000001
0.125 3.4694469519536142e-17 -0.05149999999999999
0.09375 0.018042195912175787 -0.070249999999999993
0.109375 -0.0090210979560878743 -0.070249999999999993
0.09375 -2.0816681711721685e-17 -0.05149999999999999
0.109375 -0.027063293868263682 -0.051500000000000018
0.109375 0.0090210979560878986 0.023500000000000004
0.078125 0.027063293868263706 0.0047499999999999921
0.09375 -1.0408340855860843e-17 0.0047499999999999921
0.09375 0.018042195912175797 -0.013999999999999992
0.046875 0.045105489780439517 -0.013999999999999992
0.078125 -0.0090210979560879194 -0.014000000000000019
0.078125 0.027063293868263696 -0.051500000000000018
0.0625 0.036084391824351608 -0.032750000000000001
0.078125 0.0090210979560878882 -0.032750000000000001
0.0625 0.018042195912175797 -0.013999999999999992
0.125 -1.0408340855860843e-17 0.0047499999999999921
0.140625 -0.0090210979560879194 -0.014000000000000019
0.109375 0.0090210979560878882 -0.032750000000000001
0.109375 -0.0090210979560879194 -0.014000000000000019
0.109375 0.027063293868263706 0.0047499999999999921
0.140625 0.0090210979560878882 -0.032750000000000001
0.109375 0.045105489780439517 -0.013999999999999992
0.125 0.036084391824351608 -0.032750000000000001
0.09375 0.036084391824351608 -0.032750000000000001
0.109375 0.027063293868263696 -0.051500000000000018
0.125 0.018042195912175797 -0.013999999999999992
0.078125 0.045105489780439517 -0.013999999999999992
0.140625 0.063147685692615321 -0.032750000000000001
0.171875 0.045105489780439517 -0.013999999999999992
0.15625 0.036084391824351608 -0.032750000000000001
0.15625 0.054126587736527412 -0.05149999999999999
0.171875 0.0090210979560878882 -0.032750000000000001
0.1875 0.018042195912175797 -0.013999999999999992
0.046875 0.11727427342914275 -0.088999999999999982
0.109375 0.081189881604791125 -0.05149999999999999
0.078125 0.099232077516966943 -0.070249999999999993
0.09375 0.072168783648703216 -0.070249999999999993
0.09375 0.090210979560879034 -0.088999999999999982
0.078125 0.063147685692615307 -0.08900000000000001
0.0625 0.090210979560879034 -0.088999999999999982
0.0625 0.10825317547305484 -0.10775
0.078125 0.081189881604791125 -0.10775
0.140625 -0.0090210979560878743 -0.070249999999999993
0.109375 0.0090210979560879333 -0.08900000000000001
0.125 -0.018042195912175783 -0.088999999999999982
0.125 0.054126587736527412 -0.05149999999999999
0.15625 -2.0816681711721685e-17 -0.05149999999999999
0.09375 0.036084391824351594 -0.088999999999999982
0.125 0.03608439182435165 -0.088999999999999982
0.109375 0.045105489780439503 -0.070249999999999993
0.125 0.018042195912175842 -0.070249999999999993
0.140625 0.045105489780439503 -0.070249999999999993
0.15625 0.018042195912175787 -0.070249999999999993
0.140625 0.027063293868263696 -0.051500000000000018
0.109375 0.027063293868263741 -0.10775
0.09375 0.054126587736527398 -0.10775
0.125 0.072168783648703216 -0.070249999999999993
0.109375 0.063147685692615307 -0.08900000000000001
0.171875 0.063147685692615321 -0.032750000000000001
0.109375 0.099232077516966943 -0.070249999999999993
0.078125 0.11727427342914275 -0.088999999999999982
0.140625 0.081189881604791125 -0.05149999999999999
CELLS 4067 20335
4 704 2228 2249 643
4 887 889 32 888
4 854 37 823 888
4 854 855 10 847
4 2404 2406 85 2405
4 800 61 796 62
4 2522 2523 80 2500
4 96 120 114 2223
4 790 795 794 27
4 740 1616 17 860
4 81 164 2527 165
4 993 991 45 68
4 113 130 108 2586
4 1022 64 65 1020
4 862 33 11 848
4 1577 1568 1575 280
4 2508 2400 2519 2399
4 310 116 702 311
4 2225 96 97 2223
4 2223 114 2222 2536
4 795 794 27 803
4 567 38 35 584
4 808 50 988 809
4 561 53 54 57
4 2503 84 83 2504
4 352 1038 75 351
4 319 1583 313 1585
4 811 54 55 562
4 620 585 582 578
4 860 17 11 12
4 1016 161 1011 162
4 2208 2216 58 2215
4 130 2586 2531 108
4 2381 2205 71 2375
4 795 803 47 807
4 1036 60 65 1034
4 993 67 50 988
4 896 44 349 913
4 790 27 52 795
4 2447 150 134 2506
4 43 48 49 44
4 1055 79 74 1059
4 566 54 35 562
4 1022 1016 1019 78
4 254 2201 40 59
4 1685 329 1670 328
4 2520 168 2519 167
4 2205 56 53 2164
4 2375 69 71 2403
4 591 600 599 1092
4 2406 2405 83 85
4 66 60 65 61
4 197 215 1832 216
4 210 207 2066 208
4 2201 250 40 2202
4 2251 1774 1802 2224
4 1077 1078 1079 352
4 2503 83 69 2406
4 904 895 894 903
4 2377 2403 2405 2275
4 816 814 51 812
4 2526 990 70 67
4 20 15 16 21
4 1221 1226 1224 1218
4 802 803 27 794
4 48 65 47 807
4 1004 990 67 1003
4 2496 2526 70 2503
4 84 2521 167 83
4 94 93 116 115
4 169 2402 2353 170
4 593 20 21 629
4 795 52 46 27
4 1022 1021 78 1019
4 1653 1614 1675 1613
4 959 1054 144 956
4 1222 1224 6 1090
4 1035 73 60 1034
4 1268 1236 1320 1235
4 896 903 349 897
4 1036 66 65 61
4 567 564 561 2167
4 285 1206 1213 1210
4 892 912 918 911
4 1033 64 47 46
4 98 1801 1802 94
4 913 49 44 350
4 987 50 70 988
4 787 51 52 814
4 154 141 156 2412
4 1022 65 78 1034
4 1012 163 162 157
4 2086 106 194 2083
4 668 676 657 667
4 806 803 28 804
4 146 160 2490 2495
4 909 858 853 908
4 562 35 566 567
4 1016 1014 77 1017
4 1033 47 65 792
4 888 823 31 37
4 787 52 51 45
4 2381 2375 2274 2205
4 2503 2405 83 2406
4 254 2201 2215 2213
4 913 921 49 350
4 107 2083 194 106
4 2375 71 53 56
4 2386 2394 86 2390
4 1015 1014 77 1016
4 993 812 51 991
4 1005 80 81 68
4 862 34 28 29
4 2526 70 84 67
4 1547 1593 1540 1538
4 239 2212 2374 2210
4 2550 135 112 136
4 1004 68 80 1005
4 1033 788 64 46
4 44 61 800 62
4 1005 68 63 996
4 1038 1079 75 1030
4 599 21 16 22
4 808 562 54 811
4 887 794 32 889
4 2525 1004 80 1002
4 802 33 27 28
4 114 119 113 2578
4 862 802 33 848
4 1007 1011 1015 161
4 584 35 36 39
4 2202 250 40 2144
4 2377 2403 71 2406
4 2231 2529 2586 2531
4 788 46 47 795
4 2599 2647 2648 2598
4 1055 1035 1021 74
4 567 584 35 566
4 2162 2204 2202 2200
4 2440 2441 2443 2437
4 993 51 45 991
4 1204 1143 666 308
4 2500 84 80 2526
4 88 102 103 89
4 339 669 670 672
4 118 121 2555 122
4 635 116 111 2248
4 237 1727 1810 1749
4 2362 2390 86 2392
4 1021 74 73 79
4 1224 1226 3 1090
4 2496 2503 69 2403
4 1035 60 61 1036
4 1016 1019 78 1021
4 2505 146 129 2493
4 167 85 83 2521
4 1234 1106 1104 229
4 1033 788 47 792
4 1035 1034 60 1036
4 848 887 802 33
4 787 812 51 814
4 2503 2526 84 2500
4 1033 46 47 788
4 30 49 48 892
4 1669 1249 1261 329
4 640 650 649 2233
4 1005 1026 76 1027
4 896 349 898 913
4 1004 67 80 68
4 849 16 10 11
4 81 2527 164 80
4 1004 80 67 2526
4 2073 100 101 2003
4 2223 2222 114 92
4 2207 56 2205 2209
4 2208 2209 58 2207
4 269 266 270 1903
4 2377 2406 2405 2403
4 1018 1016 78 1021
4 916 919 9 917
4 339 674 670 655
4 888 31 32 37
4 1260 1220 4 1224
4 1245 1242 1354 1420
4 194 2083 195 2085
4 1260 4 1 1675
4 2300 2293 137 2297
4 634 2248 116 635
4 1002 81 76 1005
4 94 97 93 1802
4 1458 1457 304 1448
4 222 2210 2147 239
4 1005 1027 996 1026
4 1092 3 1220 1226
4 1033 64 1026 1020
4 802 794 27 32
4 2272 2403 69 53
4 1022 1020 65 1034
4 1263 343 1265 1267
4 2493 151 146 2495
4 824 55 31 36
4 291 292 98 1800
4 2297 2293 137 2545
4 556 2144 1737 1697
4 2114 90 107 2133
4 348 349 905 347
4 805 804 803 802
4 1013 1012 1008 1009
4 1093 1087 1129 1091
4 110 114 109 2232
4 620 582 585 619
4 787 45 46 52
4 61 1036 797 1031
4 1871 1906 2101 270
4 854 10 37 847
4 1236 1240 1106 1241
4 802 27 33 32
4 258 261 260 257
4 2392 85 86 2407
4 849 11 10 848
4 2522 80 2523 164
4 216 197 1447 1313
4 1296 1298 7 343
4 1549 1158 1324 264
4 1122 1124 1125 1126
4 1011 1014 1015 1016
4 624 19 14 20
4 145 1043 339 669
4 305 308 1143 306
4 1024 991 788 787
4 79 1018 162 78
4 2523 84 80 2500
4 2117 2010 2132 2115
4 1026 1024 991 45
4 125 105 104 126
4 2209 56 58 2382
4 2379 86 71 72
4 41 38 40 610
4 1034 1021 1022 1020
4 823 31 36 824
4 888 32 31 819
4 561 53 56 2164
4 808 988 50 987
4 2250 94 115 93
4 987 2496 2403 2272
4 1778 89 103 102
4 2675 209 2068 2066
4 2209 57 56 2205
4 62 75 74 1031
4 2377 71 2403 2375
4 2212 2395 2211 2374
4 2393 72 86 2394
4 2379 72 71 2382
4 218 1711 1713 1712
4 2555 122 2554 118
4 699 650 128 648
4 1021 78 73 1034
4 2555 2662 121 117
4 2406 83 69 85
4 1026 991 63 45
4 567 2167 577 564
4 32 51 889 52
4 1018 78 79 1021
4 1021 73 78 79
4 2579 2222 2568 2578
4 2658 2666 2668 2659
4 2234 704 2232 643
4 703 702 111 704
4 802 28 27 803
4 160 2524 165 166
4 2503 2504 2405 2502
4 96 114 92 2223
4 1177 1174 289 267
4 959 143 144 1054
4 2401 169 2364 2402
4 164 84 80 2523
4 247 251 1754 252
4 330 1273 343 331
4 251 250 237 1740
4 1922 201 202 1879
4 2554 123 122 2613
4 44 61 43 800
4 2085 176 177 195
4 1002 1005 76 1017
4 2614 2555 117 2613
4 896 44 62 349
4 107 194 2083 195
4 674 657 307 668
4 2167 561 56 2205
4 1564 306 1210 1575
4 314 1421 1354 1420
4 894 827 893 337
4 1033 1026 64 1024
4 672 646 648 669
4 119 2575 2537 2554
4 2658 2659 2668 2660
4 591 593 594 600
4 169 85 2362 170
4 674 307 657 324
4 790 52 46 795
4 1017 76 77 1027
4 906 34 12 862
4 220 214 233 1810
4 2412 2365 156 170
4 987 70 69 2496
4 853 12 11 862
4 352 1079 75 1038
4 2412 139 2410 2408
4 797 48 43 801
4 578 582 39 584
4 788 790 46 795
4 1005 996 63 1026
4 2583 2550 136 2456
4 1033 65 64 1020
4 2379 71 85 2406
4 647 145 669 1073
4 233 246 232 1126
4 339 1043 670 669
4 2522 2516 164 2523
4 1035 74 73 1021
4 1022 1016 77 1017
4 1670 1669 1668 1676
4 1013 1012 157 1054
4 2412 2410 141 156
4 987 69 2403 2496
4 988 67 50 70
4 325 133 699 326
4 1003 993 68 996
4 100 2554 123 119
4 2375 2272 53 2403
4 2173 59 40 2180
4 2362 86 85 2407
4 1035 74 60 73
4 599 742 16 731
4 1033 1020 1026 1024
4 100 119 95 2599
4 996 991 63 1026
4 2402 170 2364 2353
4 2222 2578 114 2589
4 2559 2544 138 2543
4 1015 81 82 1017
4 582 39 14 19
4 2386 72 86 2393
4 2379 2381 2375 2377
4 991 68 993 996
4 2404 2405 83 2504
4 2598 2613 123 2554
4 991 68 63 45
4 790 794 52 27
4 1022 64 1026 1027
4 2402 2353 2364 2352
4 2249 2245 2238 2232
4 562 54 35 561
4 1055 1021 1059 74
4 1004 67 990 2526
4 2144 607 2198 2195
4 1033 65 1034 1036
4 578 586 585 584
4 255 2395 72 2386
4 2232 2243 2238 2248
4 579 580 37 36
4 1015 1002 81 1017
4 987 70 50 54
4 1654 12 17 860
4 803 46 27 795
4 2496 70 69 2503
4 2513 2521 2519 168
4 1024 991 45 788
4 2394 86 2390 2392
4 1035 73 1034 1021
4 1004 1003 68 1005
4 2411 2417 242 2358
4 787 46 45 788
4 2412 2410 156 2409
4 578 577 586 584
4 2201 2176 2180 2208
4 2375 2205 53 2164
4 996 68 63 991
4 2554 122 2555 2613
4 1002 80 81 1005
4 556 41 42 2144
4 1033 1034 65 1020
4 1022 78 77 1016
4 310 702 116 111
4 2379 71 2375 2381
4 1682 1653 1657 1676
4 566 55 54 562
4 991 812 51 787
4 137 150 134 2447
4 987 2403 69 2272
4 1033 65 47 64
4 787 814 52 790
4 584 582 36 580
4 2578 2223 114 120
4 2404 85 83 2405
4 231 1236 1320 1268
4 1078 1041 1079 352
4 914 912 918 8
4 613 610 607 2198
4 742 16 17 22
4 1002 76 81 1017
4 1037 338 827 828
4 891 44 49 48
4 1017 82 76 81
4 2496 990 70 2526
4 919 30 9 918
4 800 44 891 801
4 1078 159 1043 352
4 162 161 1011 1009
4 988 990 67 70
4 792 47 795 788
4 1033 792 65 1036
4 1041 1044 1039 338
4 2526 84 80 67
4 792 795 47 807
4 949 959 2443 957
4 2382 72 56 58
4 2379 2377 71 2406
4 650 132 127 649
4 2362 2392 2384 2390
4 2503 84 70 83
4 1022 1034 78 1021
4 1022 1020 1026 64
4 146 2495 165 160
4 2381 71 2205 2382
4 1077 352 75 159
4 240 236 1723 1713
4 2154 2162 2153 1722
4 2403 69 71 2406
4 303 1576 1575 1564
4 1299 6 1091 1090
4 1003 996 68 1005
4 102 106 2117 107
4 849 731 16 742
4 862 33 28 34
4 264 2015 268 1324
4 2670 141 2409 2671
4 227 156 141 2671
4 253 2216 72 255
4 991 787 45 788
4 1004 67 68 1003
4 95 2538 2599 119
4 993 45 51 68
4 991 51 45 787
4 787 52 46 790
4 2503 2500 84 2504
4 2503 70 84 2526
4 2536 114 2578 2223
4 109 113 108 2588
4 2379 2375 71 2377
4 1033 1024 64 788
4 809 50 51 55
4 1418 1417 1409 1415
4 114 119 2578 120
4 911 918 49 921
4 148 1013 959 2443
4 629 1127 1129 626
4 2416 2415 227 2656
4 119 95 2538 2575
4 1017 77 76 82
4 816 824 31 819
4 1022 77 1027 1017
4 987 988 70 990
4 787 790 46 788
4 2404 85 2406 2407
4 2403 2405 69 2406
4 1003 988 67 993
4 2234 132 643 650
4 1005 63 76 1026
4 1177 267 1172 1174
4 987 2272 69 53
4 1003 990 67 988
4 1036 65 60 61
4 887 32 794 802
4 654 653 656 657
4 1002 1004 80 1005
4 1021 74 79 1059
4 1003 67 68 993
4 2555 121 2662 122
4 1005 1027 76 1017
4 2501 2504 2405 2404
4 567 577 38 584
4 2209 57 2205 2167
4 2406 85 69 71
4 2671 228 142 227
4 2503 2406 69 2405
4 2392 85 2406 2379
4 808 54 50 55
4 2503 2405 69 2403
4 2503 70 69 83
4 2503 2504 83 2405
4 2381 2274 2375 2377
4 2520 2507 2511 150
4 2401 169 170 2364
4 816 55 31 824
4 170 2358 242 256
4 254 2162 250 2201
4 848 887 33 32
4 849 10 16 855
4 2413 2655 2415 2656
4 2671 142 141 227
4 2375 71 69 53
4 2379 2382 71 2381
4 823 580 36 37
4 889 790 52 814
4 1577 286 285 1206
4 2513 164 2516 2523
4 100 2599 2554 119
4 2521 2404 83 2504
4 855 10 15 37
4 819 824 31 823
4 2375 53 69 2403
4 888 819 31 823
4 808 987 54 559
4 352 1039 351 338
4 955 956 1073 1070
4 1071 1055 159 1077
4 2224 92 115 2243
4 2386 86 2394 2393
4 158 79 74 1055
4 669 145 128 672
4 2354 155 154 2408
4 855 599 16 731
4 2144 41 40 607
4 2400 2509 2508 152
4 888 889 32 819
4 888 32 10 37
4 808 811 54 55
4 823 36 580 824
4 889 27 52 794
4 2024 1763 1765 1764
4 2392 2379 2406 2376
4 2382 56 71 2205
4 559 2272 922 987
4 892 29 30 918
4 2393 2216 72 2206
4 889 31 32 819
4 1713 1727 1724 1730
4 559 53 2164 2375
4 135 146 129 2505
4 674 668 696 675
4 987 2272 922 2496
4 2375 2205 71 56
4 2375 56 53 2205
4 2660 140 2611 2408
4 578 577 38 576
4 2379 85 71 86
4 674 675 696 672
4 823 36 31 37
4 987 990 70 2496
4 624 629 622 628
4 559 2164 53 561
4 2386 2395 72 2393
4 811 824 55 816
4 809 50 988 993
4 567 57 38 577
4 1159 267 1177 1176
4 889 32 52 27
4 1428 1423 295 1424
4 578 584 38 577
4 2382 71 56 72
4 2214 2213 254 253
4 1561 1557 1559 1563
4 613 576 610 2198
4 887 802 33 32
4 847 849 10 848
4 1652 1657 345 334
4 889 794 52 790
4 2208 58 2216 2206
4 234 229 1107 1106
4 816 51 31 55
4 808 50 54 987
4 566 35 36 584
4 209 2676 207 228
4 855 10 16 15
4 2196 2180 2198 2202
4 2144 607 40 2198
4 90 102 88 2117
4 2386 2394 2390 2388
4 1092 3 21 22
4 561 2164 56 2205
4 2392 86 85 2379
4 816 819 31 814
4 2365 2356 2411 2358
4 2394 2378 2379 2392
4 2198 2172 576 2180
4 559 2375 2164 2272
4 113 118 112 2582
4 1221 1218 1090 1226
4 567 35 57 561
4 253 58 72 2216
4 2394 2379 86 2392
4 2392 2406 2407 2376
4 584 14 36 582
4 2394 2379 2382 72
4 2394 72 86 2379
4 2380 2206 2382 2207
4 584 39 14 582
4 255 2393 72 2395
4 2392 2406 85 2407
4 2208 2207 58 2206
4 2387 2395 2397 2386
4 578 584 585 582
4 1586 893 1658 1469
4 1667 1580 313 1673
4 165 150 164 2495
4 1577 280 285 286
4 629 25 24 20
4 2374 2397 2372 2395
4 1128 25 26 249
4 906 8 12 34
4 578 576 39 610
4 1655 1614 1 1675
4 847 855 10 849
4 1654 17 12 18
4 623 622 628 624
4 1221 1224 1222 1218
4 889 794 32 27
4 2393 2380 2382 2394
4 2212 2211 2395 2372
4 2202 2198 2195 2144
4 816 31 51 814
4 889 814 31 819
4 797 801 43 796
4 2173 40 38 576
4 809 812 51 993
4 584 39 38 35
4 584 36 14 39
4 567 38 57 35
4 2167 57 56 561
4 854 37 10 855
4 600 20 21 593
4 811 55 824 566
4 727 14 15 20
4 579 727 15 854
4 1653 1657 341 346
4 919 348 1694 344
4 1713 1724 236 1723
4 1128 1124 1111 1122
4 1656 908 18 1654
4 2393 2206 2382 2380
4 1323 1321 1240 216
4 892 805 29 912
4 51 68 67 993
4 854 847 37 888
4 599 22 16 742
4 849 16 731 855
4 579 582 14 727
4 1224 1226 1220 3
4 598 596 597 727
4 241 253 2374 239
4 240 2148 1723 2154
4 2212 2372 2395 2374
4 240 2148 2210 2147
4 90 102 2117 107
4 912 805 29 34
4 906 862 12 853
4 214 215 1705 1703
4 296 1405 1432 316
4 1752 1126 1100 1753
4 1703 215 1705 1827
4 736 860 17 1616
4 862 28 33 802
4 852 853 848 862
4 1402 1406 1403 1407
4 849 861 731 742
4 847 32 10 888
4 847 887 32 888
4 847 848 32 887
4 847 10 32 848
4 847 888 10 37
4 579 37 580 823
4 640 641 650 2233
4 579 854 37 823
4 1299 6 26 1116
4 579 582 580 36
4 579 15 37 854
4 727 599 16 855
4 727 16 15 855
4 561 57 54 35
4 811 562 55 566
4 624 619 582 620
4 624 620 582 19
4 561 56 53 57
4 854 15 37 855
4 854 727 15 855
4 562 561 35 567
4 2117 106 2076 107
4 579 14 15 727
4 140 2668 2660 121
4 579 36 14 582
4 102 2117 106 101
4 567 577 584 586
4 567 577 586 564
4 578 38 39 576
4 2393 2207 2382 2206
4 2201 2198 40 2180
4 2167 56 57 2205
4 809 811 55 816
4 566 580 36 824
4 2167 2205 2164 561
4 566 584 36 580
4 2202 40 2198 2144
4 2198 610 40 576
4 1233 1103 244 1105
4 251 42 41 2144
4 2208 59 58 2209
4 278 301 1444 300
4 240 2154 2214 2148
4 2198 40 610 607
4 559 2272 53 2375
4 567 561 57 2167
4 177 107 2133 195
4 567 57 577 2167
4 2582 2557 118 112
4 566 36 55 824
4 559 561 54 562
4 559 53 54 561
4 559 54 53 987
4 559 53 2272 987
4 310 1133 291 311
4 2198 576 40 2180
4 809 816 51 812
4 591 21 600 1092
4 809 55 51 816
4 808 559 54 562
4 808 809 811 55
4 809 51 50 993
4 808 55 50 809
4 2173 577 57 2167
4 2360 2362 2364 2401
4 578 39 38 584
4 2209 59 57 2173
4 177 107 90 2133
4 196 1924 1953 201
4 248 1126 1107 1105
4 1260 1614 4 1220
4 256 255 72 2386
4 2201 40 2198 2202
4 1925 1826 1827 1953
4 627 23 41 607
4 607 23 41 610
4 607 41 40 610
4 1084 248 1124 247
4 600 21 16 599
4 1722 1737 250 2204
4 2204 2144 1737 250
4 2208 58 59 2215
4 2178 2208 2207 2209
4 2209 2173 57 2167
4 2173 59 38 40
4 255 2374 2395 2397
4 2173 38 57 577
4 2173 576 38 577
4 2173 2180 40 576
4 137 2545 2611 2297
4 2068 2067 2069 208
4 2353 2412 170 2365
4 2173 57 38 59
4 1740 236 250 237
4 2172 576 2180 2173
4 239 253 2374 2214
4 2582 118 2557 119
4 613 2198 2172 576
4 255 2211 2395 2374
4 2208 2206 2216 2215
4 248 244 1105 243
4 2367 2210 2147 222
4 2207 2205 56 2382
4 1441 300 1438 295
4 1128 1122 1111 1127
4 1709 1710 1712 1713
4 2393 72 2382 2207
4 2207 2381 2205 2382
4 303 1564 285 306
4 1564 285 1575 280
4 1239 244 230 1234
4 2201 2202 2198 2180
4 2201 2180 59 2208
4 2393 2206 72 2207
4 249 244 6 26
4 1092 22 21 599
4 2207 72 58 2206
4 1754 1740 1737 246
4 1105 1126 1125 1124
4 273 2107 269 274
4 1234 1104 243 229
4 1084 247 1124 1122
4 2393 2382 72 2394
4 2416 2656 225 2415
4 2208 2173 59 2209
4 1728 1749 1727 1729
4 2207 58 2382 2209
4 2207 2382 56 2209
4 2207 58 72 2382
4 2201 40 59 2180
4 2208 2180 59 2173
4 2206 72 58 2216
4 2196 2198 2195 2202
4 255 2395 2211 2216
4 201 1932 1879 1922
4 251 41 40 2144
4 2176 2208 2215 2206
4 2390 2392 2384 2394
4 2417 2416 2396 2368
4 303 1590 321 322
4 2416 227 225 2656
4 2373 2210 2374 2212
4 2178 2208 2209 2173
4 2178 2173 2180 2208
4 1722 250 1737 1740
4 218 240 1712 1713
4 255 2216 72 2393
4 2073 2072 106 2075
4 2154 1723 236 1722
4 305 1143 308 307
4 2555 119 118 2554
4 2386 2394 2388 2393
4 2351 2365 2412 2353
4 117 2614 2658 137
4 193 105 106 2086
4 255 2395 2216 2393
4 254 59 58 2215
4 190 185 184 2048
4 254 2201 59 2215
4 255 2211 2374 2212
4 2162 2202 250 2201
4 2133 90 91 2132
4 2154 2204 250 2162
4 703 111 133 704
4 2073 106 105 2075
4 2437 2439 2436 2456
4 2201 2208 2215 2176
4 1105 1104 1101 1107
4 2051 2252 222 225
4 1803 240 1712 223
4 1709 1723 1730 1713
4 743 323 893 827
4 303 1574 1591 297
4 2213 2201 2158 2162
4 1722 1743 1737 2204
4 2367 2371 2373 241
4 1688 1678 327 333
4 1653 1676 341 1657
4 2154 2162 250 254
4 2213 2211 2215 2216
4 2162 2200 2202 2201
4 2162 250 2202 2204
4 1724 1722 236 1723
4 2204 2202 2144 250
4 240 254 253 2214
4 143 162 1013 148
4 254 2213 2162 2201
4 1031 61 1036 1035
4 240 1713 1723 2148
4 253 254 58 2215
4 2223 2541 96 2578
4 1208 289 286 285
4 1722 2162 2153 2204
4 101 105 2073 106
4 253 72 58 255
4 251 1740 1737 250
4 253 255 2374 2212
4 1713 236 1724 1727
4 2201 2202 2180 2196
4 239 240 2210 2147
4 239 2374 2212 2214
4 2071 2674 105 2075
4 240 1709 2148 2147
4 1128 1116 1124 249
4 1713 1724 1723 1730
4 237 246 1740 232
4 253 58 2216 2215
4 253 2212 2211 255
4 113 119 118 2582
4 2201 59 2215 2208
4 240 1723 236 2154
4 1724 1722 1740 237
4 1750 1724 1727 1729
4 1754 246 247 1126
4 2214 253 2212 2213
4 2200 2204 2202 2199
4 1754 1755 246 1126
4 2154 250 2204 1722
4 2213 2215 2158 2201
4 2199 2204 2202 2144
4 2213 2215 2211 2158
4 1225 1092 599 22
4 2199 2144 1737 2204
4 1224 0 4 3
4 246 1740 1737 251
4 253 2211 2212 2213
4 253 2211 2216 255
4 253 2216 2211 2213
4 253 2215 2216 2213
4 253 254 2215 2213
4 2214 2213 2212 2160
4 2214 254 2213 2162
4 2214 2374 2212 253
4 156 169 154 2353
4 219 218 1711 1727
4 1722 237 236 1740
4 1126 246 232 1755
4 1031 61 62 796
4 1722 2204 2153 1743
4 1722 236 250 1740
4 2154 236 250 1722
4 251 2144 40 250
4 1727 237 236 1724
4 2154 1722 2204 2162
4 1722 1737 1743 1740
4 1613 1614 1675 1260
4 1724 237 236 1722
4 218 1727 236 1713
4 2154 2214 2162 254
4 19 629 624 623
4 2353 170 2364 2365
4 655 325 674 324
4 2416 242 227 2415
4 239 2214 2212 2210
4 218 1713 236 240
4 180 181 1880 186
4 1128 1127 24 1084
4 1754 246 1737 251
4 1802 1774 98 97
4 277 299 300 1440
4 218 1711 1727 1713
4 1725 1711 219 1899
4 239 2214 2210 240
4 2249 2248 110 2232
4 2154 2213 2160 2162
4 2154 2214 2213 2162
4 2154 2160 2213 2214
4 239 240 253 2214
4 180 1932 201 1934
4 2399 2404 2407 2521
4 251 250 1737 2144
4 600 594 622 593
4 1128 249 26 1116
4 221 220 1952 214
4 248 1124 247 1126
4 1442 278 277 1419
4 1128 629 1127 1129
4 792 47 65 807
4 240 254 2214 2154
4 1225 0 3 22
4 1709 1713 2148 1723
4 1261 330 1265 342
4 2117 106 101 2076
4 627 558 24 1127
4 1725 1711 1727 219
4 1826 1952 1827 1953
4 240 1713 2148 1709
4 240 1709 1712 1713
4 240 2214 2210 2148
4 600 598 20 624
4 2014 101 2011 2003
4 2413 2051 2252 2649
4 2613 2614 2662 117
4 1176 1177 1198 267
4 302 321 1590 1586
4 2097 2098 2085 2096
4 276 1547 1548 298
4 62 74 61 1031
4 1886 1883 1712 224
4 2369 2373 2254 2367
4 301 1444 1404 279
4 1434 1440 300 1441
4 329 1244 314 1667
4 264 261 265 1450
4 1700 1752 1706 1704
4 1122 1126 247 1124
4 1084 1127 24 558
4 1753 232 237 1750
4 1226 1090 1092 3
4 593 624 20 629
4 800 61 43 796
4 1098 1107 1106 234
4 1749 1702 1728 1810
4 629 23 24 627
4 1103 1124 1116 1105
4 1225 17 0 22
4 598 20 14 727
4 1091 1116 6 1089
4 96 100 2540 101
4 249 244 1105 248
4 2079 2081 2075 2080
4 1932 201 1924 1922
4 1084 247 24 248
4 1091 5 6 25
4 1090 1092 2 1093
4 1655 18 1 1654
4 243 1107 1104 1105
4 672 646 695 648
4 248 1105 1107 243
4 196 1925 1924 1929
4 214 1703 1827 215
4 1105 1100 1126 1107
4 1437 301 300 1444
4 1092 1220 3 1225
4 1296 343 1267 1294
4 278 1444 301 279
4 1754 1755 1740 232
4 1754 232 1740 246
4 1754 246 1755 232
4 1750 1727 1749 1729
4 341 346 18 1655
4 591 1093 21 1092
4 320 1448 1407 1402
4 699 644 698 650
4 249 1105 1124 248
4 1662 1695 333 1689
4 1296 1294 1298 343
4 54 69 53 987
4 1702 1703 1826 1810
4 1083 247 1754 1084
4 620 39 19 610
4 1222 6 7 1299
4 248 1107 1126 243
4 1105 1101 1100 1107
4 2540 100 2599 101
4 1741 1755 1740 1754
4 180 1933 1881 1932
4 1098 1705 1106 1097
4 1750 237 1740 232
4 1952 1703 1827 214
4 2117 101 102 2014
4 314 1580 293 313
4 1706 1705 234 1106
4 1706 233 1100 234
4 213 316 1431 320
4 248 1124 1126 1105
4 48 61 66 797
4 1222 7 6 1224
4 1827 215 1705 1832
4 1741 1740 1737 1754
4 1083 1122 247 1084
4 1234 1105 1104 1103
4 229 1106 1104 1107
4 229 1107 1104 243
4 216 1832 197 1313
4 1903 1964 266 270
4 1299 26 6 244
4 234 1126 233 1100
4 234 1107 1126 1100
4 234 243 1126 1107
4 234 229 243 1107
4 234 248 1126 243
4 1958 220 1898 1952
4 1753 1740 232 1750
4 1953 1958 1952 220
4 202 197 196 1923
4 288 289 291 1197
4 1239 245 244 1234
4 348 905 349 350
4 1706 1100 1107 234
4 699 644 650 648
4 1122 1126 1755 1754
4 1704 1703 1810 214
4 1704 233 1706 214
4 1882 186 1875 191
4 1240 1320 212 1236
4 1098 1700 1100 1706
4 197 1929 1832 196
4 2086 106 2083 2075
4 1903 266 1964 265
4 1964 1963 270 1906
4 321 305 323 1586
4 1753 233 232 1126
4 1299 1091 6 1089
4 1753 238 1749 1750
4 1932 1924 201 1951
4 331 1268 1271 1238
4 261 283 284 1456
4 281 259 263 1556
4 247 1754 251 246
4 185 186 1880 1882
4 1753 1126 232 1755
4 214 1705 1706 1703
4 1749 1728 1725 1810
4 1752 1753 1706 1704
4 1750 1755 1740 1741
4 1406 320 1402 217
4 233 247 246 1126
4 1801 292 1797 1788
4 1952 1827 215 214
4 313 1582 1580 1585
4 196 1953 1924 1925
4 1952 1810 1703 214
4 1752 1755 1126 1753
4 1952 1826 1703 1810
4 1728 1727 1749 1725
4 257 277 278 1419
4 1898 219 1899 1725
4 1753 1749 238 1704
4 1826 1703 1827 1952
4 197 1923 1929 196
4 623 607 610 23
4 221 1952 215 214
4 1313 1929 1832 197
4 241 2374 253 255
4 220 1952 214 1810
4 1224 4 7 3
4 174 2097 175 2094
4 220 1952 1810 1898
4 220 1810 219 1725
4 220 1725 219 1898
4 220 1898 1810 1725
4 1929 1827 1832 215
4 1231 1104 1103 1234
4 98 1801 1797 1802
4 1753 238 233 1704
4 1729 1730 1724 1727
4 1700 1100 1706 1752
4 1740 1741 1734 1750
4 1800 1799 1801 1757
4 1929 1827 1953 1925
4 1705 1321 1832 1240
4 1704 214 1706 1703
4 1752 1734 1755 1753
4 1810 1727 1725 1749
4 303 285 1564 280
4 1098 1706 1106 1705
4 1098 1706 1107 234
4 1157 1207 1172 1205
4 1296 7 1223 1263
4 196 1929 1953 1925
4 2009 89 2010 2135
4 1591 297 1592 318
4 1240 1106 1705 1097
4 314 1420 315 294
4 221 1953 1952 220
4 234 248 247 1126
4 1299 1090 1091 1089
4 245 343 7 1298
4 180 1934 1881 1933
4 196 1832 215 1929
4 54 69 987 70
4 1128 1084 1122 1127
4 1263 1265 343 342
4 1556 1577 286 280
4 1083 1754 247 1122
4 556 42 24 1084
4 180 1881 1879 1932
4 1971 1975 1970 187
4 1750 1727 1724 237
4 1752 1100 1706 1753
4 1962 1967 1456 1964
4 1098 1100 1107 1706
4 301 1404 1407 1448
4 1224 4 0 1220
4 1549 1551 1555 1553
4 1750 1724 1740 237
4 1704 1810 1703 1702
4 1753 232 1740 1755
4 1741 1743 1737 1740
4 1753 1755 1740 1750
4 1753 1750 1741 1755
4 611 610 607 613
4 1103 1116 244 1105
4 281 277 282 1596
4 281 277 1596 276
4 1704 1749 1810 1702
4 257 278 258 1419
4 1704 238 1810 1749
4 1225 599 742 22
4 1128 24 25 1084
4 1753 233 1126 1100
4 1753 233 1100 1706
4 1705 1097 1321 1240
4 1753 1704 233 1706
4 1753 232 233 238
4 1753 238 237 232
4 1753 237 238 1750
4 1668 341 1675 1676
4 2250 2243 115 2238
4 1734 1753 1741 1755
4 301 1404 1444 1437
4 957 649 959 640
4 740 736 1616 860
4 1734 1750 1741 1753
4 1098 234 1106 1706
4 556 1084 1754 247
4 1091 25 6 26
4 1406 320 1407 1402
4 1263 1261 342 1260
4 1091 1128 1129 629
4 1225 599 1092 590
4 341 1 4 1675
4 2117 102 88 2014
4 600 20 16 21
4 600 727 20 598
4 591 600 1093 593
4 1090 1093 5 1091
4 1614 4 0 1
4 346 13 18 1656
4 1084 24 25 248
4 1116 1105 1124 249
4 1222 1090 6 1299
4 556 1697 1754 1083
4 1090 1093 1091 1087
4 1084 42 24 247
4 1093 1129 629 1091
4 623 624 19 620
4 906 912 8 34
4 591 600 21 1093
4 1222 1223 7 1224
4 629 627 24 1127
4 1282 1103 1089 1299
4 701 702 703 635
4 1122 1754 247 1126
4 1299 1089 6 1116
4 293 1585 1535 1536
4 902 348 1694 919
4 1116 249 244 1105
4 557 627 556 607
4 1220 4 0 1614
4 1093 593 21 629
4 223 240 239 1803
4 556 1697 1737 1754
4 314 1354 1421 1533
4 2248 110 115 111
4 1121 1125 1126 1122
4 1121 1126 1755 1122
4 556 1083 1754 1084
4 600 597 727 598
4 557 558 556 627
4 557 2144 607 556
4 623 627 23 629
4 1406 1405 1407 320
4 556 251 1737 2144
4 556 1737 251 1754
4 252 247 24 42
4 1091 629 25 1128
4 627 2144 607 41
4 627 556 2144 41
4 627 607 2144 556
4 627 24 41 23
4 627 1084 24 558
4 627 556 1084 558
4 627 24 1084 556
4 627 42 41 24
4 627 556 42 24
4 627 41 42 556
4 620 19 39 582
4 188 2049 189 2077
4 1090 3 2 1092
4 1093 1129 1087 593
4 598 582 619 727
4 620 578 39 610
4 598 727 14 582
4 1447 198 1448 1969
4 347 348 336 905
4 620 582 39 578
4 624 20 14 598
4 98 102 97 1779
4 629 21 25 20
4 1421 1420 294 1428
4 209 2673 142 124
4 623 627 607 23
4 629 558 1127 626
4 629 628 558 626
4 629 627 1127 558
4 629 628 627 558
4 623 19 610 620
4 623 629 628 627
4 623 611 627 628
4 624 582 619 598
4 624 14 19 582
4 624 598 14 582
4 36 54 566 55
4 98 103 102 1779
4 623 624 628 629
4 623 611 607 627
4 623 610 607 611
4 252 556 1754 247
4 252 556 251 1754
4 252 251 42 41
4 252 247 42 1084
4 252 1084 42 556
4 252 556 247 1084
4 252 2144 42 251
4 252 556 2144 251
4 252 42 2144 556
4 1128 1124 1122 1084
4 1128 1084 248 1124
4 1128 25 248 1084
4 1128 248 25 249
4 1128 249 1124 248
4 600 599 16 727
4 600 593 21 1093
4 593 629 622 624
4 1128 629 24 1127
4 1128 25 24 629
4 25 2 1093 5
4 1091 1128 25 26
4 1091 26 6 1116
4 1091 1128 26 1116
4 1224 3 7 6
4 600 727 597 599
4 600 624 20 593
4 1093 629 1129 593
4 1093 629 21 25
4 1093 629 25 1091
4 1093 25 5 1091
4 600 622 624 593
4 600 15 16 20
4 600 727 15 20
4 600 16 15 727
4 1426 1421 294 1429
4 1260 1675 1 1614
4 1092 3 2 21
4 1092 21 2 1093
4 916 902 1694 919
4 89 98 87 1779
4 1092 599 21 600
4 1225 742 17 22
4 332 335 336 1662
4 1657 346 1655 1656
4 91 178 177 2133
4 1090 2 5 1093
4 1090 2 6 5
4 1090 5 6 1091
4 590 591 599 1092
4 1224 7 4 1223
4 342 1260 1261 341
4 1245 314 1420 315
4 904 336 902 905
4 1224 2 6 1090
4 1260 4 1223 1224
4 1224 3 2 1090
4 1320 1405 1431 1319
4 312 328 1673 327
4 1325 1326 1324 1450
4 1313 1923 1929 197
4 1224 6 2 3
4 1299 1103 1089 1116
4 1657 346 1656 345
4 1232 1233 245 1234
4 1225 22 3 1092
4 1323 1313 1321 216
4 1219 1260 1614 1613
4 223 239 222 1803
4 1652 344 1688 345
4 344 1694 1688 333
4 1420 315 295 1423
4 1260 1 4 1614
4 1969 198 1448 1446
4 89 98 1779 103
4 1220 3 0 1224
4 1429 300 1440 1441
4 1296 1222 7 1298
4 1233 1116 244 1103
4 1406 213 1320 1431
4 1579 281 1577 1556
4 1654 0 1 1616
4 1271 1238 1294 245
4 1298 1222 7 1299
4 318 319 1584 1583
4 1685 1673 1672 328
4 1668 341 1260 1675
4 1261 330 1249 1265
4 296 1407 301 1438
4 910 906 12 908
4 1234 244 243 1105
4 1296 1267 343 1263
4 296 301 300 1438
4 342 341 1261 330
4 1263 1265 342 1261
4 279 1454 283 278
4 1453 284 1454 1456
4 1313 1829 1923 1927
4 2015 1155 268 1324
4 336 1695 1694 333
4 1296 343 7 1263
4 296 316 1432 1422
4 89 90 2135 91
4 330 342 343 1265
4 320 1431 1405 316
4 329 1261 341 330
4 231 1238 1239 1268
4 61 796 797 43
4 1969 1446 1448 1447
4 1219 1220 1614 1260
4 1969 1927 1447 197
4 296 1422 1432 295
4 1296 1223 7 1222
4 1655 1654 1 1614
4 297 318 1584 1592
4 331 343 245 1271
4 231 331 1238 1268
4 1969 197 1923 1927
4 1245 1420 1423 315
4 2015 1154 1155 1324
4 1218 1090 1226 1224
4 1218 1222 1090 1224
4 1218 1089 1090 1299
4 1218 1299 1090 1222
4 1323 213 1320 217
4 1441 1424 295 1438
4 316 1432 1422 1431
4 299 1429 300 1440
4 314 293 1580 1533
4 1233 1299 1116 1103
4 216 1447 217 1313
4 1402 1407 1403 1448
4 1313 1829 1929 1923
4 314 1421 294 1533
4 1667 1672 1580 1673
4 1219 1260 1224 1220
4 1219 1223 1224 1260
4 1678 1688 1681 1689
4 1406 217 1402 1447
4 293 1580 1535 1585
4 314 1667 328 329
4 314 1420 294 1421
4 624 594 622 600
4 1426 1440 1425 1427
4 1665 321 893 1586
4 1232 1238 245 1294
4 1429 295 300 1441
4 320 1405 1407 316
4 1426 1593 1425 299
4 1571 1572 280 275
4 1927 197 1923 1447
4 1923 196 1924 1929
4 316 1405 1432 1431
4 1923 201 1924 196
4 1673 1582 1580 313
4 2250 635 634 1757
4 1101 1126 1105 1100
4 1323 216 217 1313
4 1448 1407 1403 1404
4 245 1294 343 1298
4 1922 201 196 202
4 1957 201 1924 1951
4 296 295 1432 1438
4 1232 1298 245 1233
4 231 1320 1236 213
4 1241 1239 1240 230
4 331 1268 1269 1271
4 1441 1438 300 1434
4 1406 1402 1315 1447
4 325 324 307 674
4 172 187 186 1961
4 265 1455 261 1449
4 1406 217 1320 213
4 1233 244 1299 245
4 1889 199 1959 200
4 1682 334 345 1657
4 1438 1437 301 300
4 1438 1405 296 1407
4 261 1408 1450 1418
4 1406 1431 1405 320
4 1233 1231 1103 1234
4 1324 1158 1155 268
4 65 792 797 1036
4 1323 217 1320 1406
4 297 1584 298 1546
4 2250 2224 93 2243
4 1725 219 237 1810
4 198 1969 1447 197
4 1549 1553 259 1551
4 1406 213 320 217
4 4 1263 1260 1223
4 796 800 801 43
4 220 238 237 1810
4 1441 1432 1424 1438
4 1536 1547 1594 298
4 1242 1354 1420 314
4 917 8 13 910
4 1426 1427 1429 1440
4 1673 1580 1582 1672
4 1406 213 1431 320
4 235 1106 234 1705
4 217 1447 198 1402
4 1667 1242 314 1489
4 1320 1431 1405 1406
4 1313 1447 1923 197
4 235 229 234 230
4 1313 1406 1323 1315
4 1241 1234 1239 230
4 1323 1313 217 1406
4 1829 1832 1313 1929
4 1727 219 237 1725
4 1313 1923 1447 1927
4 301 1448 1407 320
4 230 1106 229 234
4 1268 1236 1235 1239
4 1241 1240 1106 230
4 235 216 1240 1832
4 1234 243 1104 1105
4 288 291 290 1197
4 231 213 316 1431
4 51 67 50 993
4 1313 1406 1447 217
4 1313 1315 1447 1406
4 269 266 1903 265
4 1313 1402 1447 1315
4 212 1323 216 217
4 212 217 213 1323
4 889 814 51 31
4 216 1240 1832 1321
4 216 1321 1832 1313
4 212 1323 1240 216
4 235 1240 1705 1832
4 267 272 271 1767
4 212 213 1236 1320
4 212 1323 213 1320
4 1233 1234 244 245
4 1459 1555 1205 1549
4 277 300 278 1440
4 1245 330 1244 1242
4 235 1240 1106 1705
4 235 234 1106 230
4 235 1106 1240 230
4 102 1778 1779 103
4 1232 245 1298 1294
4 1232 1239 245 1238
4 240 250 254 2154
4 240 250 2154 236
4 231 1431 316 331
4 1241 1239 1236 1240
4 1241 230 1106 1234
4 1233 1234 1103 1105
4 1241 1106 1104 1234
4 1233 1105 244 1234
4 1234 230 1106 229
4 1232 245 1239 1234
4 1233 1299 1103 1282
4 1271 1267 1273 343
4 1271 1294 343 245
4 331 1431 1269 1268
4 1233 249 244 1116
4 1233 7 1299 1298
4 1233 245 7 1298
4 1233 1299 7 245
4 1271 1294 1267 343
4 1268 1319 1235 1320
4 1233 1116 26 249
4 1233 26 1116 1299
4 1233 26 244 249
4 1233 244 26 1299
4 1268 1239 1235 1238
4 1691 335 904 1692
4 231 1268 1239 1236
4 1268 1431 1319 1320
4 1268 1431 1320 213
4 1424 295 1429 1441
4 299 294 1426 1594
4 1211 306 1149 1212
4 331 1271 245 1238
4 1779 89 103 1778
4 231 331 1268 1431
4 231 245 1238 331
4 231 1268 1320 213
4 231 1268 213 1431
4 231 1239 1238 245
4 1245 314 315 330
4 1260 341 342 4
4 1424 1438 1432 295
4 1245 315 1251 330
4 299 294 295 1429
4 331 1271 1273 343
4 331 1273 1271 1269
4 331 316 1422 1431
4 331 1431 1422 1269
4 331 1251 1273 1269
4 1676 1668 329 1669
4 1420 1429 295 294
4 1245 1420 314 1242
4 1242 1533 1354 314
4 1245 330 1242 314
4 1438 1434 1437 300
4 1667 313 1580 314
4 306 285 1210 1575
4 309 310 326 686
4 1594 1426 1421 294
4 1653 1675 341 1676
4 299 295 300 1429
4 1269 1423 331 1251
4 315 331 316 1422
4 1423 295 1422 315
4 9 29 918 30
4 1682 345 340 1657
4 314 1580 1489 1533
4 2539 2575 2537 2538
4 1245 1250 1244 330
4 1652 1688 344 1693
4 1426 1428 1421 1429
4 1953 215 221 1952
4 298 1594 1593 1547
4 296 1438 300 295
4 1245 1423 1251 315
4 293 1536 298 1585
4 919 344 30 348
4 1424 1432 1422 295
4 1424 295 1422 1423
4 275 1548 298 276
4 1212 1210 1213 1147
4 1208 1170 1213 1206
4 896 349 351 897
4 1544 1546 1584 297
4 1574 1544 1591 297
4 1691 336 902 904
4 312 313 1673 328
4 1420 1428 1429 294
4 1420 295 315 294
4 902 919 921 348
4 330 1244 1242 314
4 1420 1423 295 1428
4 293 1535 1580 1533
4 1533 1354 1421 1534
4 895 893 1658 337
4 293 1594 298 1536
4 1665 1658 337 1692
4 1585 1546 1535 1536
4 1958 220 219 1898
4 1457 279 1404 1444
4 263 264 1159 1205
4 1421 1428 294 1429
4 892 28 29 805
4 327 1678 328 1685
4 1420 295 1429 1428
4 335 349 904 337
4 1665 893 1658 1586
4 1223 7 4 1263
4 1579 1553 1556 1552
4 1579 1556 1553 281
4 1685 1672 1670 329
4 852 862 34 906
4 1685 328 1672 329
4 1426 1594 1593 299
4 910 12 13 908
4 351 75 62 1030
4 1535 1533 1489 1580
4 78 1016 161 77
4 1692 895 1658 337
4 1682 1678 328 1681
4 1684 1686 318 312
4 1572 1574 297 1544
4 299 1426 1429 1440
4 302 1209 1563 1564
4 1536 298 1546 1547
4 1690 13 9 344
4 313 1585 1580 293
4 647 144 145 956
4 299 294 1429 1426
4 1137 1149 1135 1209
4 318 1589 322 317
4 299 1440 1425 1426
4 1055 74 75 1029
4 260 1595 259 282
4 298 1548 1546 1547
4 1538 1547 1593 1594
4 297 298 1548 1546
4 1207 1577 1556 1554
4 293 1594 1421 294
4 1070 144 145 159
4 1596 1443 1425 1593
4 832 351 1038 1039
4 1688 327 1678 334
4 913 891 49 921
4 314 1533 294 293
4 805 803 804 28
4 291 1800 634 1133
4 1536 1594 1547 1534
4 329 330 314 1244
4 1420 1251 1245 1423
4 805 802 28 862
4 344 13 9 345
4 318 317 1666 1589
4 293 1536 1535 1533
4 1591 1584 1581 1592
4 12 33 11 862
4 1691 335 336 904
4 1665 1664 1588 1586
4 1664 1665 1588 1666
4 348 49 30 921
4 1586 1590 1559 1588
4 1579 1556 1577 1554
4 2231 109 2232 2234
4 1245 1251 1250 330
4 330 1273 1250 1265
4 655 338 656 1037
4 895 894 893 337
4 1585 298 1546 1536
4 293 294 1421 1533
4 293 1534 1594 1536
4 293 1536 1533 1534
4 293 1421 1594 1534
4 293 1533 1421 1534
4 347 904 903 905
4 1242 314 1489 1533
4 1667 314 1242 1244
4 330 315 1251 331
4 346 345 13 1656
4 330 1251 1250 1273
4 330 331 1251 1273
4 1667 314 1580 1489
4 341 1261 329 1668
4 330 1250 1249 1265
4 582 596 727 579
4 330 1244 1249 1250
4 892 918 30 911
4 330 1265 343 1267
4 330 1267 1273 1265
4 330 343 1273 1267
4 347 905 336 904
4 740 1225 599 742
4 1249 1669 1667 329
4 291 271 272 1788
4 340 1668 341 329
4 2492 2527 165 2524
4 344 345 334 1688
4 805 28 29 862
4 1667 1244 1242 1489
4 329 330 1244 1249
4 331 1423 315 1251
4 919 348 30 921
4 329 1672 1669 1667
4 114 2232 2243 2588
4 334 1681 1682 328
4 329 1672 1670 1669
4 318 322 1589 1592
4 1652 1690 344 345
4 806 807 47 803
4 328 329 1670 1669
4 327 328 1673 1685
4 1695 333 1688 1694
4 328 1667 1673 1672
4 328 329 1667 1672
4 598 619 596 727
4 1685 1676 328 1670
4 806 47 28 803
4 1688 1678 1681 334
4 1676 328 329 1682
4 1669 1676 1670 328
4 1682 329 340 328
4 1682 1676 341 1668
4 1682 1668 341 340
4 1682 341 1676 340
4 1685 1676 1682 328
4 1682 340 329 1668
4 1673 1672 1670 1685
4 904 897 903 894
4 1678 328 1681 334
4 1688 333 327 334
4 800 43 44 801
4 312 327 313 328
4 919 921 30 918
4 1654 908 12 860
4 1695 1688 1693 1694
4 590 591 600 599
4 917 919 9 918
4 347 904 336 335
4 1653 341 1675 1655
4 327 1678 334 328
4 1654 860 17 736
4 11 33 32 848
4 892 48 47 806
4 806 804 28 805
4 806 805 28 892
4 335 337 895 1692
4 916 344 9 919
4 1037 828 1039 338
4 805 29 34 862
4 892 911 30 49
4 1693 1694 344 916
4 1590 1587 1589 1591
4 912 8 29 918
4 1654 18 12 908
4 919 9 30 344
4 918 921 30 49
4 806 892 48 891
4 2379 2382 2378 2394
4 344 1688 334 333
4 1653 1655 346 341
4 1544 1584 1541 1591
4 917 918 9 8
4 1655 1656 18 1654
4 913 921 349 898
4 1544 297 1584 1591
4 114 2243 2232 115
4 140 2670 2660 2668
4 109 113 2588 114
4 731 599 727 855
4 2668 140 2670 142
4 805 802 803 28
4 337 351 897 828
4 1662 336 1695 1691
4 1591 1589 1590 322
4 302 1563 1557 1561
4 1662 1687 1695 1689
4 146 2490 2494 2495
4 806 48 47 807
4 917 906 912 8
4 892 29 918 912
4 2588 109 114 2232
4 629 1087 1129 593
4 896 351 62 831
4 1690 9 13 916
4 740 1225 742 1616
4 1654 908 860 736
4 912 29 8 34
4 891 44 48 43
4 740 742 17 1616
4 1652 1687 1688 1693
4 2582 113 119 2578
4 911 918 30 49
4 1690 345 13 344
4 801 807 48 806
4 347 903 349 905
4 912 34 862 805
4 1616 0 1 1614
4 1654 17 0 1616
4 1690 910 13 1656
4 102 1779 1778 2012
4 891 911 49 921
4 891 48 49 892
4 891 49 911 892
4 1051 1070 1054 1052
4 1654 736 17 1616
4 916 1694 344 919
4 908 1690 1650 1656
4 853 11 848 862
4 853 848 11 849
4 1574 1590 1558 1561
4 853 11 861 849
4 1614 1220 1225 0
4 860 16 11 17
4 1616 742 17 1225
4 1616 17 0 1225
4 860 12 11 853
4 860 853 11 861
4 1693 1694 1688 344
4 852 34 912 906
4 860 742 16 17
4 860 861 11 849
4 860 849 742 861
4 1655 346 18 1656
4 860 849 16 742
4 860 11 16 849
4 1652 1688 1681 334
4 317 321 335 1665
4 908 906 12 853
4 908 853 12 860
4 1654 1616 1 1614
4 908 12 13 18
4 909 908 906 910
4 1652 334 1681 1657
4 1614 1225 1616 0
4 740 17 742 860
4 917 9 13 8
4 910 18 13 1656
4 852 848 853 850
4 916 9 13 917
4 910 908 18 1656
4 1657 334 1681 1682
4 910 13 18 908
4 1657 340 341 346
4 1693 1690 916 344
4 2613 2614 2658 2662
4 1652 344 1690 1693
4 1652 334 345 1688
4 1031 60 61 1035
4 288 285 1213 1212
4 1030 1029 75 1031
4 1655 1675 1 341
4 2012 97 102 1779
4 852 912 34 862
4 1690 13 345 1656
4 1657 340 1676 341
4 1652 1690 345 1656
4 916 13 910 917
4 914 8 918 917
4 910 13 12 8
4 910 8 12 906
4 1690 344 9 916
4 1657 1682 1676 340
4 896 62 44 831
4 831 62 44 800
4 797 61 66 1036
4 902 336 1694 348
4 831 62 1031 1030
4 1657 345 340 346
4 1690 916 13 910
4 896 62 351 349
4 317 332 1666 1665
4 1652 1656 345 1657
4 909 910 906 8
4 914 917 912 8
4 909 917 910 8
4 909 8 906 917
4 852 853 862 906
4 801 48 43 891
4 2251 2238 2244 2224
4 1650 1654 908 1656
4 339 325 672 674
4 1070 159 145 1073
4 949 2443 959 1013
4 1544 1548 1546 297
4 914 906 912 917
4 797 66 48 807
4 1030 75 62 1031
4 858 860 853 908
4 339 1043 1044 670
4 896 898 903 897
4 1031 61 60 74
4 2069 208 207 2068
4 797 807 48 801
4 1684 327 1685 1678
4 647 649 144 956
4 801 43 44 891
4 1030 1079 75 1029
4 801 806 48 891
4 905 348 336 902
4 1038 1030 75 351
4 908 910 1690 1656
4 2135 91 2132 2140
4 1055 1035 74 1029
4 140 155 153 2297
4 913 891 921 911
4 913 44 891 800
4 831 796 62 800
4 1031 74 60 1035
4 114 2536 2578 2222
4 302 306 305 1564
4 1029 1031 1028 1035
4 1662 1691 1692 335
4 338 337 827 828
4 831 1038 351 1030
4 339 672 670 674
4 1029 1035 74 1031
4 1029 74 75 1031
4 896 349 903 898
4 333 348 1694 336
4 904 349 897 337
4 894 897 828 337
4 2224 2243 2238 2244
4 339 338 1044 352
4 898 903 905 349
4 831 1030 1031 796
4 831 1031 62 796
4 913 44 49 891
4 1795 1788 1783 1797
4 2457 136 135 2550
4 832 831 351 896
4 1689 327 1678 333
4 831 62 1030 351
4 94 98 97 1802
4 832 1038 351 831
4 2648 2594 2073 2644
4 913 350 44 349
4 1691 1695 1694 336
4 1689 1688 333 1678
4 1665 321 335 337
4 650 644 643 641
4 2250 1802 1799 1757
4 1564 1211 306 305
4 1073 159 1043 1078
4 898 905 921 349
4 905 902 921 348
4 905 921 350 348
4 1583 313 1585 1582
4 905 350 921 349
4 905 919 921 902
4 1662 335 336 1691
4 1591 1592 1589 322
4 913 349 921 350
4 1143 1151 1149 1212
4 904 337 894 895
4 1204 683 666 689
4 1796 1797 1783 1801
4 317 1665 335 332
4 894 828 827 337
4 904 337 897 894
4 2250 94 93 1802
4 1143 1212 1149 305
4 731 727 599 597
4 896 44 800 831
4 896 800 44 913
4 332 336 333 1695
4 832 897 351 828
4 1577 1206 1575 1567
4 328 1682 345 340
4 323 893 321 1586
4 110 114 2232 115
4 832 351 897 896
4 347 349 903 904
4 1684 1686 312 327
4 832 1039 828 351
4 1572 1544 1566 1574
4 1665 337 1658 893
4 1689 333 1688 1695
4 654 652 656 653
4 1691 336 1694 902
4 245 6 244 1299
4 163 1055 79 158
4 332 1662 336 1695
4 904 897 349 903
4 28 46 27 803
4 290 1192 1133 1202
4 2503 2405 2403 2502
4 893 1658 1469 745
4 909 853 906 908
4 337 897 351 349
4 335 895 337 904
4 323 305 1209 1557
4 1689 1695 1688 1687
4 1037 656 827 338
4 2250 2243 2238 2224
4 332 1695 333 1662
4 1684 312 1673 327
4 335 1692 895 904
4 237 1749 238 1750
4 2250 2224 2238 2251
4 332 1662 1666 1665
4 1665 1692 337 335
4 1586 1559 1472 1588
4 1579 1571 281 1578
4 1584 1582 1583 1585
4 1665 1588 321 1586
4 302 303 306 1564
4 1457 1444 1454 1453
4 1206 1575 1567 1210
4 332 333 1689 1662
4 332 1662 1689 1666
4 1544 1546 1542 1584
4 1686 1666 1589 1592
4 643 133 132 704
4 1684 327 1678 1686
4 1583 1673 313 1582
4 1576 1572 1566 1574
4 1586 321 1590 1588
4 1574 1558 1590 1591
4 1571 1578 1565 1540
4 1212 306 285 1210
4 703 326 111 702
4 1795 1783 1788 1787
4 1589 321 1590 322
4 1665 337 893 321
4 1043 1041 352 1044
4 2225 2012 97 2540
4 291 634 1800 311
4 303 280 1575 1576
4 2076 2117 2003 101
4 2664 2670 2668 2666
4 319 293 298 1585
4 1570 1576 1568 1572
4 743 1557 1469 323
4 319 313 293 1585
4 1577 280 1575 285
4 323 337 893 827
4 624 598 594 600
4 1684 318 1583 312
4 332 335 1692 1665
4 332 1665 1692 1662
4 332 1692 335 1662
4 1589 1590 321 1588
4 1584 1585 1546 1542
4 743 1136 323 324
4 1589 321 322 317
4 1589 1588 321 1665
4 1589 1665 1666 1588
4 318 1584 1592 1583
4 1684 1673 1685 327
4 1589 1665 321 317
4 1589 317 1666 1665
4 1583 313 1673 312
4 655 324 657 656
4 1684 1583 1673 312
4 1592 318 1684 1686
4 1212 285 1213 1210
4 1591 1584 1592 297
4 318 1589 1666 1592
4 333 1694 348 344
4 1591 318 322 297
4 328 345 1682 334
4 1686 1666 1592 318
4 319 1583 1585 1584
4 319 1585 298 1546
4 319 1546 298 1584
4 319 1584 1585 1546
4 1591 1587 1589 1592
4 318 317 332 333
4 1581 1583 1592 1584
4 1686 332 1689 1666
4 1686 333 1689 332
4 1686 1689 333 327
4 582 596 619 727
4 1686 318 317 1666
4 1686 333 317 318
4 743 1469 893 323
4 325 128 145 672
4 1686 317 332 1666
4 1686 333 332 317
4 1686 327 1678 1689
4 743 324 656 653
4 2540 101 97 96
4 2051 2052 204 1883
4 302 1561 1590 303
4 666 1143 1151 1142
4 1442 277 1440 1443
4 339 672 145 669
4 1801 1757 94 1800
4 1209 1149 1135 1211
4 740 599 1225 590
4 1207 1206 286 1577
4 2015 1324 269 1902
4 1577 285 1575 1206
4 2023 1777 2009 89
4 2250 2248 116 634
4 265 1450 1902 264
4 1414 1443 1419 1442
4 257 1419 282 277
4 1208 1174 1172 289
4 276 1593 1594 299
4 303 1574 297 1572
4 674 675 676 668
4 342 341 1 4
4 1540 1593 1547 276
4 1041 338 1039 352
4 1136 323 1209 1557
4 280 1568 1575 1576
4 1077 1029 75 1079
4 1564 1562 1576 1575
4 1591 1592 322 318
4 1564 1211 1209 1563
4 703 2248 635 702
4 1788 272 1795 271
4 1016 1027 1017 1022
4 280 1576 1572 1568
4 312 318 333 1686
4 1157 1205 1172 1159
4 686 689 666 683
4 302 303 1564 1561
4 302 305 1209 1564
4 1579 1568 280 1571
4 59 56 58 2209
4 1561 1574 1576 1560
4 285 1210 1575 1206
4 674 676 657 668
4 339 670 1044 655
4 2117 2132 90 2133
4 650 132 133 128
4 272 1766 1765 1767
4 1795 1787 1788 1198
4 1208 1206 1213 285
4 1207 286 1172 263
4 699 704 133 643
4 281 263 286 1556
4 1204 666 1142 689
4 1555 259 1553 1556
4 1575 1570 1576 1568
4 1007 1015 2524 161
4 2250 1799 1802 2251
4 1137 1149 305 1143
4 185 184 1865 1870
4 275 297 1548 1544
4 271 1197 289 267
4 1208 286 289 267
4 1564 1210 1562 1575
4 2550 112 135 2551
4 743 656 338 827
4 655 1044 338 1037
4 339 128 145 325
4 338 1039 351 828
4 745 743 1469 893
4 1211 1210 306 1212
4 303 1591 322 297
4 2250 634 116 1757
4 687 683 689 686
4 2222 2224 2243 114
4 303 1561 1590 1574
4 704 133 110 111
4 130 2586 2583 2531
4 1208 289 288 1174
4 703 698 704 699
4 263 268 267 1159
4 288 308 285 1212
4 1201 1213 1212 288
4 743 1469 1557 1136
4 302 1564 1563 1561
4 338 827 337 323
4 303 1561 1576 1564
4 329 1261 330 1249
4 338 828 351 337
4 338 325 655 324
4 303 1574 1576 1561
4 188 210 2090 208
4 213 230 212 1236
4 2234 643 132 704
4 1563 1471 1557 1559
4 702 634 116 635
4 626 627 628 558
4 305 1149 306 1212
4 305 306 1149 1211
4 305 1211 1149 1209
4 1564 1209 1211 305
4 135 137 2446 138
4 2367 2255 2369 2413
4 1564 1562 1210 1211
4 1564 1210 306 1211
4 303 1575 280 1564
4 303 1576 1574 1572
4 303 280 1576 1572
4 303 1590 322 1591
4 303 1574 1590 1591
4 323 321 893 337
4 1143 306 1212 305
4 667 666 1143 307
4 302 1557 1559 1561
4 302 1559 1590 1561
4 302 1563 1209 1557
4 302 1557 1209 305
4 302 1590 1559 1586
4 302 1586 1559 1557
4 335 904 349 347
4 323 1469 893 1586
4 323 1557 1469 1586
4 743 1136 1557 323
4 743 324 323 656
4 1137 323 1209 1136
4 702 634 635 636
4 290 1202 1133 1204
4 743 656 1136 653
4 1137 305 1149 1209
4 652 653 1136 656
4 1613 1219 1220 1614
4 1204 310 666 683
4 2250 116 94 1757
4 2234 2228 643 2232
4 2251 2220 1774 2224
4 1204 666 1143 1151
4 1202 1193 1192 1133
4 743 338 323 827
4 1041 1039 1038 352
4 219 236 1727 237
4 1197 1174 289 1177
4 339 325 145 672
4 647 127 144 649
4 743 323 338 656
4 324 338 323 656
4 1041 352 1044 338
4 1137 1143 307 667
4 668 307 667 657
4 653 1137 1136 324
4 326 699 325 696
4 1137 323 305 1209
4 653 657 667 1137
4 1137 1143 305 307
4 324 657 667 307
4 324 307 667 1137
4 324 667 657 1137
4 743 653 1136 324
4 324 1136 323 1137
4 653 656 657 324
4 653 657 1137 324
4 2441 640 957 959
4 352 1039 1038 351
4 2250 93 115 2243
4 339 352 1044 1043
4 676 653 657 667
4 122 2645 2646 2668
4 339 1044 338 655
4 1409 1450 264 1326
4 273 272 268 2024
4 655 656 338 324
4 647 956 145 1073
4 652 656 1136 743
4 288 306 285 308
4 1037 338 1039 1044
4 1077 1055 75 1029
4 1055 1071 1018 1059
4 1197 1193 1192 1202
4 1041 1038 1079 352
4 158 1055 74 75
4 650 647 127 648
4 1800 1133 1132 634
4 1077 1079 75 352
4 325 674 668 696
4 325 674 696 672
4 130 135 2456 136
4 650 133 132 643
4 703 635 2248 701
4 28 46 803 47
4 1802 1797 1774 1796
4 668 667 307 666
4 1077 75 1055 159
4 2133 2139 178 2096
4 2402 167 152 2400
4 261 284 262 1456
4 2234 650 643 641
4 1015 82 77 1017
4 2012 1772 97 1779
4 1070 145 144 1073
4 1070 1071 158 159
4 1012 1051 158 1054
4 647 145 144 127
4 1070 1077 159 1078
4 63 77 1026 64
4 672 696 695 675
4 674 324 657 655
4 2668 2647 2645 2669
4 699 648 128 672
4 2589 114 113 2578
4 1070 1073 1078 159
4 2541 2538 2575 2539
4 1197 1195 1201 1174
4 2232 110 115 2248
4 699 650 698 643
4 1777 1763 1793 2023
4 1802 1797 98 1774
4 2114 107 90 2076
4 1070 159 1077 1071
4 1077 1078 352 159
4 1174 288 1213 1201
4 955 1073 956 647
4 1031 1036 1028 1035
4 1078 1043 1041 352
4 158 159 1055 75
4 1802 1801 1799 1757
4 1013 1012 162 157
4 1070 144 159 158
4 1054 143 158 157
4 955 1070 1052 956
4 215 234 233 1705
4 2234 110 2232 704
4 1071 159 1055 158
4 2493 2511 151 2495
4 2588 108 109 2586
4 1013 157 143 1054
4 648 669 646 647
4 2250 1757 94 1802
4 2526 2525 1004 80
4 702 311 116 634
4 2234 110 132 109
4 956 144 145 1073
4 704 111 110 2248
4 956 1070 144 1073
4 736 742 860 740
4 861 731 855 849
4 1012 158 157 1054
4 686 326 325 696
4 648 128 672 669
4 648 145 128 669
4 648 647 145 669
4 648 145 127 128
4 648 127 145 647
4 309 326 325 686
4 702 2248 111 704
4 162 1009 1011 1008
4 699 133 128 650
4 2250 1802 93 2251
4 1052 1073 1070 955
4 181 1879 201 180
4 2023 87 272 1793
4 699 643 133 650
4 704 2248 110 2249
4 2250 635 2235 2248
4 703 133 111 326
4 703 704 2248 702
4 309 325 668 686
4 650 128 127 132
4 2559 118 138 2544
4 1012 1018 1011 162
4 959 1013 148 143
4 2297 153 2300 155
4 2245 2248 2249 2238
4 686 325 668 696
4 643 2232 2249 704
4 2511 2439 2505 2459
4 704 2249 701 2248
4 699 698 704 643
4 2232 2248 115 2243
4 135 146 2505 151
4 1007 1011 2524 1009
4 2521 2407 85 2404
4 121 137 117 2658
4 1012 162 163 1018
4 1012 162 1011 1008
4 1775 1797 1774 1779
4 1802 1801 1797 1796
4 2234 641 132 650
4 2249 2232 2238 2248
4 1208 289 285 288
4 2248 115 116 111
4 2132 2114 2117 2115
4 274 270 175 2101
4 118 135 112 2559
4 1886 1712 1711 224
4 1757 116 94 634
4 2243 2248 115 2238
4 1197 1202 1192 290
4 264 268 1159 1158
4 284 301 304 1457
4 704 110 133 132
4 2224 114 92 2243
4 636 634 1133 683
4 263 286 1172 1208
4 686 703 702 326
4 2232 2245 2238 2243
4 290 310 308 1204
4 140 153 137 2297
4 2106 274 2107 273
4 1779 87 89 2023
4 264 268 1158 1324
4 2012 1778 1773 1772
4 2553 2585 113 2582
4 788 63 45 1024
4 1326 1324 264 1549
4 303 321 1590 302
4 2076 107 90 2117
4 104 122 99 2646
4 1800 1757 634 1132
4 1207 1556 263 1205
4 2224 93 115 92
4 1800 1757 94 634
4 1800 1192 1132 1133
4 2599 119 2538 2598
4 2559 135 112 2551
4 1801 1788 1800 292
4 1801 1797 1783 1788
4 1579 280 1568 1577
4 1201 1212 1147 1151
4 702 683 634 636
4 702 116 111 635
4 309 325 674 668
4 703 699 133 326
4 703 701 2248 704
4 309 686 666 310
4 309 307 674 325
4 309 307 666 668
4 311 94 116 634
4 311 1800 94 634
4 2009 2010 2115 2132
4 2251 2224 1802 93
4 2012 2011 2540 1771
4 292 87 98 1797
4 292 1795 87 1797
4 2559 135 2551 138
4 292 1795 1797 1788
4 702 111 2248 635
4 126 210 125 2677
4 2506 2447 153 2445
4 193 2078 188 192
4 2224 93 97 1774
4 2220 1774 1802 2251
4 1802 1757 94 1801
4 2102 2101 1906 270
4 2234 2232 110 109
4 2250 115 116 2248
4 2243 92 115 114
4 2250 2238 115 2248
4 1779 2023 89 1777
4 2224 93 1774 1802
4 2225 2540 1771 2012
4 175 2101 1871 2091
4 1445 1444 300 278
4 2250 2235 635 1757
4 130 135 129 2456
4 2250 2251 93 2224
4 113 136 130 2586
4 2540 101 2011 2014
4 1779 1775 1772 1774
4 2538 96 95 2540
4 1802 97 93 1774
4 2234 132 110 704
4 2224 115 93 2243
4 2135 2106 2023 273
4 2049 2050 194 190
4 1778 2009 1777 89
4 2114 2083 107 2076
4 2583 130 136 2586
4 2250 94 116 115
4 2250 634 635 2248
4 2494 146 147 2490
4 178 2093 2097 2096
4 2135 2132 88 2010
4 2140 274 2141 2104
4 275 297 1572 303
4 1779 1778 1777 89
4 2024 1765 1763 1793
4 2012 1778 1772 1779
4 2559 112 118 2557
4 2133 2132 91 2139
4 140 141 139 2670
4 2140 2141 274 2139
4 2017 1764 1766 1758
4 1884 223 1883 224
4 272 268 1765 1766
4 2671 242 156 2417
4 2012 102 2010 1778
4 2106 273 91 274
4 2024 1764 1765 2017
4 650 127 128 648
4 704 110 2232 2249
4 291 1800 94 311
4 687 702 683 686
4 1015 1017 77 1014
4 1013 1009 148 162
4 2521 85 83 2404
4 650 649 127 647
4 2228 643 2232 2249
4 2234 109 132 131
4 2223 2536 2539 2578
4 2401 2407 85 169
4 2660 140 139 2670
4 2517 151 150 2511
4 2297 153 137 2300
4 650 643 644 698
4 2231 2232 2228 2234
4 2520 167 152 168
4 2446 2543 138 2447
4 2660 2410 2659 2408
4 699 672 128 325
4 699 325 696 672
4 699 696 695 672
4 699 672 695 648
4 703 696 680 699
4 1204 666 310 308
4 309 674 307 668
4 703 699 680 698
4 1201 1213 1147 1212
4 703 704 133 699
4 1204 1199 1133 683
4 309 668 666 686
4 1260 1675 341 4
4 308 306 285 1212
4 687 703 702 686
4 288 308 1212 1151
4 1204 1151 1143 308
4 309 324 307 325
4 686 696 699 326
4 686 326 699 703
4 686 699 696 703
4 955 669 647 646
4 955 669 1073 647
4 310 686 702 326
4 310 683 702 686
4 310 686 666 683
4 118 135 2559 138
4 310 111 326 702
4 310 683 634 702
4 310 634 311 702
4 1201 1151 1202 288
4 1204 1151 1142 666
4 310 683 1133 634
4 310 634 1133 311
4 308 1143 666 307
4 1197 1174 288 289
4 65 77 64 1022
4 1201 1202 1151 1200
4 308 1143 1212 1151
4 308 306 1212 1143
4 1669 1261 1668 329
4 1201 288 1212 1151
4 2096 177 178 2133
4 263 1208 1172 267
4 272 89 2023 273
4 264 1324 269 2015
4 1159 1175 1177 1172
4 1202 1204 1199 1133
4 1202 1200 1199 1204
4 1202 1204 1151 1200
4 291 1800 1192 1788
4 263 267 286 1208
4 1208 286 1206 285
4 291 1192 1133 290
4 1174 1213 1170 1201
4 288 308 1151 1204
4 288 1204 1151 1202
4 290 288 1202 1204
4 290 1204 308 288
4 290 310 683 1133
4 290 1133 683 1204
4 290 683 310 1204
4 291 1133 1192 1800
4 2014 2117 101 2003
4 274 175 178 2101
4 291 292 1800 1788
4 264 269 268 2015
4 264 1158 1159 1205
4 1208 1213 1170 1174
4 1158 1155 268 1159
4 1197 1193 1202 1195
4 1595 1553 281 1578
4 275 303 1572 280
4 2135 2009 2132 2010
4 1159 1177 1175 1176
4 1793 1795 87 272
4 291 1133 634 311
4 1208 288 1213 1174
4 1208 285 1213 288
4 267 1174 289 1172
4 1208 267 289 1172
4 1766 268 1155 1176
4 2140 2139 91 2132
4 272 1767 268 1766
4 273 268 2017 2024
4 1197 1202 1201 1195
4 1197 290 288 1202
4 1673 328 313 1667
4 1197 1201 1202 288
4 1197 1174 1201 288
4 1197 267 1198 1177
4 1197 1177 289 267
4 291 1788 1192 271
4 135 137 134 2446
4 2447 150 2506 153
4 271 1197 267 1198
4 271 1198 1192 1197
4 271 1788 1198 1795
4 271 1198 1788 1192
4 1207 1577 286 1556
4 323 307 1137 305
4 291 1192 290 1197
4 291 1197 289 271
4 291 271 1192 1197
4 2135 90 2132 91
4 1414 282 277 1596
4 263 1159 1172 1205
4 1595 259 1553 1551
4 275 297 298 1548
4 2140 274 91 2139
4 1705 234 233 1706
4 1207 263 1172 1205
4 1964 1962 262 1456
4 1556 280 286 281
4 1159 268 267 1176
4 1159 1177 267 1172
4 1159 1176 1155 268
4 277 299 1593 276
4 1903 1962 265 1964
4 1970 1963 172 266
4 1549 259 1205 263
4 2645 99 2674 2644
4 2139 274 178 2141
4 264 1902 1324 1450
4 2010 89 88 2135
4 2367 222 2252 2413
4 263 267 1172 1159
4 1540 1547 1548 276
4 1409 1549 259 1551
4 264 1324 1902 269
4 312 333 327 1686
4 323 1137 307 324
4 1556 281 1577 280
4 1596 1540 1537 1578
4 1571 276 1578 1540
4 263 268 1159 264
4 1595 1550 1553 1578
4 1596 276 277 1443
4 2104 269 2102 2107
4 1409 1408 1450 1326
4 1324 1155 1158 1154
4 1207 1206 1577 1554
4 173 2099 2050 2097
4 1409 1549 264 259
4 1549 1555 259 1553
4 1549 1555 1205 259
4 291 272 292 1788
4 1207 1555 1556 1205
4 279 278 1444 1454
4 1549 1459 1555 1551
4 291 98 94 1800
4 265 1408 1450 261
4 1595 1553 259 281
4 1414 1443 277 1419
4 1409 1551 1415 1331
4 343 342 4 1263
4 1571 1540 1548 275
4 1596 1540 1578 276
4 261 260 1418 1450
4 1556 1553 281 259
4 314 328 1667 313
4 1568 1579 1577 1569
4 1445 1442 1413 278
4 1207 286 1206 1208
4 1207 286 263 1556
4 1207 1172 286 1208
4 1579 1571 1569 1568
4 1555 259 263 1205
4 1555 1205 263 1556
4 1555 263 259 1556
4 1595 281 259 282
4 275 1572 297 1544
4 1596 276 1593 1540
4 276 298 1593 1547
4 276 299 1594 298
4 1326 264 1324 1450
4 1579 280 281 1571
4 1571 1540 275 276
4 1445 1434 1442 278
4 1549 1205 1158 264
4 1549 1205 264 263
4 1549 263 264 259
4 1574 1541 1591 1544
4 892 47 28 806
4 1596 1593 276 1443
4 2023 2009 2135 89
4 1414 277 1443 1596
4 1409 1551 259 1595
4 1540 276 1548 275
4 1454 1413 283 278
4 1922 1973 1879 202
4 275 1544 1548 1572
4 276 1594 1593 298
4 1579 281 280 1577
4 1571 1548 1572 275
4 1571 280 1572 1568
4 1443 1593 276 277
4 2140 2106 91 274
4 2050 190 2048 2099
4 2139 2096 2093 178
4 1596 1593 1537 1540
4 1571 280 281 275
4 1571 276 281 1578
4 1571 281 276 275
4 279 284 283 1454
4 1579 1578 1553 1552
4 1579 281 1553 1578
4 1579 1578 1565 1571
4 1962 1967 1449 1456
4 278 300 1434 1440
4 1414 1442 1419 1416
4 1443 299 1440 1425
4 1443 277 299 1593
4 1443 299 1425 1593
4 1443 1440 299 277
4 1402 1404 1448 1403
4 260 1418 1450 1409
4 1409 1415 1551 1595
4 258 278 1413 1419
4 1962 265 261 1449
4 1596 1595 1578 1550
4 1596 1578 281 276
4 1586 302 305 1557
4 1596 282 281 1595
4 1596 281 1578 1595
4 1414 1419 1415 1416
4 1444 1413 278 1445
4 260 1415 1418 1409
4 1408 1325 1450 1326
4 1409 1418 1450 1408
4 1771 2012 1773 1772
4 1442 1419 277 1443
4 193 2078 2081 194
4 2106 2104 2107 274
4 1449 1456 1455 261
4 325 699 133 128
4 1414 1595 282 1596
4 1414 282 1595 1415
4 1414 277 282 1419
4 1414 1419 282 1415
4 260 259 1595 1409
4 260 1450 264 1409
4 1418 1415 1419 1417
4 1409 264 1549 1326
4 307 310 666 308
4 260 264 259 1409
4 1326 1549 1158 1324
4 1962 262 1456 265
4 338 655 325 339
4 1797 98 292 1801
4 258 261 1455 1413
4 1434 300 1445 1437
4 278 1440 1434 1442
4 1793 1797 87 1795
4 203 198 1969 1446
4 1331 1549 1409 1551
4 2017 268 2015 1766
4 1903 1902 269 265
4 1875 171 174 191
4 174 175 1872 2094
4 307 310 309 666
4 1758 2015 1154 1155
4 173 194 176 2050
4 295 1422 316 296
4 1975 1970 187 287
4 258 1418 1455 261
4 260 1418 1415 1419
4 260 1415 1595 282
4 260 1595 1415 1409
4 1445 300 1434 278
4 655 674 325 339
4 29 47 28 892
4 258 257 1418 261
4 1444 1445 300 1437
4 185 191 186 1882
4 1454 1455 283 1413
4 318 312 313 1583
4 1454 283 1455 1456
4 278 1442 277 1440
4 261 1455 1408 1418
4 258 1413 283 261
4 623 19 23 610
4 266 1963 270 1964
4 258 1418 1419 1413
4 182 287 284 1974
4 1413 261 1455 283
4 283 261 1455 1456
4 153 155 154 2398
4 2085 177 2096 2121
4 186 1880 1878 1961
4 1962 1456 261 265
4 4 1263 342 1260
4 258 283 1413 278
4 278 1419 1442 1413
4 258 1455 1418 1413
4 1453 1444 1454 279
4 265 1902 269 264
4 200 201 1953 1957
4 178 2097 177 2096
4 257 1415 282 1419
4 257 260 1415 1419
4 257 282 1415 260
4 257 1419 1418 260
4 257 260 1418 261
4 174 178 2097 177
4 258 1419 1418 257
4 318 313 319 1583
4 265 1456 261 262
4 265 1455 1408 261
4 1965 1967 1964 266
4 265 1449 1408 1455
4 284 1454 1456 283
4 1450 265 1449 1408
4 1961 186 171 1878
4 1869 1882 191 185
4 1962 1450 1902 265
4 1962 261 1456 1449
4 1767 271 1198 1795
4 140 142 141 2670
4 1871 1963 270 175
4 1872 1871 175 1963
4 1871 1906 270 1963
4 2107 2100 269 2102
4 1971 1975 187 182
4 298 294 1594 293
4 1953 1827 215 1952
4 2017 1155 2015 1758
4 2017 2100 2015 269
4 171 175 1872 174
4 1973 203 1458 1972
4 2139 178 2093 2141
4 2091 1872 1871 175
4 2409 2671 2414 2663
4 1767 1787 1198 1165
4 272 1795 271 1767
4 2023 1793 272 2024
4 1964 265 262 1962
4 1968 1975 287 1970
4 266 265 262 1964
4 273 2024 2017 2107
4 203 1446 1969 1458
4 121 140 137 2658
4 2135 2009 2115 2132
4 1879 1973 1922 1944
4 181 1971 187 182
4 174 175 2097 178
4 1968 284 262 287
4 1878 1875 171 1872
4 1965 266 1963 1970
4 29 48 47 892
4 172 186 171 1961
4 215 233 214 1705
4 1965 266 287 1968
4 231 1239 244 230
4 2413 225 2656 2415
4 1878 171 1875 186
4 89 90 88 2135
4 172 171 1878 1961
4 1922 201 1924 1923
4 203 198 1448 304
4 2094 2091 175 1872
4 172 1878 171 1872
4 226 2051 222 225
4 188 183 2055 2077
4 231 244 1239 245
4 2085 2098 2097 176
4 2100 2015 269 1902
4 1903 1964 270 1906
4 273 2017 268 269
4 178 2093 2091 2094
4 178 2091 175 2094
4 178 175 2097 2094
4 178 2097 2093 2094
4 234 247 233 1126
4 1875 171 1872 174
4 1875 1872 2094 174
4 84 167 2521 168
4 2599 101 100 2003
4 184 1867 1864 1865
4 1922 202 1923 1969
4 272 1795 87 292
4 186 1875 191 171
4 172 1872 175 1963
4 1971 1877 1880 1961
4 2014 2117 2003 2005
4 2114 2117 90 2133
4 2139 91 178 274
4 2671 2654 2657 2414
4 185 179 184 1870
4 1922 202 196 1923
4 1922 1921 202 1969
4 1457 279 1444 1453
4 2140 274 2104 2106
4 124 140 2668 142
4 1404 304 1457 1448
4 200 219 1958 220
4 1953 1951 1957 1924
4 2223 2539 2541 2578
4 19 624 629 20
4 1457 1458 304 1453
4 172 175 1872 171
4 1879 1877 1880 1971
4 1453 279 1454 284
4 1973 1972 1458 1969
4 11 32 10 848
4 1973 1921 1969 202
4 2141 2093 2091 178
4 1970 1961 187 172
4 201 1953 215 221
4 216 212 230 1240
4 304 301 198 1448
4 203 1974 1458 1972
4 203 304 1458 1974
4 203 304 1448 1458
4 304 1448 1404 301
4 296 1405 316 1407
4 181 187 1961 186
4 1965 266 1968 1967
4 1965 287 266 1970
4 1965 1968 1970 1975
4 1965 1964 1963 266
4 1874 1963 1871 1872
4 182 1975 287 1974
4 182 1972 1974 203
4 182 187 287 1975
4 1922 202 1921 1973
4 2050 176 2098 2085
4 1971 1974 1975 182
4 181 1961 1880 186
4 203 198 1446 1448
4 203 1448 1446 1458
4 202 203 198 1969
4 202 1969 197 1923
4 2023 2024 1763 1793
4 1922 196 201 1923
4 1923 1921 1922 1969
4 200 1953 1958 1957
4 202 198 197 1969
4 1973 1969 1458 203
4 202 197 198 203
4 1793 1765 1795 272
4 1973 203 1972 182
4 1971 1974 1973 1975
4 1973 1969 203 202
4 1973 202 203 182
4 1968 287 262 266
4 1903 1962 1902 265
4 1767 1198 267 1176
4 1932 1951 201 1957
4 2141 2091 2101 178
4 1973 1972 1974 182
4 1973 182 1974 1971
4 2594 2599 2011 2600
4 1965 1968 287 1970
4 1472 1586 1557 1559
4 181 1971 1961 187
4 181 1880 1961 1971
4 181 1879 1880 1971
4 181 1971 182 1973
4 181 182 202 1973
4 181 1973 202 1879
4 181 1879 1971 1944
4 181 1944 1971 1973
4 181 1973 1879 1944
4 1968 1974 287 1975
4 2594 2011 2599 2003
4 2446 137 2447 138
4 1968 1456 284 1453
4 1453 304 284 1974
4 1453 1974 1458 304
4 1457 301 1404 279
4 216 230 235 1240
4 1457 1404 301 304
4 1457 304 284 1453
4 1457 284 279 1453
4 1968 1974 284 287
4 1968 284 1974 1453
4 321 302 305 1586
4 1586 305 323 1557
4 2673 2671 142 2670
4 1967 262 1456 1964
4 1967 266 262 1964
4 1967 1968 262 266
4 1967 1456 262 1968
4 1874 1872 1878 172
4 1874 1878 1961 172
4 1874 172 1961 1970
4 1874 1963 1872 172
4 1874 1970 1963 172
4 2656 226 2649 2676
4 78 60 1034 65
4 1767 1165 1198 1176
4 272 1765 1795 1767
4 2445 2398 2300 153
4 1903 269 1902 2100
4 1903 2102 269 2100
4 298 1584 318 319
4 1903 270 269 2102
4 1903 2102 1906 270
4 65 797 66 1036
4 272 2023 89 87
4 1766 1155 268 2015
4 1165 1177 1198 1176
4 125 210 209 2677
4 2024 272 1765 1793
4 2017 1766 1155 1758
4 2017 2107 2100 269
4 1779 1772 97 1774
4 298 318 1584 297
4 1767 267 1198 271
4 1767 1176 268 1766
4 1767 1198 1787 1795
4 2017 2015 1155 1766
4 1767 267 268 1176
4 2073 101 106 2003
4 2024 268 1765 272
4 273 2023 272 2024
4 2135 2106 91 2140
4 2017 2015 268 269
4 2017 1766 1764 1765
4 2411 156 242 2417
4 2671 2411 156 2409
4 2076 2117 2005 2003
4 274 2107 269 2104
4 125 209 124 2677
4 1073 159 145 1043
4 1779 97 98 1774
4 2024 1765 268 1766
4 2024 1766 268 2017
4 2024 2017 1765 1766
4 180 1932 1934 1933
4 273 2017 269 2107
4 274 269 270 2102
4 274 2104 269 2102
4 32 51 31 889
4 2106 2107 2024 273
4 2614 117 2555 2544
4 2106 273 2024 2023
4 1929 1953 215 196
4 274 2101 178 2141
4 274 2101 2141 2104
4 274 270 2101 2102
4 274 2102 2101 2104
4 193 2086 2081 2075
4 2369 2413 2415 2416
4 2599 2011 101 2003
4 2674 105 104 125
4 2133 91 178 2139
4 352 145 159 1043
4 1778 1773 1772 1775
4 2417 256 2396 242
4 352 339 145 1043
4 1889 205 1891 199
4 2568 2578 2589 2579
4 2538 95 2599 2540
4 1779 1793 87 2023
4 93 96 92 2223
4 2667 124 2672 2646
4 2076 2003 106 101
4 2396 2371 2416 242
4 2073 2075 105 2674
4 184 1864 1867 206
4 193 2082 2090 192
4 65 807 797 792
4 2648 99 100 123
4 2674 125 126 105
4 2117 88 2132 2010
4 208 188 2055 2060
4 207 2068 2066 2069
4 2579 2536 2222 2578
4 1009 146 160 2490
4 1778 2010 88 102
4 1779 1797 98 87
4 2135 89 91 273
4 2671 2417 156 2411
4 2413 226 2051 2649
4 2648 2594 2003 2073
4 2114 90 2117 2076
4 1779 1797 87 1793
4 2135 273 91 2106
4 1778 88 89 102
4 1779 98 1797 1774
4 1779 1777 1793 2023
4 1779 1778 1772 1775
4 2135 2023 89 273
4 137 2297 2611 140
4 206 200 199 1889
4 2671 2414 2657 227
4 2644 2003 2594 2073
4 2073 99 104 105
4 2014 2010 88 2117
4 2014 2012 102 2010
4 2014 102 88 2010
4 2659 2668 2670 2666
4 2520 152 153 168
4 228 225 2656 226
4 2117 88 90 2132
4 123 2662 122 2613
4 2114 2133 107 2083
4 185 1870 1882 1881
4 2389 256 2396 2358
4 2080 125 126 2674
4 2050 173 2097 176
4 2673 2653 228 2657
4 2083 106 107 2076
4 2673 2657 228 2671
4 2668 124 125 122
4 48 66 65 807
4 2078 2082 2089 2090
4 2055 1864 205 1887
4 223 218 1712 224
4 1959 1958 1957 200
4 2648 2003 100 2073
4 2054 207 2052 2067
4 2080 126 105 2674
4 2230 2243 2245 2232
4 2072 2076 2005 2003
4 2667 2664 2673 2672
4 59 56 2209 57
4 2099 173 190 174
4 2075 106 2076 2072
4 2648 122 99 123
4 2648 100 2003 2599
4 180 200 1934 201
4 46 63 45 788
4 2075 2076 106 2083
4 216 1832 234 215
4 2073 2072 2003 2076
4 1705 233 214 1706
4 2437 2440 2439 2456
4 2413 225 2252 2051
4 2495 150 2517 151
4 1894 200 1958 1959
4 2648 2599 2003 2594
4 2073 2003 106 2076
4 2073 100 99 105
4 2073 2076 106 2072
4 2389 256 2397 2396
4 2121 2096 2133 2083
4 2644 104 99 2674
4 2644 99 104 2073
4 2648 123 100 2599
4 2648 2647 122 123
4 193 2078 2090 2082
4 2644 105 104 2674
4 2644 2073 105 2674
4 2644 104 105 2073
4 2091 178 175 2101
4 2648 99 122 2647
4 2648 100 99 2073
4 2648 2073 99 2644
4 2671 227 2657 228
4 2071 2674 2075 2073
4 2646 2674 104 125
4 2645 2647 99 2648
4 2645 99 2644 2648
4 180 1880 1879 1881
4 1884 1886 224 1883
4 2447 138 137 2543
4 2074 2083 2076 2075
4 2408 155 139 140
4 2646 104 2674 2645
4 2646 2674 125 2677
4 2659 2410 2409 2670
4 2645 99 104 2674
4 2645 122 99 2647
4 176 2097 177 173
4 1864 206 1887 1889
4 146 165 2495 151
4 2050 176 2097 2098
4 2389 2396 2383 2358
4 2071 105 2674 2080
4 2071 2075 105 2080
4 213 230 1236 231
4 2389 256 2390 2386
4 184 1867 179 206
4 1932 1957 201 1934
4 200 1957 1934 201
4 180 1879 1880 181
4 1971 1970 1961 187
4 1870 1934 179 1867
4 224 199 1899 1891
4 1957 1953 1924 201
4 2050 2085 194 176
4 1864 1889 1867 206
4 1932 1934 1933 1957
4 2672 209 2673 2653
4 210 2082 2080 211
4 188 2090 210 192
4 1869 1875 191 1882
4 185 180 179 1870
4 2653 2676 228 2656
4 2677 2674 125 2080
4 226 2051 204 223
4 1866 1870 1865 1867
4 1889 1887 1891 205
4 1884 223 204 1883
4 185 1880 1881 1882
4 206 200 1934 179
4 1959 200 1957 1934
4 1882 1880 1878 186
4 264 260 261 1450
4 224 199 1891 205
4 193 2079 2080 2081
4 173 2097 177 174
4 190 1869 191 185
4 206 179 1934 1867
4 210 2082 211 192
4 206 199 205 1889
4 1889 1891 1894 199
4 206 205 1887 1889
4 1864 205 1887 206
4 1869 1870 1882 185
4 2011 2599 2540 2600
4 230 244 243 1234
4 199 1891 1894 1899
4 199 1894 1959 200
4 199 200 1958 1894
4 199 1958 1898 1894
4 199 1898 219 1899
4 199 1894 1898 1899
4 1882 1878 1875 186
4 2389 2386 2387 2397
4 1803 240 2147 1709
4 2675 2672 2653 209
4 1889 1894 1959 199
4 206 1867 1959 1889
4 206 1959 200 1889
4 206 1934 200 1959
4 206 1867 1934 1959
4 2069 2060 2090 188
4 224 218 1712 1711
4 193 2080 2079 2082
4 185 1881 1880 180
4 2099 190 2048 1869
4 185 180 1880 186
4 185 1881 180 1870
4 1024 63 1026 64
4 2055 1864 2047 1865
4 118 121 117 2555
4 2085 2096 177 2097
4 1832 1705 234 215
4 267 272 1767 268
4 183 1864 205 2055
4 193 211 2080 2082
4 2057 2055 205 1887
4 126 211 210 2677
4 183 184 1864 1865
4 183 1865 1864 2055
4 183 2047 1865 2055
4 2078 2082 2081 2089
4 2049 2078 2077 2090
4 2057 2055 2060 208
4 2668 2646 2669 2645
4 81 68 63 1005
4 1870 179 1934 180
4 1870 1934 1881 180
4 2085 2097 177 176
4 1870 1865 1867 184
4 1870 1867 179 184
4 2086 2075 2083 2074
4 190 2048 1869 185
4 2649 2051 2252 1976
4 1866 185 1865 1870
4 1866 1869 185 1870
4 1866 1865 185 1869
4 195 2083 107 2133
4 2085 176 195 194
4 2048 185 184 1865
4 2048 1869 185 1865
4 1239 230 231 1236
4 2085 177 2121 195
4 224 199 219 1899
4 30 48 29 892
4 2086 2081 2075 2074
4 2086 105 106 2075
4 193 2075 105 2086
4 2658 2666 2662 2668
4 195 2083 2133 2096
4 195 2083 2096 2121
4 195 2096 177 2121
4 1026 77 76 1027
4 2085 2121 2083 195
4 124 140 121 2668
4 2099 1869 191 190
4 2099 1875 191 1869
4 2099 1875 2094 174
4 2099 191 174 190
4 201 220 200 1953
4 193 192 211 2082
4 2077 183 2055 2047
4 189 2049 190 2048
4 205 223 204 1884
4 2099 174 2097 173
4 2049 190 2048 2050
4 1803 2147 239 222
4 2099 174 191 1875
4 193 2086 194 2081
4 2050 173 190 2099
4 2670 141 139 2410
4 2099 2094 2097 174
4 193 2090 2078 192
4 2078 2086 2081 194
4 224 219 218 1711
4 193 2082 2079 2081
4 193 105 2075 2080
4 2049 2078 2050 2046
4 230 1240 1236 1239
4 201 215 1953 196
4 193 2082 2081 2078
4 193 2086 106 194
4 2078 2046 2085 2050
4 2078 2085 194 2050
4 223 240 1712 218
4 2078 2085 2086 194
4 193 2080 2075 2081
4 219 236 218 1727
4 1810 233 238 1704
4 2367 2147 2252 1803
4 2653 228 2657 2656
4 81 63 76 1005
4 205 223 1884 224
4 2675 209 2066 2677
4 41 19 39 610
4 788 63 1024 64
4 189 2077 183 188
4 1958 200 220 1953
4 1564 285 306 1575
4 193 211 126 2080
4 193 126 105 2080
4 188 2077 2060 2090
4 188 2055 2060 2077
4 189 184 2048 190
4 189 2047 183 2077
4 189 2049 2047 2077
4 189 2078 194 2049
4 189 194 2078 193
4 189 183 1865 184
4 189 184 1865 2048
4 189 183 2047 1865
4 189 1865 2047 2048
4 189 2048 2047 2049
4 2667 2646 2669 2668
4 2675 2672 209 2677
4 1810 233 1704 214
4 224 219 1711 1899
4 208 2069 188 2060
4 2409 156 141 2410
4 2054 2068 207 2067
4 1803 239 2147 240
4 2671 2414 242 2417
4 220 233 238 1810
4 1803 1709 1712 240
4 2051 1883 223 1803
4 1803 2147 1712 1709
4 298 294 299 1594
4 1886 224 1899 1891
4 2051 222 2252 1803
4 2052 204 1883 1884
4 2051 204 223 1883
4 2051 223 222 1803
4 101 105 100 2073
4 2375 2275 2403 2377
4 208 183 2055 188
4 251 237 246 1740
4 1886 224 1711 1899
4 2371 2397 2370 2374
4 1884 205 1891 1887
4 1883 1712 224 223
4 1883 1803 1712 223
4 2367 2373 2210 241
4 2413 226 2649 2656
4 1884 1891 224 1886
4 1708 1709 1712 2147
4 1708 1710 1712 1709
4 1708 1803 2147 1712
4 2371 2374 2373 241
4 1884 1891 205 224
4 228 226 2676 207
4 226 2052 204 2051
4 2413 241 225 2416
4 2057 205 204 1884
4 2677 2066 2080 210
4 177 2133 2096 195
4 153 164 150 2520
4 208 2069 2090 188
4 226 223 222 2051
4 2656 228 2657 227
4 2544 2545 117 138
4 2057 1887 205 1884
4 2656 228 226 2676
4 2521 83 84 2504
4 2367 2210 2373 2254
4 295 316 1422 315
4 25 2 21 1093
4 2067 2060 2069 208
4 2371 255 2374 241
4 2358 256 2396 2417
4 2057 207 2067 2052
4 226 204 2052 207
4 2413 225 2051 226
4 2057 1884 204 2052
4 2057 208 2060 2067
4 2068 207 2067 208
4 2057 208 2067 207
4 2054 2676 207 2068
4 180 200 179 1934
4 2416 225 227 242
4 2057 204 205 208
4 2057 207 204 208
4 2057 2052 204 207
4 2057 205 2055 183
4 2057 183 2055 208
4 2057 208 205 183
4 93 96 2223 97
4 241 2210 2374 2373
4 226 2051 2649 2054
4 226 207 2052 2054
4 226 2052 2051 2054
4 226 2054 2676 207
4 226 2649 2676 2054
4 2671 2411 2409 2417
4 153 168 164 2520
4 2670 2671 2409 2663
4 2673 228 142 2671
4 2369 2371 2373 2367
4 169 2402 170 2364
4 2658 121 2668 2662
4 2671 2414 2417 2409
4 2415 2657 2656 2655
4 2668 125 124 2646
4 2415 2656 2657 227
4 2369 2367 2413 241
4 2413 225 222 2252
4 256 2395 2397 255
4 2371 242 241 2416
4 2369 2367 241 2371
4 2368 2371 2416 2396
4 2671 2414 227 242
4 2413 2656 225 226
4 2396 2371 2397 2370
4 241 2374 2210 239
4 2369 2413 2416 241
4 2371 2397 2374 255
4 2416 241 225 242
4 2544 117 118 138
4 188 2090 2049 2077
4 2369 241 2416 2371
4 2417 2396 2416 242
4 2413 2416 225 2415
4 2367 222 2147 1803
4 2367 1803 2252 222
4 256 255 2397 2371
4 2389 256 2386 2397
4 2358 2417 242 256
4 2367 239 2210 222
4 2367 241 239 222
4 2367 2210 239 241
4 2367 222 225 241
4 2367 241 225 2413
4 2367 225 222 2413
4 209 2653 228 2673
4 2369 2255 2415 2413
4 2440 2494 2439 129
4 256 2397 2395 2386
4 256 2386 2395 255
4 237 1810 238 1749
4 2644 2645 2646 2674
4 256 86 2390 2386
4 2658 2660 121 140
4 2351 154 2408 2354
4 2354 2297 155 2408
4 256 72 86 2386
4 65 77 1022 78
4 256 2396 242 2371
4 2090 210 2082 2069
4 256 2371 242 241
4 256 2371 2397 2396
4 256 241 255 2371
4 2412 2409 156 2411
4 2664 2671 2673 2670
4 2411 2355 2417 2358
4 2069 2090 210 208
4 2557 119 118 2555
4 209 2068 207 2676
4 301 1448 217 198
4 1968 262 284 1456
4 2066 2082 2080 210
4 2414 2417 2416 242
4 2505 135 2446 2457
4 2662 2668 2647 122
4 2411 242 156 2358
4 2671 156 141 2409
4 2414 2415 2654 2657
4 2670 142 141 2671
4 2362 86 2407 2392
4 201 1879 1932 180
4 2670 141 2410 2409
4 2646 99 104 2645
4 2646 125 124 2677
4 2586 2583 2585 136
4 2414 242 2415 227
4 2414 2416 2415 242
4 2414 2415 2657 227
4 140 2614 137 2658
4 2300 153 137 2447
4 188 2078 2049 2090
4 2401 169 85 2362
4 848 850 849 853
4 2495 150 164 2517
4 2225 1771 1772 2012
4 2646 2677 124 2672
4 230 1236 1240 212
4 2664 2668 124 2667
4 2668 121 124 122
4 2506 2509 153 2507
4 216 234 1832 235
4 2677 2066 210 209
4 284 301 1457 279
4 46 63 788 64
4 2668 2645 2647 122
4 2408 2659 139 2410
4 2659 2670 139 2410
4 145 1043 669 1073
4 165 164 2492 2495
4 2672 124 2673 209
4 2672 2677 124 209
4 153 154 152 2398
4 209 2676 228 2653
4 2401 2521 2407 169
4 237 1749 1750 1727
4 1832 234 1705 235
4 2677 210 2080 211
4 2675 2653 2676 209
4 2675 2676 2068 209
4 2402 169 167 2400
4 2677 2080 126 211
4 2677 125 126 2080
4 2408 139 155 154
4 2506 2445 153 2509
4 2664 124 142 2673
4 2553 2557 112 2559
4 2667 2668 124 2646
4 2662 122 121 2668
4 2490 160 1009 161
4 266 187 1970 287
4 2614 137 2545 2611
4 2664 2673 142 2670
4 173 194 2050 190
4 190 194 2049 189
4 2090 192 188 2078
4 2664 2667 124 2672
4 2664 124 2673 2672
4 2664 142 124 2668
4 2445 2398 153 2509
4 2300 2354 2297 155
4 2545 138 137 117
4 2598 123 2599 2554
4 2660 2659 139 2408
4 2505 135 151 134
4 230 243 229 1234
4 2545 137 138 2543
4 197 215 196 1832
4 2362 2407 2359 2392
4 2545 137 2543 2447
4 184 206 205 1864
4 193 188 2078 189
4 2300 2445 153 2447
4 2660 139 140 2408
4 2222 2244 2243 2224
4 266 187 172 1970
4 168 167 2521 2519
4 2233 149 132 649
4 2578 120 119 2575
4 2530 2231 2531 2529
4 2223 2225 96 2541
4 2598 2599 123 2648
4 2544 2545 138 2543
4 2222 114 92 2224
4 228 225 227 2656
4 220 237 219 1810
4 2578 2575 96 120
4 1448 217 1402 320
4 2540 2011 101 2599
4 2297 2408 140 155
4 143 162 157 1013
4 2658 2668 121 2660
4 2225 97 96 2540
4 201 221 220 1953
4 2457 2550 135 2551
4 2668 2670 2664 142
4 2660 2668 2670 2659
4 2225 1772 97 2012
4 169 2521 2407 85
4 2537 2538 119 2598
4 2300 2447 137 2293
4 2598 123 2647 2648
4 2078 194 2049 2050
4 188 2078 189 2049
4 2660 2670 139 2659
4 2293 2447 137 2545
4 2223 92 2224 2222
4 2614 2611 2545 2544
4 2401 170 2362 2364
4 140 137 2614 2611
4 2412 2411 156 2365
4 2553 113 112 2582
4 2522 2527 80 164
4 2538 2225 2541 96
4 2614 117 121 2662
4 2614 2662 121 2658
4 2614 121 117 2658
4 154 141 2412 139
4 2351 154 2412 2408
4 2225 97 1772 1774
4 2066 210 2069 2082
4 2538 2540 2225 96
4 2225 1774 1772 2220
4 2575 119 95 120
4 2575 95 96 120
4 2555 2544 117 118
4 161 147 146 1009
4 2557 2575 119 2554
4 2557 2554 119 2555
4 2520 2509 152 2508
4 2588 2529 2586 2231
4 184 205 183 1864
4 137 150 2447 153
4 227 242 156 2671
4 2578 2575 119 2582
4 2582 2557 2575 119
4 2401 2400 169 2402
4 2412 141 2410 139
4 2589 2578 113 2582
4 2585 113 2582 2589
4 2553 2582 112 2557
4 2559 118 2544 2555
4 2553 112 113 2585
4 2540 2012 102 2014
4 2540 102 101 2014
4 2540 101 102 97
4 2540 97 102 2012
4 2225 2219 2220 1772
4 2568 2222 2589 2578
4 2506 2445 2446 2447
4 2441 2443 131 148
4 2541 2575 96 2578
4 2541 2539 2575 2578
4 2541 95 96 2575
4 2541 2538 95 2575
4 2541 96 95 2538
4 2223 92 93 2224
4 2223 93 97 2224
4 2223 97 1774 2224
4 2223 1774 97 2225
4 2223 2224 1774 2220
4 2223 2220 1774 2225
4 2223 2219 2220 2225
4 2090 210 192 2082
4 139 2412 154 2408
4 2223 2578 96 120
4 2550 2585 112 2553
4 2401 2362 2407 2359
4 2401 85 2407 2362
4 2353 2354 154 2351
4 1002 80 2525 2527
4 2559 2557 118 2555
4 2613 117 2662 2555
4 119 2554 2598 2599
4 2520 2508 152 2519
4 2520 2509 150 153
4 2505 150 151 2511
4 2586 2589 113 2585
4 2506 153 150 2507
4 181 201 1879 202
4 175 1871 2101 270
4 2551 138 135 2446
4 165 164 2527 2492
4 2551 2543 138 2446
4 2551 2553 112 2559
4 1827 215 1929 1953
4 2551 138 2543 2559
4 2613 2662 122 2555
4 2598 2662 123 2613
4 2614 2545 117 2544
4 1009 146 2490 147
4 161 146 160 1009
4 1012 1008 1009 162
4 2412 2411 2410 2409
4 119 2538 2537 2575
4 1022 77 64 1027
4 170 156 242 2358
4 2351 2354 2408 2297
4 2297 2611 140 2408
4 2412 2356 2411 2365
4 2527 1002 80 81
4 237 1725 1810 1727
4 170 86 85 2362
4 170 2364 2365 2366
4 170 86 2390 256
4 170 2358 2366 2365
4 170 2411 156 2358
4 170 2365 2411 2358
4 170 156 2411 2365
4 170 2364 2366 2362
4 170 256 2390 2389
4 170 2389 2390 2366
4 170 2366 2390 2362
4 170 2390 86 2362
4 170 2389 2358 256
4 170 2358 2389 2366
4 208 2069 2066 210
4 2398 2354 155 154
4 2353 154 2354 2352
4 2492 2490 2495 2491
4 2353 2351 154 2412
4 2660 2614 2611 140
4 200 1958 219 199
4 2353 2412 156 170
4 2353 154 156 2412
4 2355 2396 2417 2358
4 2398 2300 155 2354
4 2398 2300 153 155
4 2401 2400 2399 169
4 2398 2300 2354 2352
4 168 2523 84 164
4 2520 150 2509 2507
4 104 125 122 2646
4 2513 2523 2521 168
4 165 81 82 2527
4 2398 152 153 2509
4 119 123 122 2554
4 2508 2400 152 2519
4 2398 2354 154 2352
4 162 1009 147 161
4 79 162 1018 163
4 1007 161 2524 1011
4 2505 2511 151 2493
4 2522 2525 80 2527
4 168 164 2513 2523
4 2521 2504 2501 2404
4 348 350 49 921
4 1054 1052 1070 956
4 1015 165 2527 2524
4 2402 2398 154 2352
4 2402 152 154 2398
4 2402 2352 154 2353
4 169 154 2353 2402
4 1958 219 199 1898
4 2439 129 146 2493
4 2526 2525 80 2500
4 2401 2362 170 169
4 2520 2511 2517 150
4 2401 2364 2360 2402
4 2400 2398 152 2402
4 2506 2457 2505 2446
4 301 316 320 1407
4 2512 2399 2519 2521
4 2401 2399 2521 169
4 2401 2407 2521 2399
4 167 169 85 2521
4 167 2519 152 2400
4 301 316 1407 296
4 168 2521 84 2523
4 167 2400 2399 2519
4 167 169 2399 2400
4 167 169 2521 2399
4 167 2521 2519 2399
4 36 54 35 566
4 2512 2404 2399 2521
4 2400 2398 2509 152
4 2520 2509 2508 2507
4 2520 2519 152 167
4 2522 80 2525 2500
4 2550 2585 136 113
4 122 2646 2645 99
4 2233 132 641 650
4 2505 2493 129 2439
4 2440 130 147 129
4 2517 2516 2513 164
4 2520 168 2513 2519
4 2516 2495 164 2517
4 1012 158 163 157
4 2517 150 164 2520
4 2520 153 152 2509
4 2520 164 2513 168
4 2507 153 150 2509
4 165 150 2495 151
4 301 217 1448 320
4 2668 122 125 2646
4 2493 2495 2517 2511
4 1788 1795 272 292
4 1026 77 1027 64
4 1054 143 144 158
4 2495 2511 151 2517
4 1013 1009 162 1012
4 209 142 2673 228
4 959 956 144 649
4 949 2494 2433 2443
4 1015 81 1002 2527
4 1015 77 82 1016
4 2517 164 2513 2520
4 1012 163 1051 1018
4 2588 2231 2230 2529
4 2494 129 146 2439
4 680 703 686 696
4 1054 158 144 1070
4 2233 131 132 149
4 1015 82 81 2527
4 163 1071 1055 158
4 41 23 19 610
4 889 51 814 52
4 2135 90 88 2132
4 2443 148 147 130
4 160 165 2492 2495
4 1 17 0 1654
4 1448 1402 217 198
4 1012 163 158 1051
4 2550 113 112 2585
4 2490 2524 2495 160
4 78 60 73 1034
4 1011 77 82 166
4 1011 82 77 1016
4 198 216 1447 217
4 2490 1009 2524 161
4 2490 161 2524 160
4 2440 147 2443 2494
4 166 1015 2524 165
4 166 82 2527 165
4 166 165 2527 1015
4 166 2527 82 1015
4 160 2492 165 2524
4 160 2495 2492 2524
4 198 216 197 1447
4 1011 82 1016 1015
4 1011 166 82 1015
4 2456 129 130 2440
4 1054 1051 158 1071
4 2505 2456 135 2457
4 270 1963 172 175
4 161 166 77 1011
4 1010 1018 1016 1011
4 161 1009 2524 1011
4 2443 130 131 148
4 161 166 2524 160
4 161 166 1015 2524
4 161 1015 166 1011
4 1018 1059 79 1055
4 2516 164 2492 2522
4 2504 84 2523 2500
4 1018 1021 79 1059
4 162 148 147 1009
4 2527 2492 164 2522
4 959 143 1054 1013
4 2588 2231 2586 109
4 2494 147 2443 949
4 163 1071 158 1051
4 163 1051 1018 1071
4 163 1018 1055 1071
4 163 79 1055 1018
4 1021 1018 1016 1019
4 2441 131 130 2437
4 2494 147 146 129
4 2494 2439 146 2493
4 119 122 118 2554
4 162 1016 78 1018
4 162 1018 1011 1016
4 959 148 144 143
4 1054 1070 144 956
4 1054 1071 158 1070
4 1754 1122 1121 1755
4 2456 2439 129 2440
4 284 304 203 1974
4 959 144 149 649
4 2588 2589 113 2586
4 2490 2495 2491 2494
4 959 149 144 148
4 2550 136 112 113
4 2433 2490 2494 949
4 1012 1010 1011 1018
4 2588 2586 113 108
4 2457 135 2446 2551
4 680 686 703 687
4 949 147 148 1009
4 949 1009 148 1013
4 949 148 147 2443
4 949 1013 148 2443
4 2588 2243 114 2222
4 2494 147 1009 2490
4 2440 129 147 2494
4 2516 164 2495 2492
4 2505 129 135 2456
4 2494 146 2495 2493
4 2505 2456 2439 129
4 2494 1009 147 949
4 2550 2553 112 2551
4 2441 130 131 2443
4 1009 2494 2490 949
4 2583 2585 136 2550
4 2233 649 132 650
4 2506 2446 134 2447
4 2231 2531 2586 109
4 2457 135 136 2456
4 2459 2456 2439 2505
4 2233 132 131 2234
4 270 172 1963 266
4 2440 147 130 2443
4 207 2066 2068 209
4 2437 2440 130 2443
4 2233 2437 131 2441
4 2069 207 208 2066
4 210 2066 207 209
4 2441 2437 130 2443
4 284 203 182 1974
4 2588 114 113 2589
4 156 170 169 2353
4 2586 2585 113 136
4 2441 649 149 2233
4 2441 957 2443 959
4 132 144 127 649
4 2493 2440 2494 2439
4 154 167 2402 169
4 2583 2456 136 130
4 2457 2456 136 2550
4 2441 131 149 148
4 2441 2233 640 649
4 2441 149 131 2233
4 2441 2443 148 959
4 2588 2230 2243 2222
4 2233 641 132 2234
4 2437 2456 130 2440
4 2437 130 2456 2583
4 2437 2583 2456 2436
4 2531 131 108 109
4 2531 109 108 2586
4 154 2402 167 152
4 2531 2583 130 2437
4 2531 130 131 2437
4 2531 108 131 130
4 2588 2230 2232 2243
4 2231 109 131 2531
4 2231 2531 131 2233
4 2231 131 109 2234
4 2231 2233 131 2234
4 2530 2531 2586 2529
4 2530 2583 2586 2531
4 2530 2436 2583 2437
4 2530 2437 2583 2531
4 2441 148 149 959
4 2441 149 649 959
4 2441 959 649 640
4 2505 146 2493 151
4 132 144 649 149
4 2588 2230 2222 2568
4 2588 2231 2232 2230
4 2588 109 2232 2231
4 2588 2222 114 2589
4 2588 2568 2222 2589
4 2505 2446 135 134
4 2505 2506 2446 134
4 2505 151 150 134
4 2505 134 150 2506
4 2505 2507 150 2511
4 2505 150 2507 2506
4 15 36 14 579
4 2446 2447 137 134
4 341 18 1 1655
4 15 37 36 579
4 9 29 8 918
4 245 6 1299 7
4 1 18 17 1654
4 1800 98 94 1801
4 254 40 2201 250
4 78 161 1016 162
4 803 46 795 47
4 1800 292 98 1801
4 1016 1011 161 77
4 1024 63 45 1026
4 12 34 33 862
4 65 807 66 797
4 63 77 76 1026
4 623 23 19 629
4 48 61 797 43
4 343 4 7 1263
4 91 177 90 2133
4 61 796 1031 797
4 310 291 1133 290
4 610 39 38 576
4 24 19 629 20
4 24 19 23 629
4 41 38 610 39
4 610 38 40 576
4 194 2086 2083 2085
4 96 100 95 2540
4 2540 2599 100 95
4 1051 1070 1071 1054
4 1754 1121 1122 1083
4 1128 1089 1116 1091
4 1220 3 1225 0
4 1706 1097 1705 1098
4 1101 1126 1125 1105
4 1209 1471 1557 1563
4 1236 1319 1320 1235
4 1240 1320 1323 212
4 1249 1667 1244 329
4 331 1423 1422 315
4 1269 1423 1422 331
4 1668 1260 341 1261
4 1268 1422 1431 1269
4 1407 301 1437 1404
4 1447 1448 198 1402
4 1407 1437 301 1438
4 1438 1405 1432 296
4 1450 1449 265 1962
4 1419 1445 1442 1413
4 1444 1413 1454 278
4 1424 1429 295 1428
4 1560 1564 1576 1561
4 1592 1684 318 1583
4 1653 1614 1655 1675
4 1655 1616 1654 1614
4 1657 1655 346 1653
4 1676 329 1668 1682
4 1676 328 1669 329
4 1682 1678 1685 328
4 1695 1693 1688 1687
4 1700 1753 1752 1704
4 2012 2011 2014 2540
4 1779 1773 1778 1775
4 1775 1797 1796 1774
4 2010 89 1778 88
4 2009 89 1778 2010
4 1803 1976 2252 2051
4 1952 1925 1953 1826
4 1929 1927 1923 1829
4 2117 2072 2076 2005
4 2083 2081 2086 2074
4 2132 2114 2133 2117
4 2233 2437 2531 131
4 2250 2244 2251 2238
4 2383 2397 2396 2389
4 2511 2439 2493 2505
4 2492 2490 2524 2495
4 2504 2523 84 2521
4 119 2598 2554 2537
4 100 2554 2599 123
4 123 2662 2647 122
4 2598 2662 2647 123
4 2660 2658 2614 140
4 2614 137 117 2545
4 2667 2645 2669 2646
CELL_TYPES 4067
10
10
10
10
10
10
10
10
10
10
10
10
10
10
10
10
10
10
10
10
10
10
10
10
10
10
10
10
10
10
10
10
10
10
10
10
10
10
10
10
10
10
10
10
10
10
10
10
10
10
10
10
10
10
10
10
10
10
10
10
10
10
10
10
10
10
10
10
10
10
10
10
10
10
10
10
10
10
10
10
10
10
10
10
10
10
10
10
10
10
10
10
10
10
10
10
10
10
10
10
10
10
10
10
10
10
10
10
10
10
10
10
10
10
10
10
10
10
10
10
10
10
10
10
10
10
10
10
10
10
10
10
10
10
10
10
10
10
10
10
10
10
10
10
10
10
10
10
10
10
10
10
10
10
10
10
10
10
10
10
10
10
10
10
10
10
10
10
10
10
10
10
10
10
10
10
10
10
10
10
10
10
10
10
10
10
10
10
10
10
10
10
10
10
10
10
10
10
10
10
10
10
10
10
10
10
10
10
10
10
10
10
10
10
10
10
10
10
10
10
10
10
10
10
10
10
10
10
10
10
10
10
10
10
10
10
10
10
10
10
10
10
10
10
10
10
10
10
10
10
10
10
10
10
10
10
10
10
10
10
10
10
10
10
10
10
10
10
10
10
10
10
10
10
10
10
10
10
10
10
10
10
10
10
10
10
10
10
10
10
10
10
10
10
10
10
10
10
10
10
10
10
10
10
10
10
10
10
10
10
10
10
10
10
10
10
10
10
10
10
10
10
10
10
10
10
10
10
10
10
10
10
10
10
10
10
10
10
10
10
10
10
10
10
10
10
10
10
10
10
10
10
10
10
10
10
10
10
10
10
10
10
10
10
10
10
10
10
10
10
10
10
10
10
10
10
10
10
10
10
10
10
10
10
10
10
10
10
10
10
10
10
10
10
10
10
10
10
10
10
10
10
10
10
10
10
10
10
10
10
10
10
10
10
10
10
10
10
10
10
10
10
10
10
10
10
10
10
10
10
10
10
10
10
10
10
10
10
10
10
10
10
10
10
10
10
10
10
10
10
10
10
10
10
10
10
10
10
10
10
10
10
10
10
10
10
10
10
10
10
10
10
10
10
10
10
10
10
10
10
10
10
10
10
10
10
10
10
10
10
10
10
10
10
10
10
10
10
10
10
10
10
10
10
10
10
10
10
10
10
10
10
10
10
10
10
10
10
10
10
10
10
10
10
10
10
10
10
10
10
10
10
10
10
10
10
10
10
10
10
10
10
10
10
10
10
10
10
10
10
10
10
10
10
10
10
10
10
10
10
10
10
10
10
10
10
10
10
10
10
10
10
10
10
10
10
10
10
10
10
10
10
10
10
10
10
10
10
10
10
10
10
10
10
10
10
10
10
10
10
10
10
10
10
10
10
10
10
10
10
10
10
10
10
10
10
10
10
10
10
10
10
10
10
10
10
10
10
10
10
10
10
10
10
10
10
10
10
10
10
10
10
10
10
10
10
10
10
10
10
10
10
10
10
10
10
10
10
10
10
10
10
10
10
10
10
10
10
10
10
10
10
10
10
10
10
10
10
10
10
10
10
10
10
10
10
10
10
10
10
10
10
10
10
10
10
10
10
10
10
10
10
10
10
10
10
10
10
10
10
10
10
10
10
10
10
10
10
10
10
10
10
10
10
10
10
10
10
10
10
10
10
10
10
10
10
10
10
10
10
10
10
10
10
10
10
10
10
10
10
10
10
10
10
10
10
10
10
10
10
10
10
10
10
10
10
10
10
10
10
10
10
10
10
10
10
10
10
10
10
10
10
10
10
10
10
10
10
10
10
10
10
10
10
10
10
10
10
10
10
10
10
10
10
10
10
10
10
10
10
10
10
10
10
10
10
10
10
10
10
10
10
10
10
10
10
10
10
10
10
10
10
10
10
10
10
10
10
10
10
10
10
10
10
10
10
10
10
10
10
10
10
10
10
10
10
10
10
10
10
10
10
10
10
10
10
10
10
10
10
10
10
10
10
10
10
10
10
10
10
10
10
10
10
10
10
10
10
10
10
10
10
10
10
10
10
10
10
10
10
10
10
10
10
10
10
10
10
10
10
10
10
10
10
10
10
10
10
10
10
10
10
10
10
10
10
10
10
10
10
10
10
10
10
10
10
10
10
10
10
10
10
10
10
10
10
10
10
10
10
10
10
10
10
10
10
10
10
10
10
10
10
10
10
10
10
10
10
10
10
10
10
10
10
10
10
10
10
10
10
10
10
10
10
10
10
10
10
10
10
10
10
10
10
10
10
10
10
10
10
10
10
10
10
10
10
10
10
10
10
10
10
10
10
10
10
10
10
10
10
10
10
10
10
10
10
10
10
10
10
10
10
10
10
10
10
10
10
10
10
10
10
10
10
10
10
10
10
10
10
10
10
10
10
10
10
10
10
10
10
10
10
10
10
10
10
10
10
10
10
10
10
10
10
10
10
10
10
10
10
10
10
10
10
10
10
10
10
10
10
10
10
10
10
10
10
10
10
10
10
10
10
10
10
10
10
10
10
10
10
10
10
10
10
10
10
10
10
10
10
10
10
10
10
10
10
10
10
10
10
10
10
10
10
10
10
10
10
10
10
10
10
10
10
10
10
10
10
10
10
10
10
10
10
10
10
10
10
10
10
10
10
10
10
10
10
10
10
10
10
10
10
10
10
10
10
10
10
10
10
10
10
10
10
10
10
10
10
10
10
10
10
10
10
10
10
10
10
10
10
10
10
10
10
10
10
10
10
10
10
10
10
10
10
10
10
10
10
10
10
10
10
10
10
10
10
10
10
10
10
10
10
10
10
10
10
10
10
10
10
10
10
10
10
10
10
10
10
10
10
10
10
10
10
10
10
10
10
10
10
10
10
10
10
10
10
10
10
10
10
10
10
10
10
10
10
10
10
10
10
10
10
10
10
10
10
10
10
10
10
10
10
10
10
10
10
10
10
10
10
10
10
10
10
10
10
10
10
10
10
10
10
10
10
10
10
10
10
10
10
10
10
10
10
10
10
10
10
10
10
10
10
10
10
10
10
10
10
10
10
10
10
10
10
10
10
10
10
10
10
10
10
10
10
10
10
10
10
10
10
10
10
10
10
10
10
10
10
10
10
10
10
10
10
10
10
10
10
10
10
10
10
10
10
10
10
10
10
10
10
10
10
10
10
10
10
10
10
10
10
10
10
10
10
10
10
10
10
10
10
10
10
10
10
10
10
10
10
10
10
10
10
10
10
10
10
10
10
10
10
10
10
10
10
10
10
10
10
10
10
10
10
10
10
10
10
10
10
10
10
10
10
10
10
10
10
10
10
10
10
10
10
10
10
10
10
10
10
10
10
10
10
10
10
10
10
10
10
10
10
10
10
10
10
10
10
10
10
10
10
10
10
10
10
10
10
10
10
10
10
10
10
10
10
10
10
10
10
10
10
10
10
10
10
10
10
10
10
10
10
10
10
10
10
10
10
10
10
10
10
10
10
10
10
10
10
10
10
10
10
10
10
10
10
10
10
10
10
10
10
10
10
10
10
10
10
10
10
10
10
10
10
10
10
10
10
10
10
10
10
10
10
10
10
10
10
10
10
10
10
10
10
10
10
10
10
10
10
10
10
10
10
10
10
10
10
10
10
10
10
10
10
10
10
10
10
10
10
10
10
10
10
10
10
10
10
10
10
10
10
10
10
10
10
10
10
10
10
10
10
10
10
10
10
10
10
10
10
10
10
10
10
10
10
10
10
10
10
10
10
10
10
10
10
10
10
10
10
10
10
10
10
10
10
10
10
10
10
10
10
10
10
10
10
10
10
10
10
10
10
10
10
10
10
10
10
10
10
10
10
10
10
10
10
10
10
10
10
10
10
10
10
10
10
10
10
10
10
10
10
10
10
10
10
10
10
10
10
10
10
10
10
10
10
10
10
10
10
10
10
10
10
10
10
10
10
10
10
10
10
10
10
10
10
10
10
10
10
10
10
10
10
10
10
10
10
10
10
10
10
10
10
10
10
10
10
10
10
10
10
10
10
10
10
10
10
10
10
10
10
10
10
10
10
10
10
10
10
10
10
10
10
10
10
10
10
10
10
10
10
10
10
10
10
10
10
10
10
10
10
10
10
10
10
10
10
10
10
10
10
10
10
10
10
10
10
10
10
10
10
10
10
10
10
10
10
10
10
10
10
10
10
10
10
10
10
10
10
10
10
10
10
10
10
10
10
10
10
10
10
10
10
10
10
10
10
10
10
10
10
10
10
10
10
10
10
10
10
10
10
10
10
10
10
10
10
10
10
10
10
10
10
10
10
10
10
10
10
10
10
10
10
10
10
10
10
10
10
10
10
10
10
10
10
10
10
10
10
10
10
10
10
10
10
10
10
10
10
10
10
10
10
10
10
10
10
10
10
10
10
10
10
10
10
10
10
10
10
10
10
10
10
10
10
10
10
10
10
10
10
10
10
10
10
10
10
10
10
10
10
10
10
10
10
10
10
10
10
10
10
10
10
10
10
10
10
10
10
10
10
10
10
10
10
10
10
10
10
10
10
10
10
10
10
10
10
10
10
10
10
10
10
10
10
10
10
10
10
10
10
10
10
10
10
10
10
10
10
10
10
10
10
10
10
10
10
10
10
10
10
10
10
10
10
10
10
10
10
10
10
10
10
10
10
10
10
10
10
10
10
10
10
10
10
10
10
10
10
10
10
10
10
10
10
10
10
10
10
10
10
10
10
10
10
10
10
10
10
10
10
10
10
10
10
10
10
10
10
10
10
10
10
10
10
10
10
10
10
10
10
10
10
10
10
10
10
10
10
10
10
10
10
10
10
10
10
10
10
10
10
10
10
10
10
10
10
10
10
10
10
10
10
10
10
10
10
10
10
10
10
10
10
10
10
10
10
10
10
10
10
10
10
10
10
10
10
10
10
10
10
10
10
10
10
10
10
10
10
10
10
10
10
10
10
10
10
10
10
10
10
10
10
10
10
10
10
10
10
10
10
10
10
10
10
10
10
10
10
10
10
10
10
10
10
10
10
10
10
10
10
10
10
10
10
10
10
10
10
10
10
10
10
10
10
10
10
10
10
10
10
10
10
10
10
10
10
10
10
10
10
10
10
10
10
10
10
10
10
10
10
10
10
10
10
10
10
10
10
10
10
10
10
10
10
10
10
10
10
10
10
10
10
10
10
10
10
10
10
10
10
10
10
10
10
10
10
10
10
10
10
10
10
10
10
10
10
10
10
10
10
10
10
10
10
10
10
10
10
10
10
10
10
10
10
10
10
10
10
10
10
10
10
10
10
10
10
10
10
10
10
10
10
10
10
10
10
10
10
10
10
10
10
10
10
10
10
10
10
10
10
10
10
10
10
10
10
10
10
10
10
10
10
10
10
10
10
10
10
10
10
10
10
10
10
10
10
10
10
10
10
10
10
10
10
10
10
10
10
10
10
10
10
10
10
10
10
10
10
10
10
10
10
10
10
10
10
10
10
10
10
10
10
10
10
10
10
10
10
10
10
10
10
10
10
10
10
10
10
10
10
10
10
10
10
10
10
10
10
10
10
10
10
10
10
10
10
10
10
10
10
10
10
10
10
10
10
10
10
10
10
10
10
10
10
10
10
10
10
10
10
10
10
10
10
10
10
10
10
10
10
10
10
10
10
10
10
10
10
10
10
10
10
10
10
10
10
10
10
10
10
10
10
10
10
10
10
10
10
10
10
10
10
10
10
10
10
10
10
10
10
10
10
10
10
10
10
10
10
10
10
10
10
10
10
10
10
10
10
10
10
10
10
10
10
10
10
10
10
10
10
10
10
10
10
10
10
10
10
10
10
10
10
10
10
10
10
10
10
10
10
10
10
10
10
10
10
10
10
10
10
10
10
10
10
10
10
10
10
10
10
10
10
10
10
10
10
10
10
10
10
10
10
10
10
10
10
10
10
10
10
10
10
10
10
10
10
10
10
10
10
10
10
10
10
10
10
10
10
10
10
10
10
10
10
10
10
10
10
10
10
10
10
10
10
10
10
10
10
10
10
10
10
10
10
10
10
10
10
10
10
10
10
10
10
10
10
10
10
10
10
10
10
10
10
10
10
10
10
10
10
10
10
10
10
10
10
10
10
10
10
10
10
10
10
10
10
10
10
10
10
10
10
10
10
10
10
10
10
10
10
10
10
10
10
10
10
10
10
10
10
10
10
10
10
10
10
10
10
10
10
10
10
10
10
10
10
10
10
10
10
10
10
10
10
10
10
10
10
10
10
10
10
10
10
10
10
10
10
10
10
10
10
10
10
10
10
10
10
10
10
10
10
10
10
10
10
10
10
10
10
10
10
10
10
10
10
10
10
10
10
10
10
10
10
10
10
10
10
10
10
10
10
10
10
10
10
10
10
10
10
10
10
10
10
10
10
10
10
10
10
10
10
10
10
10
10
10
10
10
10
10
10
10
10
10
10
10
10
10
10
10
10
10
10
10
10
10
10
10
10
10
10
10
10
10
10
10
10
10
10
10
10
10
10
10
10
10
10
10
10
10
10
10
10
10
10
10
10
10
10
10
10
10
10
10
10
10
10
10
10
10
10
10
10
10
10
10
10
10
10
10
10
10
10
10
10
10
10
10
10
10
10
10
10
10
10
10
10
10
10
10
10
10
10
10
10
10
10
10
10
10
10
10
10
10
10
10
10
10
10
10
10
10
10
10
10
10
10
10
10
10
10
10
10
10
10
10
10
10
10
10
10
10
10
10
10
10
10
10
10
10
10
10
10
10
10
10
10
10
10
10
10
10
10
10
10
10
10
10
10
10
10
10
10
10
10
10
10
10
10
10
10
10
10
10
10
10
10
10
10
10
10
10
10
10
10
10
10
10
10
10
10
10
10
10
10
10
10
10
10
10
10
10
10
10
10
10
10
10
10
10
10
10
10
10
10
10
10
10
10
10
10
10
10
10
10
10
10
10
10
10
10
10
10
10
10
10
10
10
10
10
10
10
10
10
10
10
10
10
10
10
10
10
10
10
10
10
10
10
10
10
10
10
10
10
10
10
10
10
10
10
10
10
10
10
10
10
10
10
10
10
10
10
10
10
10
10
10
10
10
10
10
10
10
10
10
10
10
10
10
10
10
10
10
10
10
10
10
10
10
10
10
10
10
10
10
10
10
10
10
10
10
10
10
10
10
10
10
10
10
10
10
10
10
10
10
10
10
10
10
10
10
10
10
10
10
10
10
10
10
10
10
10
10
10
10
10
10
10
10
10
10
10
10
10
10
10
10
10
10
10
10
10
10
10
10
10
10
10
10
10
10
10
10
10
10
10
10
10
10
10
10
10
10
10
10
10
10
10
10
10
10
10
10
10
10
10
10
10
10
10
10
10
10
10
10
10
10
10
10
10
10
10
10
10
10
10
10
10
10
10
10
10
10
10
10
10
10
10
10
10
10
10
10
10
10
10
10
10
10
10
10
10
10
10
10
10
10
10
10
10
10
10
10
10
10
10
10
10
10
10
10
10
10
10
10
10
10
10
10
10
10
10
10
10
10
10
10
10
10
10
10
10
10
10
10
10
10
10
10
10
10
10
10
10
10
10
10
10
10
10
10
10
10
10
10
10
10
10
10
10
10
10
10
10
10
10
10
10
10
10
10
10
10
10
10
10
10
10
10
10
10
10
10
10
10
10
10
10
10
10
10
10
10
10
10
10
10
10
10
10
10
10
10
10
10
10
10
10
10
10
10
10
10
10
10
10
10
10
10
10
10
10
10
10
10
10
10
10
10
10
10
10
10
10
10
10
10
10
10
10
10
10
10
10
10
10
10
10
10
10
10
10
10
10
10
10
10
10
10
10
10
10
10
10
10
10
10
10
10
10
10
10
10
10
10
10
10
10
10
10
10
10
10
10
10
10
10
10
10
10
10
10
10
10
10
10
10
10
10
10
10
10
10
10
10
10
10
10
10
10
10
10
10
10
10
10
10
10
10
10
10
10
10
10
10
10
10
10
10
10
10
10
10
10
10
10
10
10
10
10
10
10
10
10
10
10
10
10
10
10
10
10
10
10
10
10
10
10
10
10
10
10
10
10
10
10
10
10
10
10
10
10
10
10
10
10
10
10
10
10
10
10
10
10
10
10
10
10
10
10
10
10
10
10
10
10
10
10
10
10
10
10
10
10
10
10
10
10
10
10
10
10
10
10
10
10
10
10
10
10
10
10
10
10
10
10
10
10
10
10
10
10
10
10
10
10
10
10
10
10
10
10
10
10
10
10
10
10
10
10
10
10
10
10
10
10
10
10
10
10
10
10
10
10
10
10
10
10
10
10
10
10
10
10
10
10
10
10
10
10
10
10
10
10
10
10
10
10
10
10
10
10
10
10
10
10
10
10
10
10
10
10
10
10
10
10
10
10
10
10
10
10
10
10
10
10
10
10
10
10
10
10
10
10
10
10
10
10
10
10
10
10
10
10
10
10
10
10
10
10
10
10
10
10
10
10
10
10
10
10
10
10
10
10
10
10
10
10
10
10
10
10
10
10
10
10
10
10
10
10
10
10
10
10
10
10
10
10
10
10
10
10
10
10
10
10
10
10
10
10
10
10
10
10
10
10
10
10
10
10
10
10
10
10
10
10
10
10
10
10
10
10
10
10
10
10
10
10
10
10
10
10
10
10
10
10
10
10
10
10
10
10
10
10
10
10
10
10
10
10
10
10
10
10
10
10
10
10
10
10
10
10
10
10
10
10
10
10
10
10
10
10
10
10
10
10
10
10
10
10
10
10
10
10
10
10
10
10
10
10
10
10
10
10
10
10
10
10
10
10
10
10
10
10
10
10
10
10
10
10
10
10
10
10
10
10
10
10
10
10
10
10
10
10
10
10
10
10
10
10
10
10
10
10
10
10
10
10
10
10
10
10
10
10
10
10
10
10
10
10
10
10
10
10
10
10
10
10
10
10
10
10
10
10
10
10
10
10
10
10
10
10
10
10
10
10
10
10
10
10
10
10
10
10
10
10
10
10
10
10
10
10
10
10
10
10
10
10
10
10
10
10
10
10
10
10
10
10
10
10
10
10
10
10
10
10
10
10
10
10
10
10
10
10
10
10
10
10
10
10
10
10
10
10
10
10
10
10
10
10
10
10
10
10
10
10
10
10
10
10
10
10
10
10
10
10
10
10
10
10
10
10
10
10
10
10
10
10
10
10
10
10
10
10
10
10
