# vtk DataFile Version 2.0
Wang four-hexahedra prototype
ASCII
DATASET UNSTRUCTURED_GRID
POINTS 2678 double
-0.2268855693993066 0.0022249345299469882 0.10117150250010765
-0.21840708932493355 -0.0001051116319399862 0.13367573480862349
-0.22490903512708668 0.05303369563449728 0.051151665680211428
-0.22549811927084509 0.036012918275086292 0.079133145295680898
-0.21698861831331762 0.038761275490730496 0.12410456666429506
-0.21880244767623583 0.07608595657520438 0.045627552724672504
-0.2119122083124852 0.09321741069865494 0.063120988778519363
-0.20738521485807143 0.090729099769197324 0.10822648267491022
-0.19928029540721107 -0.11512875497630393 0.12020068758689116
-0.19058261494781667 -0.11015549992760315 0.14791522037852797
-0.21805819021810049 -0.077105968299206115 0.020355130506805343
-0.21800364419868437 -0.081273106501182191 0.049216883929482945
-0.21121773199860314 -0.089387301039528771 0.10064046751287378
-0.20223859404091202 -0.077268528616358551 0.14498327180540765
-0.21301419447316858 -0.01918824006305335 -0.030050808259940803
-0.21816009777516712 -0.038128872671858757 -0.001157048512233326
-0.22585211959086346 -0.032572413455991156 0.044063908818651361
-0.22632556289308825 -0.021432654908775182 0.089880377179758261
-0.21526788609836076 -0.029088058436673645 0.13910514058612097
-0.20768995116136893 0.013920790469827469 -0.037256147038912286
-0.21596550533111175 0.020748615532340569 -0.010844056266074865
-0.22551121089522694 0.030529813588143061 0.037812628668098022
-0.22973418632298703 0.014578727460359223 0.067572781751289987
-0.19561022746605194 0.064142664119650764 -0.045081605666371254
-0.19629506254864298 0.084676850797480385 -0.025897328271470128
-0.20981689570217651 0.090280218207232754 0.02471278538730743
-0.20527650962628163 0.1117585633556689 0.042131794620013131
-0.17811526447762324 -0.15161818158380524 0.018975470568505102
-0.18117871806355815 -0.14984848957456259 0.049915494105536272
-0.18351169671618495 -0.13990060496721629 0.10111283553936272
-0.16834355070230383 -0.13861735020340629 0.1456004037416824
-0.18605990785238727 -0.1083184670702619 -0.035908276193089277
-0.19593020624604504 -0.11294486345414557 0.0034598719103181835
-0.20342562718621199 -0.11619974707593125 0.050675815820737852
-0.20395167827093699 -0.11743946668430109 0.087567842566871182
-0.17850472958736707 -0.053973239150124995 -0.080879641053371018
-0.19501078308144815 -0.058202157076012638 -0.048832239045902774
-0.21089931486101091 -0.061627360394515607 -0.013807480776389838
-0.17505215071307539 -0.0063780864584381172 -0.089697792213688121
-0.19528950317964525 0.0058942948346949568 -0.059725790262177669
-0.1601525735345255 0.056359850765391933 -0.095499473087978459
-0.17970131967400765 0.074220051402606679 -0.063282974182899271
-0.18090611711504737 0.10317540999412343 -0.047049473169567479
-0.11557917165910847 -0.19808970580353427 0.099491629720887612
-0.11396794430554248 -0.18858823944337869 0.13542459473792992
-0.12810573988202648 -0.17522394434743582 -0.030801021463911504
-0.14545532003021641 -0.17157684902232156 -0.0015530844113661305
-0.14168723084353779 -0.1828821300212681 0.044754279529071933
-0.13445175288321232 -0.18737897864333841 0.089285550873377487
-0.1376904379079254 -0.17243534849901124 0.14117953402328737
-0.13722361895207669 -0.12884660406226708 -0.08153625767660222
-0.15095238229046209 -0.14037867264845483 -0.049102914349691183
-0.16404646939064474 -0.15196890547605343 -0.01491971177546883
-0.1252683911452756 -0.072865934061437931 -0.12383801029588141
-0.14874432554517944 -0.085778957316422669 -0.09644494021366716
-0.17276268825387678 -0.098952559933947692 -0.068440735686409279
-0.12643053855465369 -0.031482459347607197 -0.12943236146530954
-0.15186921554728391 -0.018722424027759157 -0.11188719773949118
-0.11614129930222034 0.031817141655354965 -0.13438348936432978
-0.13951023053930439 0.04466337745336546 -0.11654575529229957
-0.069106309358055368 -0.21951999591100599 0.053210633168672285
-0.083571595853490249 -0.21299727240124255 0.077753965758956906
-0.074964901977997919 -0.20718719314017969 0.1240880600593498
-0.092089020780359757 -0.18767323532359326 -0.038045603396494987
-0.090200147765035349 -0.19848637034104333 -0.010679927754724192
-0.088008263612536025 -0.21071379576353641 0.039285126347157542
-0.10569273424306574 -0.20717362673692516 0.065549801964157398
-0.093302940014302727 -0.14940722100222742 -0.09026386611828302
-0.092871148205369999 -0.17315652571992568 -0.06051361425832024
-0.090557182357721075 -0.094276892740266266 -0.12942889204473373
-0.092336069511629107 -0.12278676308653887 -0.11250691965309512
-0.086448491904240796 -0.049913228525335987 -0.14327175005153572
-0.079280452676570329 0.012196006705231872 -0.15022620951558302
-0.052118019067036857 -0.22412384206140587 0.049133443498827846
-0.030466495634610947 -0.22604800407950595 0.067084456675854873
-0.025067407552693707 -0.22153253466568193 0.10738570415740156
-0.047358024094820421 -0.1995308241349516 -0.043964241361293045
-0.027880299474798993 -0.20953136972926387 -0.024331194053727977
-0.031890215362512846 -0.22277443365556363 0.026494503173616714
-0.014655042603349766 -0.2280312633931075 0.0490556851023847
-0.031254801691291335 -0.16528951599199965 -0.094684605877892694
-0.028643065836035771 -0.18960806188561402 -0.062811892377747286
-0.0062700382856569099 -0.20445632354808282 -0.044259287544500543
-0.03052502353090886 -0.11535632242413171 -0.13395802661409215
-0.031080521486299518 -0.14190274458708246 -0.11567206262096393
-0.029080887280644861 -0.074652908547174851 -0.14918517079529098
-0.026736151188708975 -0.015398558007982762 -0.16029771492714878
0.21024817418682665 0.008748662858828098 0.13877675244230855
0.21792925521301545 0.045702954779236062 0.086642699540097692
0.21304831324226373 0.031176011224327983 0.12060971397194184
0.20843369866901207 0.089353601997906845 0.072438939283273912
0.2035316119952546 0.088657319249962049 0.10713085883362697
0.212688349431117 -0.077501323786744972 0.056695683991731548
0.20831816104328774 -0.079095122509762222 0.095755777428084762
0.19614316612338928 -0.074812165338685205 0.14191769299942791
0.2142603460159056 -0.031537606002142234 0.0058260498843937898
0.21790940189462416 -0.041932662070482594 0.039319424728642208
0.21911697594516527 -0.025934666652999969 0.089416563742073601
0.21096915788176895 -0.014971458147070829 0.13041528405483332
0.19974587311922076 0.035030300538560072 -0.038308582151510513
0.20893560338770595 0.018361855052209466 -0.014380546944883502
0.21913098609895221 0.027782908213549486 0.033546569637951454
0.22030111488237991 0.028845185374796301 0.077139689554813179
0.21954355010880869 0.0088737614271409675 0.10939598360062115
0.19426761243723137 0.056612273033545331 -0.041450525777945585
0.19400867974556729 0.079193034170073451 -0.024895137238193435
0.20554526236683135 0.085552419381883724 0.021624170267577375
0.20898706469848249 0.088594145333185478 0.050972566357317131
0.1730062488342472 -0.14957521417301103 0.021548276588622375
0.17536656698956579 -0.14846229359947272 0.048220447166710645
0.17415202526061135 -0.14406768325616925 0.096837888294323105
0.16377795294535302 -0.13558896536735271 0.14301767928528769
0.18030164822205555 -0.10488875731314434 -0.03300231334090608
0.18503145368641935 -0.11692918584256114 0.002283807582708334
0.1995859807307879 -0.10437862534428399 0.043870320468716389
0.19548613240197554 -0.11202533791861127 0.097741018858213527
0.18413825675029435 -0.10589753625798318 0.14428917871030458
0.17152381263588087 -0.046573004725252547 -0.07856508106018785
0.18315167486953146 -0.062199370754774705 -0.051418147848941019
0.20589182145839172 -0.054896478227203616 -0.0065990109008250506
0.21256594000034404 -0.072443371674939319 0.023561000925005484
0.16850284068306157 -0.0085879485934533609 -0.085301963861697777
0.19044446215988187 0.0056388778200915837 -0.053351905194643258
0.20578557998616423 -0.0070200133007306056 -0.028662846798285097
0.15648762222265961 0.054689999535032209 -0.092874484592481099
0.17707812801447012 0.068708717869363972 -0.06127169806005045
0.1811030729309919 0.095995462203158924 -0.044715259756277818
0.11402808036719148 -0.19876509933678174 0.098529902896907065
0.11062377419124567 -0.18939136008951313 0.13422008748457054
0.12308418068561999 -0.1749561644914519 -0.03006123041252462
0.14174881963161742 -0.16962110524132551 -0.00011113868393440723
0.14114406430657347 -0.17982741471552427 0.044166759468225722
0.13321540881897215 -0.18589756398108465 0.088248733221229253
0.13397673225658996 -0.1707174787303552 0.13923022274941715
0.1291635826390046 -0.12700328911897699 -0.079441525189446846
0.14385632743071111 -0.13779555806112356 -0.047479723233881867
0.15766770067812139 -0.1482911744685555 -0.012488369305029305
0.14450270723191333 -0.082124383361858927 -0.088013049247256642
0.16292723050005195 -0.091810635302822963 -0.066080699004065255
0.11684264052264219 -0.019799004532969622 -0.12795963431511362
0.13713232947635279 -0.028865445095716015 -0.11007270231726085
0.11070737929277275 0.029261506448405545 -0.13207439206525323
0.13387094296522378 0.042030748063915678 -0.11397705000544769
0.071553016582812587 -0.21958658406201359 0.052803099298749233
0.08504564637275841 -0.21315677050686804 0.077895515216469133
0.074959518429487657 -0.20725621740225508 0.12408999213284039
0.091711987965805042 -0.18634153695511507 -0.03672313082093781
0.090064699727906303 -0.19755112799932112 -0.010803066187996067
0.08946836576756137 -0.21065776960176255 0.039019728080123398
0.10811954297913727 -0.20681899617344937 0.065650810515135674
0.092322344778463641 -0.14520313778021904 -0.087022723668229149
0.092161030939095168 -0.16921335123362044 -0.059419437923572127
0.07647477190774811 -0.093129232526783692 -0.1284958255220621
0.094286135551202993 -0.10565341011559097 -0.11158947756209366
0.089945090830579583 -0.051559627534721833 -0.13428775725029007
0.1141068555830093 -0.065216250158051978 -0.12200125300052855
0.078801853218627774 0.012206483353796302 -0.14558412319321873
0.050136363075098195 -0.22539052172241883 0.047663102456897782
0.029222312842569931 -0.2268162508570776 0.066870430161219824
0.025083748881592625 -0.22184546465289501 0.10746287928673004
0.047512360049400126 -0.19925451310192877 -0.043580645419986151
0.028005930563668818 -0.20959053164470481 -0.024296237398470633
0.030698439717802711 -0.22347191184901374 0.025593816712373881
0.012540714409839846 -0.22860424875818094 0.048548246335942312
0.031081569484268441 -0.16418608195430651 -0.093585894342949477
0.02868680765725239 -0.18880434920290221 -0.06264059650406946
0.0064698677298167051 -0.20439993893966515 -0.044229989242537265
0.030178084942321538 -0.11234329684745732 -0.13267206453461494
0.030746605801181874 -0.13884607063102122 -0.11468339265074905
0.028873317427153003 -0.074438687735583986 -0.14642389128646804
0.026606834052690001 -0.01536986537085383 -0.15834976854478883
0.11537417114878747 0.1991564429343278 0.097577389482350993
0.10861554794720281 0.1919475609404464 0.1349249655290872
0.15389300431550126 0.17421974033506973 0.051442704339089873
0.14231001009608552 0.18210466846330733 0.077755259126845555
0.14399784517677941 0.16988618851674508 0.12473511613251689
0.17422150310858753 0.15400659634825364 0.044802061400015046
0.1849080834507327 0.13769988993812107 0.065652725848988805
0.18130781713025088 0.13372120385360886 0.10797812491475386
0.04320547837000694 0.22229297929068559 0.022655985872047452
0.041567115557487579 0.22355824146795661 0.047462799872753633
0.03871273714631563 0.22076645306922285 0.096065424788590953
0.036512990886772775 0.20837259881348597 0.14245404614713103
0.089763201967517789 0.19519672498012364 -0.030440265925479482
0.075478500702402362 0.20752589273785862 0.00087713736929772787
0.084543484419892345 0.21158432074355252 0.044005137788539726
0.09391987574132489 0.20843640449919348 0.087481510714793348
0.079675521298526425 0.20203441429975455 0.13956099346468803
0.11693511737495646 0.17380164579183843 -0.038320509101246694
0.12803915251306525 0.17816299645540068 -0.01046099105963561
0.13785377093856965 0.18462298968221577 0.038288585168948647
0.123981097059139 0.19920867152213181 0.065019113611312171
0.15231163668282902 0.1398833002518502 -0.045609374565906913
0.1702755306227699 0.12882029005012363 -0.024714390111558963
0.18122577851832142 0.13740528631623539 0.023971393681740977
0.19552858866861098 0.1225968253261935 0.046159267599916232
-0.040084205247918628 0.22124959781041945 0.057347623913406615
-0.037144894061266615 0.21824063713325401 0.095122705323182774
-0.03473930362398138 0.20634275458893306 0.14150904013470461
0.00045281049326374723 0.20677982481552867 -0.032588047547635647
0.0095675541916091199 0.2165113127026761 0.0027913051340984658
-0.0083406348973032417 0.22256974541056448 0.043842746487922753
-0.00072911037128665576 0.2222527756814483 0.096605811812594866
-0.00038718268656372495 0.21027868009280246 0.14332074906343401
0.046008696110918894 0.17658491031689735 -0.080249691152913111
0.046860116458600852 0.19383318096025848 -0.047342944978936229
0.04781320309702617 0.20991158274595811 -0.010961453480087526
0.081841325589968789 0.1544416436194686 -0.089013077510771532
0.10276762822582212 0.1662836873499618 -0.060951848458901656
0.12848058249680261 0.11036977524814989 -0.09508307309915906
0.15217291326025842 0.11928115379587008 -0.063774485644885193
0.17647401056114217 0.10612689218790612 -0.045264404412881792
-0.11672239991454021 0.19306378696027018 0.1016571654890468
-0.11157558743986663 0.18605828414137976 0.13219338499816902
-0.081797318254826695 0.2019989158993821 0.0043703993243089656
-0.074336433282476549 0.21007069199731715 0.040181913501585585
-0.092792166631212369 0.20319733869287732 0.0893778888397882
-0.082394286703114564 0.19582111235342484 0.13668494238971404
-0.04556164224973825 0.17386220941517924 -0.079391156220720918
-0.037856081729603461 0.19068629202138704 -0.050791357974016384
-0.055658473441412636 0.20537426528711636 -0.0076859172804302212
-0.043598830839639058 0.21883813889668868 0.024363813343308668
0.00018693971134162561 0.13873370062770149 -0.12297694570427704
-0.00050948903761632164 0.16333887901776437 -0.095106919130180892
-0.0012694878428541473 0.18801019016635534 -0.065144946203880158
0.033648589778018254 0.12315799000204969 -0.12847907949368689
0.057400317898019415 0.13883448285058869 -0.11139106724779833
0.084568938399422644 0.08408619338260942 -0.13374175027619808
0.10736706489418446 0.09792775072537141 -0.11617413609492737
-0.15815618897401187 0.16996031966374936 0.050136033592459307
-0.14362658200717301 0.17791175481318958 0.080198936914134225
-0.14209810956801455 0.16852493167391208 0.12409247508855309
-0.12683611085879273 0.16334176084370247 -0.039780346487012556
-0.12011472202961523 0.17774808582466695 -0.014014550113053952
-0.1383769474605373 0.18054533195209407 0.037038692930597937
-0.12594669663594613 0.19203228598017144 0.069100205210984422
-0.079563809859441254 0.15249273418326295 -0.087431928671128784
-0.099402338399993989 0.16786828384393201 -0.0540905840852825
-0.091951194859447263 0.18871299016709872 -0.028859590057200558
-0.03239316171947882 0.12225064082430762 -0.12828215929425005
-0.056017194198120568 0.13760462600166545 -0.10965261947752854
1.6617067383952605e-05 0.099580675266668875 -0.14183261467271013
0.050081302608210407 0.062495922288182418 -0.1489199295762158
-0.17696622551985675 0.15125702135488733 0.043991421654149994
-0.18778613823755813 0.1367696089922151 0.063097115663308265
-0.18283531790465524 0.13460478660510544 0.10839819817002416
-0.15352842165096706 0.13734574325650156 -0.045037922855168111
-0.17184077337254444 0.12784005601201209 -0.02584551761887021
-0.1840460878540526 0.13642201979692009 0.023708387974142507
-0.20029838424226112 0.12102597765583646 0.041846165625611366
-0.12844920547880995 0.11016397582156084 -0.094947001629763439
-0.15386195022892535 0.11827197294431399 -0.06330216177054436
-0.17986648289755189 0.10502227847129027 -0.047061468277297049
-0.084726914439214485 0.084026352935206688 -0.13414228546404222
-0.10749052482840639 0.097782710782386484 -0.1160234670573312
-0.050184928312995251 0.062528034997122811 -0.14998717999655814
-3.9810015354257294e-05 0.030855370491980533 -0.16025104164609222
0.041562220149629958 0.12204964264620181 0.25303363898622094
0.041110606486033589 0.13378290980732035 0.24634975676499468
0.080265416986793667 0.050063859255624149 0.2658154345215355
0.068262578373268629 0.096670023526403054 0.25532875944831135
0.067385666668535696 0.14409419413371541 0.22685913295382437
0.07481779050742611 0.17373749891151088 0.19576098306045056
0.11794353473508118 0.021828517433849271 0.24893398196580982
0.12664830197551513 0.073219552962357964 0.23339545046166951
0.12308483179692137 0.12683980781628557 0.20797218617820948
0.10428497819457636 0.17166055604350663 0.17603678906322406
0.15874080688237074 -0.0044431749265156448 0.21749526508323905
0.16578095242452098 0.040370828927200779 0.20565803698031601
0.16506245178083795 0.095391356399956898 0.18553179722303678
0.1512570216750915 0.14286434377454138 0.16024226533054342
0.17978647049189797 -0.015980245188299356 0.1955330540840563
0.1922997878000558 0.0088060966663758618 0.17420725675423326
0.19406784197195351 0.056948006231209491 0.15843863191892563
0.18541933895639215 0.10713944523986568 0.13940073855545712
-0.0004460029102250791 0.00025556005371014527 0.2865717746331557
-0.00033946378582728597 0.041537416253062905 0.28054861288153088
0.0087923809213138193 0.10360376604486406 0.26135720256760969
0.0088330286723885439 0.1496391889835022 0.23089435156887933
0.00051274444450960294 0.18157125330338228 0.1976107752522844
0.033926980866169548 -0.0199841030681965 0.2785641802053217
0.053328158142838734 0.033098567009573122 0.27417722440746617
0.043726927361447641 0.083700744193711804 0.27088609008609338
0.040635246202132366 0.16040335798279209 0.22026256933337529
0.037935997201671644 0.18811100332803174 0.18343995077309283
0.086717471339503166 -0.051064489382119924 0.25699209980767401
0.10728033539311421 -0.011035560443326651 0.25510556301680154
0.076768388637945481 0.19149901973320485 0.16772779612291167
0.13013282198437137 -0.076209364275702629 0.22536088611561803
0.14908535230578479 -0.035877504122890508 0.22278849952969812
0.15692968038509866 -0.091235269426448704 0.19679077079667273
0.17810395030607382 -0.058502661891967511 0.18324250956873647
0.19621659488284018 -0.018980504843547356 0.16700090080520411
-0.081369267535085998 0.046823115087374113 0.26828075974254922
-0.075402512838733199 0.095503834900700274 0.25249008476023604
-0.074306417599210389 0.14380336243792874 0.22041909766941967
-0.075409210063122345 0.16836234323165536 0.19582870241430139
-0.036180932908592346 -0.020437484000053113 0.28056221737544479
-0.05522039319953518 0.031786579614196078 0.27636078389188484
-0.042890803951859284 0.10363025428905395 0.259483704512872
-0.041857854441821267 0.1509723403342014 0.22563109026510278
-0.038099598054576529 0.18508715926227517 0.18332977554162597
-0.002301470177535713 -0.094333419277667349 0.26645019297291123
-0.0014330760435941254 -0.062777937009658641 0.27464623097615903
-0.0002356949122882685 0.20000626721001516 0.16934089018482387
0.041891908603043246 -0.1131570687756496 0.25025900358162695
0.065059238456260299 -0.087627267526834793 0.25653062946418914
0.086565812318837865 -0.13612518576081428 0.21976671994668698
0.10892572194729373 -0.11105935045437976 0.22472984739341825
0.11055638019122072 -0.15037505092486048 0.19520847046822606
0.1433730054191957 -0.12669136997929295 0.18324928689556019
0.17477535773686129 -0.10062932767002712 0.16949847179872202
-0.12687323960437569 -0.0255431125089539 0.25399448421700183
-0.11840353945941236 0.01115569635666524 0.25590295548572095
-0.12900498896555268 0.074462512961775251 0.23448326053653717
-0.12186848435431819 0.12596808174797194 0.20742036798076674
-0.10444829788503873 0.1669786134801578 0.17540789219145694
-0.085851362372603435 -0.097144501931115915 0.25459953331395951
-0.089722620612889117 -0.051501844043784391 0.26315660143782199
-0.094111616856796212 -0.0039842062432514725 0.271252828517834
-0.078678930540434094 0.1847312578028073 0.16735039095057616
-0.04927266943619045 -0.10772211671581541 0.25576877892835059
-0.050033232802380194 -0.079382362822717475 0.27125615247335982
-3.8632074799520993e-05 -0.14659252593866545 0.23353179790642875
0.048116638479989801 -0.16648932894775512 0.20665963420900332
0.095102714149731857 -0.17397327114019273 0.1754023214542319
0.12535003461075947 -0.16214152255504452 0.16786506909254925
-0.14140951319841555 -0.03469859047898987 0.24421553652646591
-0.16122533371739908 -0.016279004920339603 0.22555581550909198
-0.17124961966604532 0.043147890138652403 0.20792910316567534
-0.16733710993126671 0.096611916981167584 0.18640482488161075
-0.15068098962035087 0.14239289297842556 0.16001661231232955
-0.10390474596934625 -0.10666126903836043 0.24298257343431628
-0.13571178810931817 -0.078386828372590409 0.23168349104024324
-0.16617776894790856 -0.048319930474309165 0.21904944452504874
-0.097219848875691531 -0.13240979939699393 0.22512120979512257
-0.1291422749046702 -0.12133079726215444 0.21833858912742446
-0.048269619025682123 -0.1688485639438603 0.20754931640720123
-1.133844187432495e-05 -0.1901792455103786 0.18537673407957617
0.047958600970921902 -0.19971897679113954 0.15940383302974276
-0.18814288857661107 -0.024070920483418842 0.19609013435233449
-0.19989566062731176 0.0045392741531189223 0.17533456766377281
-0.19878580864302295 0.059343960009312441 0.16006293025743279
-0.18797319935572776 0.10854099703629233 0.14022323350568466
-0.16922641597211918 -0.098310274075647158 0.19143439315477734
-0.18748552092422438 -0.05603314577050178 0.1868487144808833
-0.2051195190664353 -0.028075639181758816 0.16740420384458823
-0.11832120915057827 -0.15179449480338345 0.1959040766050523
-0.14444964753507464 -0.13580842762377779 0.18704958571466829
-0.098782804230948471 -0.17571780266308754 0.17540205002699355
-0.13157614439270635 -0.16484370354159827 0.16773027813224373
-0.047992024099776841 -0.20017927832893567 0.15955320325970387
3.5857019702947857e-06 -0.21352762369457023 0.13922414171706013
0 0 0.060999999999999999
-0.0625 0.036084391824351615 0.023500000000000004
-0.03125 -0.018042195912175818 0.023500000000000004
-0.0625 0 0.060999999999999999
-0.078125 -0.0090210979560879194 -0.013999999999999992
-0.078125 -0.027063293868263727 0.0047500000000000198
-0.0625 -0.03608439182435158 -0.013999999999999992
-0.09375 -1.0408340855860843e-17 0.0047499999999999921
-0.09375 0.018042195912175797 -0.013999999999999992
-0.09375 -0.018042195912175818 0.023500000000000004
-0.125 0.018042195912175808 0.042249999999999989
-0.109375 -0.009021097956087909 0.042250000000000017
-0.125 0 0.060999999999999999
-0.109375 0.0090210979560878986 0.023500000000000004
-0.125 0.036084391824351615 0.023500000000000004
-0.078125 0.027063293868263706 0.0047499999999999921
-0.109375 0.027063293868263706 0.0047499999999999921
-0.09375 0.036084391824351615 0.023500000000000004
0.0625 -0.036084391824351615 0.09849999999999999
0.03125 -0.054126587736527433 0.060999999999999999
0 -0.036084391824351615 0.09849999999999999
0.078125 -0.099232077516966957 0.079749999999999988
0.046875 -0.099232077516966957 0.079749999999999988
0.0625 -0.10825317547305487 0.060999999999999999
0.0625 -0.090210979560879048 0.09849999999999999
0.09375 -0.090210979560879048 0.09849999999999999
0.03125 -0.090210979560879048 0.09849999999999999
0.03125 -0.07216878364870323 0.13599999999999998
0.015625 -0.081189881604791139 0.11725000000000001
0 -0.07216878364870323 0.13599999999999998
0.046875 -0.081189881604791139 0.11725000000000001
0.0625 -0.07216878364870323 0.13599999999999998
0.0625 -0.054126587736527426 0.11725000000000001
0.078125 -0.081189881604791139 0.11725000000000001
0.078125 -0.063147685692615335 0.09849999999999999
-0.03125 -0.054126587736527433 0.060999999999999999
-0.09375 -0.018042195912175808 0.079750000000000015
-0.078125 -0.027063293868263717 0.060999999999999999
-0.0625 -0.036084391824351615 0.09849999999999999
-0.03125 -0.054126587736527426 0.11725000000000001
-0.0625 -0.054126587736527385 0.0047500000000000198
-0.078125 -0.045105489780439531 0.023500000000000031
-0.0625 -0.072168783648703189 0.023500000000000004
-0.015625 -0.081189881604791139 0.11725000000000001
-0.046875 -0.063147685692615335 0.09849999999999999
-0.03125 -0.090210979560879048 0.09849999999999999
-0.09375 -0.036084391824351622 0.042250000000000017
-0.078125 -0.045105489780439524 0.079750000000000015
-0.09375 -0.054126587736527433 0.060999999999999999
-0.0625 -0.072168783648703244 0.079750000000000015
-0.078125 -0.063147685692615335 0.042250000000000017
-0.046875 -0.081189881604791153 0.061000000000000026
-0.03125 -0.054126587736527385 0.0047500000000000198
0 -0.072168783648703244 0.023500000000000004
0.03125 -0.090210979560879062 0.042250000000000017
0.015625 -0.081189881604791153 0.060999999999999999
-0.03125 -0.072168783648703189 0.023500000000000004
0 -0.090210979560879048 0.09849999999999999
0 -0.090210979560879062 0.042250000000000017
0.015625 -0.099232077516966957 0.079749999999999988
0 -0.10825317547305487 0.060999999999999999
-0.015625 -0.099232077516966957 0.079749999999999988
-0.03125 -0.090210979560879007 0.042250000000000017
-0.03125 0.054126587736527433 0.060999999999999999
-0.109375 0.027063293868263717 0.060999999999999999
-0.109375 0.045105489780439524 0.042250000000000017
-0.09375 0.054126587736527433 0.060999999999999999
-0.078125 0.099232077516966957 0.042250000000000017
-0.078125 0.081189881604791153 0.060999999999999999
-0.0625 0.10825317547305487 0.060999999999999999
-0.09375 0.072168783648703244 0.042249999999999989
-0.09375 0.090210979560879048 0.023500000000000004
-0.078125 0.045105489780439524 0.042249999999999989
-0.078125 0.063147685692615335 0.023500000000000004
0.03125 0.018042195912175818 0.09849999999999999
0.015625 -0.045105489780439517 0.13599999999999998
0.046875 -0.045105489780439517 0.13599999999999998
0.03125 -0.018042195912175797 0.13599999999999998
0.078125 0.0090210979560879194 0.13599999999999998
0.046875 0.0090210979560879194 0.13600000000000001
0.0625 0.03608439182435158 0.13599999999999998
0.0625 -0.018042195912175797 0.13599999999999998
0.09375 -0.018042195912175797 0.13599999999999998
0.046875 -0.027063293868263706 0.11725000000000001
0.078125 -0.027063293868263706 0.11725000000000001
-0.03125 0.018042195912175818 0.09849999999999999
-0.109375 0.009021097956087909 0.079750000000000015
-0.09375 0.036084391824351622 0.079749999999999988
-0.09375 0.018042195912175818 0.09849999999999999
-0.0625 0.090210979560879062 0.079749999999999988
-0.078125 0.063147685692615335 0.079750000000000015
-0.0625 0.072168783648703244 0.09849999999999999
-0.078125 0.027063293868263727 0.11725000000000001
-0.0625 0.05412658773652744 0.11724999999999998
-0.0625 0.036084391824351636 0.13599999999999998
-0.078125 0.045105489780439531 0.09849999999999999
-0.03125 0.090210979560879062 0.079749999999999988
-0.03125 0.072168783648703244 0.09849999999999999
0 0.072168783648703244 0.09849999999999999
0.03125 0.05412658773652744 0.11725000000000001
0.03125 0.036084391824351636 0.13600000000000001
0 0.05412658773652744 0.11724999999999998
0 0.036084391824351636 0.13599999999999998
-0.03125 0.036084391824351636 0.13599999999999998
-0.03125 0.05412658773652744 0.11724999999999998
0.015625 0.0090210979560879194 0.13599999999999998
-0.015625 -0.045105489780439517 0.13599999999999998
0 -0.018042195912175797 0.13599999999999998
-0.03125 -0.018042195912175797 0.13599999999999998
-0.046875 0.0090210979560879194 0.13599999999999998
-0.015625 0.0090210979560879194 0.13599999999999998
-0.046875 -0.027063293868263706 0.11725000000000001
-0.078125 -0.0090210979560878986 0.09849999999999999
-0.0625 1.0408340855860843e-17 0.11725000000000001
0 0.036084391824351615 0.023500000000000004
-0.046875 0.099232077516966957 0.042249999999999989
-0.0625 0.090210979560879048 0.023500000000000004
-0.03125 0.090210979560879048 0.023500000000000004
-0.03125 0.07216878364870323 -0.013999999999999992
-0.015625 0.081189881604791139 0.0047499999999999921
0 0.07216878364870323 -0.013999999999999992
-0.046875 0.081189881604791139 0.0047499999999999921
-0.0625 0.07216878364870323 -0.013999999999999992
-0.0625 0.054126587736527426 0.0047499999999999921
-0.078125 0.081189881604791139 0.0047499999999999921
0.0625 0 0.060999999999999999
0.078125 0.027063293868263727 0.11725000000000001
0.09375 1.0408340855860843e-17 0.11725000000000001
0.09375 0.018042195912175818 0.09849999999999999
0.125 -0.018042195912175808 0.079750000000000015
0.109375 0.009021097956087909 0.079749999999999988
0.125 0 0.060999999999999999
0.109375 -0.0090210979560878986 0.09849999999999999
0.125 -0.036084391824351615 0.09849999999999999
0.109375 -0.027063293868263706 0.11725000000000001
0.09375 -0.036084391824351615 0.09849999999999999
0.03125 0.054126587736527433 0.060999999999999999
-0.015625 0.081189881604791153 0.060999999999999999
0.015625 0.081189881604791139 0.0047499999999999921
0 0.090210979560879048 0.023500000000000004
0.03125 0.090210979560879048 0.023500000000000004
0.0625 0.054126587736527385 0.11724999999999998
0.03125 0.072168783648703244 0.09849999999999999
0.0625 0.072168783648703189 0.09849999999999999
-0.015625 0.099232077516966957 0.042249999999999989
0 0.090210979560879062 0.079749999999999988
0 0.10825317547305487 0.060999999999999999
0.03125 0.090210979560879062 0.079750000000000015
0.015625 0.099232077516966957 0.042249999999999989
0.046875 0.081189881604791153 0.060999999999999999
0.03125 0.054126587736527426 0.0047499999999999921
0.0625 0.036084391824351615 0.023500000000000004
0.09375 0.018042195912175808 0.042249999999999989
0.078125 0.027063293868263717 0.060999999999999999
0.046875 0.063147685692615335 0.023500000000000004
0.078125 0.045105489780439531 0.09849999999999999
0.078125 0.045105489780439524 0.042249999999999989
0.09375 0.036084391824351622 0.079749999999999988
0.09375 0.054126587736527433 0.060999999999999999
0.078125 0.063147685692615335 0.079749999999999988
0.0625 0.072168783648703244 0.042249999999999989
-0.015625 0.045105489780439517 -0.013999999999999992
-0.046875 0.045105489780439517 -0.013999999999999992
-0.03125 0.018042195912175797 -0.013999999999999992
-0.046875 -0.0090210979560879194 -0.013999999999999992
-0.0625 0.018042195912175797 -0.013999999999999992
-0.046875 0.027063293868263706 0.0047499999999999921
0.109375 -0.027063293868263717 0.060999999999999999
0.109375 -0.045105489780439524 0.079750000000000015
0.09375 -0.054126587736527433 0.060999999999999999
0.078125 -0.081189881604791153 0.060999999999999999
0.09375 -0.072168783648703244 0.079750000000000015
0.078125 -0.045105489780439524 0.079750000000000015
0.03125 -0.018042195912175818 0.023500000000000004
0.015625 0.045105489780439517 -0.013999999999999992
0 0.018042195912175797 -0.013999999999999992
0.03125 0.018042195912175797 -0.013999999999999992
-0.03125 -0.03608439182435158 -0.013999999999999992
-0.015625 -0.0090210979560879194 -0.014000000000000019
0 -0.036084391824351636 -0.013999999999999992
0.046875 -0.0090210979560879194 -0.014000000000000019
0.03125 -0.036084391824351636 -0.013999999999999992
0.0625 -0.036084391824351636 -0.013999999999999992
0.015625 -0.0090210979560879194 -0.014000000000000019
0 -0.05412658773652744 0.0047500000000000198
0.0625 -0.090210979560879062 0.042250000000000017
0.03125 -0.072168783648703244 0.023500000000000004
0.0625 -0.072168783648703244 0.023500000000000004
0.0625 -0.05412658773652744 0.0047500000000000198
0.03125 -0.05412658773652744 0.0047500000000000198
0.078125 -0.063147685692615335 0.042249999999999989
0.109375 -0.009021097956087909 0.042250000000000017
0.09375 -0.036084391824351622 0.042250000000000017
0.09375 -0.018042195912175818 0.023500000000000004
0.078125 -0.027063293868263727 0.0047499999999999921
0.078125 -0.045105489780439531 0.023500000000000004
0.078125 0.0090210979560878986 0.023500000000000004
0.046875 0.027063293868263706 0.0047499999999999921
0.0625 -1.0408340855860843e-17 0.0047499999999999921
-0.125 0.07216878364870323 -0.013999999999999992
-0.09375 0.054126587736527426 0.0047499999999999921
-0.109375 0.045105489780439517 -0.013999999999999992
-0.125 0.054126587736527426 0.0047499999999999921
-0.15625 0.090210979560879034 -0.032750000000000001
-0.140625 0.063147685692615321 -0.032750000000000001
-0.15625 0.07216878364870323 -0.013999999999999992
-0.125 -0.072168783648703216 -0.088999999999999982
-0.109375 -0.063147685692615363 -0.070249999999999993
-0.140625 -0.045105489780439559 -0.08900000000000001
-0.140625 -0.063147685692615363 -0.070249999999999993
-0.09375 -0.054126587736527398 -0.051500000000000018
-0.125 -0.03608439182435165 -0.070249999999999993
-0.125 -0.054126587736527454 -0.05149999999999999
-0.15625 -0.054126587736527454 -0.05149999999999999
-0.15625 -0.03608439182435165 -0.070249999999999993
-0.078125 -0.045105489780439545 -0.032750000000000001
-0.09375 -0.018042195912175828 -0.032750000000000001
-0.09375 -0.036084391824351636 -0.013999999999999992
-0.109375 -0.027063293868263737 -0.051500000000000018
-0.109375 -0.045105489780439545 -0.032750000000000001
-0.125 -2.0816681711721685e-17 -0.05149999999999999
-0.125 -0.018042195912175828 -0.032750000000000001
-0.125 -0.036084391824351636 -0.013999999999999992
-0.15625 0.018042195912175787 -0.070249999999999993
-0.140625 -0.0090210979560879298 -0.070249999999999993
-0.15625 -2.0816681711721685e-17 -0.05149999999999999
-0.1875 -0.036084391824351636 -0.013999999999999992
-0.171875 -0.045105489780439545 -0.032750000000000001
-0.15625 -0.036084391824351636 -0.013999999999999992
-0.1875 -0.018042195912175828 -0.032750000000000001
-0.140625 -0.045105489780439545 -0.032750000000000001
-0.171875 -0.027063293868263737 -0.051500000000000018
-0.15625 -0.018042195912175828 -0.032750000000000001
-0.140625 -0.027063293868263737 -0.051500000000000018
-0.15625 0 0.060999999999999999
-0.15625 0.018042195912175808 0.042249999999999989
-0.140625 -0.009021097956087909 0.042249999999999989
-0.1875 0 0.060999999999999999
-0.1875 0.018042195912175808 0.042249999999999989
-0.171875 -0.009021097956087909 0.042250000000000017
-0.1875 0.036084391824351615 0.023500000000000004
-0.171875 0.0090210979560878986 0.023500000000000004
-0.15625 -0.018042195912175818 0.023500000000000004
-0.171875 -0.027063293868263727 0.0047499999999999921
-0.1875 -0.018042195912175818 0.023500000000000004
-0.1875 -1.0408340855860843e-17 0.0047499999999999921
-0.203125 -0.009021097956087909 0.042250000000000017
-0.203125 0.0090210979560878986 0.023500000000000004
-0.140625 0.0090210979560878986 0.023499999999999976
-0.140625 0.027063293868263706 0.0047499999999999921
-0.125 -1.0408340855860843e-17 0.0047499999999999921
-0.15625 0.018042195912175797 -0.013999999999999992
-0.140625 0.045105489780439517 -0.014000000000000019
-0.125 0.036084391824351608 -0.032750000000000001
-0.15625 0.054126587736527412 -0.05149999999999999
-0.109375 -0.0090210979560879194 -0.014000000000000019
-0.109375 0.0090210979560878882 -0.032750000000000001
-0.171875 0.027063293868263696 -0.051500000000000018
-0.15625 0.036084391824351608 -0.032750000000000001
-0.140625 0.0090210979560878882 -0.032750000000000001
-0.140625 0.027063293868263696 -0.051500000000000018
-0.125 0.018042195912175797 -0.013999999999999992
-0.125 -0.018042195912175818 0.023500000000000004
-0.15625 -1.0408340855860843e-17 0.0047499999999999921
-0.109375 -0.027063293868263727 0.0047499999999999921
-0.140625 -0.027063293868263727 0.0047499999999999921
-0.171875 -0.0090210979560879194 -0.014000000000000019
-0.171875 0.0090210979560878882 -0.032750000000000001
-0.140625 -0.0090210979560879194 -0.014000000000000019
-0.171875 0.027063293868263706 0.0047499999999999921
-0.1875 0.036084391824351608 -0.032750000000000001
-0.1875 0.018042195912175797 -0.013999999999999992
-0.15625 0.036084391824351615 0.023500000000000004
-0.15625 0.054126587736527426 0.0047499999999999921
-0.171875 0.063147685692615321 -0.032750000000000001
-0.171875 0.045105489780439517 -0.013999999999999992
-0.1875 0.054126587736527426 0.0047499999999999921
0.125 -0.07216878364870323 0.13599999999999998
0.09375 -0.054126587736527426 0.11725000000000001
0.109375 -0.081189881604791139 0.11725000000000001
0.09375 -0.07216878364870323 0.13599999999999998
0.15625 -0.090210979560879034 0.15475
0.140625 -0.099232077516966943 0.13599999999999998
0.125 -0.090210979560879034 0.15475
0.078125 -0.13531646934131858 0.060999999999999999
0.09375 -0.12629537138523067 0.079750000000000015
0.0625 -0.12629537138523067 0.079750000000000015
0.09375 -0.16237976320958225 0.060999999999999999
0.109375 -0.15335866525349434 0.079749999999999988
0.078125 -0.1533586652534944 0.079749999999999988
0.125 -0.14433756729740643 0.09849999999999999
0.09375 -0.14433756729740649 0.09849999999999999
0.0625 -0.14433756729740649 0.09849999999999999
0.0625 -0.16237976320958228 0.11725000000000001
0.078125 -0.17140086116567019 0.09849999999999999
0.09375 -0.16237976320958228 0.11725000000000001
0.09375 -0.18042195912175804 0.079750000000000015
0.109375 -0.17140086116567013 0.09849999999999999
0 -0.10825317547305485 0.17349999999999999
0 -0.12629537138523064 0.19225
0.03125 -0.12629537138523064 0.19225
0.015625 -0.13531646934131855 0.17349999999999999
0.03125 -0.16237976320958228 0.17349999999999999
0.015625 -0.15335866525349437 0.19225
0.046875 -0.15335866525349437 0.19225
0 -0.090210979560879034 0.15475
0.03125 -0.090210979560879034 0.15475
0.015625 -0.099232077516966943 0.13599999999999998
0.03125 -0.10825317547305485 0.17349999999999999
0.015625 -0.11727427342914276 0.15475
0.0625 -0.10825317547305485 0.17349999999999999
0.046875 -0.11727427342914276 0.15475
0.03125 -0.12629537138523067 0.13599999999999998
0.09375 -0.12629537138523064 0.19225
0.0625 -0.12629537138523064 0.19225
0.078125 -0.13531646934131855 0.17349999999999999
0.0625 -0.1804219591217581 0.13600000000000001
0.046875 -0.17140086116567019 0.15474999999999997
0.046875 -0.15335866525349437 0.13599999999999998
0.078125 -0.17140086116567019 0.15474999999999997
0.03125 -0.14433756729740646 0.15475
0.0625 -0.16237976320958228 0.17349999999999999
0.0625 -0.14433756729740646 0.15475
0.046875 -0.13531646934131855 0.17349999999999999
0.078125 -0.11727427342914276 0.09849999999999999
0.09375 -0.10825317547305485 0.11725000000000001
0.0625 -0.10825317547305485 0.11725000000000001
0.09375 -0.12629537138523067 0.13599999999999998
0.109375 -0.099232077516966943 0.13599999999999998
0.09375 -0.090210979560879034 0.15475
0.125 -0.10825317547305485 0.17349999999999999
0.046875 -0.099232077516966943 0.13599999999999998
0.0625 -0.090210979560879034 0.15475
0.109375 -0.13531646934131855 0.17349999999999999
0.109375 -0.11727427342914276 0.15475
0.078125 -0.11727427342914276 0.15475
0.09375 -0.10825317547305485 0.17349999999999999
0.078125 -0.099232077516966943 0.13599999999999998
0.046875 -0.11727427342914276 0.09849999999999999
0.078125 -0.13531646934131858 0.11724999999999998
0.03125 -0.10825317547305485 0.11725000000000001
0.046875 -0.13531646934131858 0.11724999999999998
0.078125 -0.15335866525349437 0.13599999999999998
0.09375 -0.14433756729740646 0.15475
0.0625 -0.12629537138523067 0.13599999999999998
0.109375 -0.13531646934131858 0.11724999999999998
0.109375 -0.15335866525349437 0.13599999999999998
0.109375 -0.11727427342914276 0.09849999999999999
0.125 -0.10825317547305485 0.11725000000000001
0.140625 -0.11727427342914276 0.15475
0.125 -0.12629537138523067 0.13599999999999998
0.140625 -0.13531646934131858 0.11724999999999998
-0.109375 -0.081189881604791167 -0.05149999999999999
-0.09375 -0.072168783648703203 -0.032750000000000001
-0.125 -0.072168783648703258 -0.032749999999999974
-0.09375 -0.090210979560879007 -0.014000000000000019
-0.078125 -0.063147685692615349 -0.013999999999999992
-0.09375 -0.05412658773652744 0.0047500000000000198
-0.15625 -0.05412658773652744 0.0047500000000000198
-0.140625 -0.063147685692615349 -0.013999999999999992
-0.125 -0.05412658773652744 0.0047500000000000198
-0.125 -0.072168783648703244 0.023500000000000004
-0.0625 -0.10825317547305481 0.060999999999999999
-0.078125 -0.099232077516966971 0.023500000000000004
-0.0625 -0.090210979560879007 0.042250000000000017
-0.09375 -0.090210979560879062 0.042250000000000017
-0.078125 -0.081189881604791153 0.0047499999999999921
-0.109375 -0.081189881604791153 0.0047499999999999921
-0.09375 -0.072168783648703244 0.023500000000000004
-0.109375 -0.063147685692615349 -0.013999999999999992
-0.125 -0.018042195912175808 0.079750000000000015
-0.15625 -0.018042195912175808 0.079750000000000015
-0.140625 -0.027063293868263717 0.060999999999999999
-0.125 -0.036084391824351615 0.09849999999999999
-0.203125 -0.027063293868263727 0.0047499999999999921
-0.171875 -0.045105489780439531 0.023500000000000004
-0.15625 -0.036084391824351622 0.042250000000000017
-0.15625 -0.054126587736527433 0.060999999999999999
-0.1875 -0.036084391824351622 0.042250000000000017
-0.125 -0.07216878364870323 0.13599999999999998
-0.15625 -0.054126587736527426 0.11725000000000001
-0.125 -0.054126587736527426 0.11725000000000001
-0.140625 -0.063147685692615335 0.09849999999999999
-0.1875 -0.036084391824351615 0.09849999999999999
-0.15625 -0.036084391824351615 0.09849999999999999
-0.171875 -0.045105489780439524 0.079750000000000015
-0.140625 -0.045105489780439524 0.079749999999999988
-0.1875 -0.018042195912175808 0.079750000000000015
-0.171875 -0.027063293868263717 0.060999999999999999
-0.203125 -0.027063293868263717 0.060999999999999999
0 -0.14433756729740646 0.21100000000000002
-0.015625 -0.13531646934131855 0.17349999999999999
-0.03125 -0.12629537138523064 0.19225
-0.015625 -0.11727427342914276 0.15475
-0.03125 -0.10825317547305485 0.17349999999999999
-0.03125 -0.12629537138523067 0.13599999999999998
-0.046875 -0.11727427342914276 0.15475
-0.0625 -0.10825317547305485 0.17349999999999999
-0.03125 -0.07216878364870323 0.13599999999999998
-0.015625 -0.099232077516966943 0.13599999999999998
-0.03125 -0.090210979560879034 0.15475
-0.046875 -0.081189881604791139 0.11725000000000001
-0.0625 -0.07216878364870323 0.13599999999999998
-0.046875 -0.11727427342914276 0.098500000000000018
-0.046875 -0.099232077516966957 0.079750000000000015
-0.078125 -0.099232077516966957 0.079750000000000015
-0.03125 -0.10825317547305485 0.11725000000000001
-0.0625 -0.10825317547305485 0.11725000000000001
-0.0625 -0.090210979560879048 0.09849999999999999
-0.09375 -0.090210979560879048 0.09849999999999999
-0.09375 -0.090210979560879034 0.15475
-0.09375 -0.07216878364870323 0.13599999999999998
-0.109375 -0.081189881604791139 0.11725000000000001
-0.0625 -0.090210979560879034 0.15475
-0.078125 -0.099232077516966943 0.13599999999999998
-0.078125 -0.081189881604791139 0.11725000000000001
-0.046875 -0.099232077516966943 0.13599999999999998
-0.109375 -0.027063293868263717 0.060999999999999999
-0.078125 -0.081189881604791153 0.061000000000000026
-0.09375 -0.036084391824351615 0.09849999999999999
-0.109375 -0.045105489780439524 0.079750000000000015
-0.0625 -0.054126587736527426 0.11725000000000001
-0.09375 -0.054126587736527426 0.11725000000000001
-0.109375 -0.063147685692615335 0.09849999999999999
-0.09375 -0.072168783648703244 0.079750000000000015
-0.078125 -0.063147685692615335 0.09849999999999999
-0.125 -0.036084391824351622 0.042250000000000017
-0.125 -0.072168783648703244 0.079750000000000015
-0.140625 -0.045105489780439531 0.023500000000000004
-0.140625 -0.063147685692615335 0.042249999999999989
-0.109375 -0.063147685692615335 0.042249999999999989
-0.109375 -0.081189881604791153 0.060999999999999999
-0.125 -0.054126587736527433 0.060999999999999999
-0.109375 -0.045105489780439531 0.023500000000000004
-0.125 -0.14433756729740643 -0.013999999999999992
-0.125 -0.16237976320958225 0.0047500000000000198
-0.109375 -0.1533586652534944 0.023500000000000004
-0.140625 -0.13531646934131858 0.0047499999999999921
-0.09375 -0.16237976320958225 0.060999999999999971
-0.109375 -0.17140086116567022 0.042249999999999989
-0.125 -0.14433756729740649 0.042250000000000017
-0.15625 -0.12629537138523067 0.023500000000000004
-0.140625 -0.1533586652534944 0.023500000000000004
-0.078125 -0.17140086116567019 0.09849999999999999
-0.09375 -0.18042195912175804 0.079749999999999988
-0.109375 -0.1533586652534944 0.079749999999999988
-0.125 -0.14433756729740649 0.09849999999999999
-0.09375 -0.16237976320958228 0.11725000000000001
-0.109375 -0.17140086116567019 0.09849999999999999
-0.171875 -0.11727427342914278 0.042249999999999989
-0.15625 -0.14433756729740649 0.042250000000000017
-0.140625 -0.13531646934131858 0.060999999999999999
-0.15625 -0.12629537138523067 0.079750000000000015
-0.140625 -0.1533586652534944 0.079749999999999988
-0.125 -0.16237976320958231 0.060999999999999999
-0.125 -0.09021097956087902 -0.070249999999999965
-0.125 -0.10825317547305482 -0.05149999999999999
-0.109375 -0.099232077516966971 -0.032750000000000001
-0.140625 -0.081189881604791167 -0.05149999999999999
-0.125 -0.12629537138523064 -0.032749999999999974
-0.109375 -0.13531646934131858 0.0047499999999999921
-0.140625 -0.11727427342914279 -0.013999999999999992
-0.109375 -0.11727427342914279 -0.013999999999999992
-0.140625 -0.099232077516966971 -0.032750000000000001
-0.09375 -0.12629537138523061 0.023499999999999976
-0.125 -0.10825317547305488 0.0047500000000000198
-0.15625 -0.090210979560879062 -0.013999999999999992
-0.078125 -0.11727427342914278 0.042249999999999989
-0.09375 -0.10825317547305482 0.0047499999999999921
-0.109375 -0.099232077516966971 0.023500000000000004
-0.171875 -0.063147685692615349 -0.013999999999999992
-0.15625 -0.072168783648703258 -0.032749999999999974
-0.140625 -0.081189881604791153 0.0047499999999999921
-0.125 -0.090210979560879062 -0.013999999999999992
-0.015625 -0.15335866525349437 0.19225
-0.03125 -0.16237976320958228 0.17349999999999999
-0.03125 -0.14433756729740646 0.15475
-0.046875 -0.13531646934131855 0.17349999999999999
-0.0625 -0.18042195912175804 0.13600000000000001
-0.046875 -0.17140086116567019 0.15475000000000003
-0.0625 -0.16237976320958222 0.11725000000000001
-0.078125 -0.15335866525349437 0.13600000000000001
-0.046875 -0.15335866525349437 0.13600000000000001
-0.0625 -0.14433756729740646 0.15475
-0.0625 -0.14433756729740643 0.09849999999999999
-0.078125 -0.13531646934131858 0.11725000000000001
-0.09375 -0.12629537138523067 0.13599999999999998
-0.0625 -0.12629537138523061 0.079750000000000015
-0.046875 -0.13531646934131858 0.11725000000000001
-0.078125 -0.11727427342914276 0.098500000000000018
-0.109375 -0.099232077516966943 0.13599999999999998
-0.078125 -0.11727427342914276 0.15475
-0.09375 -0.10825317547305485 0.11725000000000001
-0.0625 -0.12629537138523067 0.13599999999999998
-0.1875 -0.072168783648703244 0.023500000000000004
-0.1875 -0.090210979560879062 0.042250000000000017
-0.203125 -0.063147685692615335 0.042249999999999989
-0.171875 -0.081189881604791153 0.060999999999999999
-0.15625 -0.090210979560879048 0.09849999999999999
-0.171875 -0.099232077516966957 0.079749999999999988
-0.1875 -0.072168783648703244 0.079750000000000015
-0.1875 -0.05412658773652744 0.0047500000000000198
-0.203125 -0.045105489780439531 0.023500000000000004
-0.171875 -0.063147685692615335 0.042249999999999989
-0.140625 -0.081189881604791139 0.11724999999999998
-0.171875 -0.063147685692615335 0.09849999999999999
-0.15625 -0.072168783648703244 0.079750000000000015
-0.203125 -0.045105489780439524 0.079750000000000015
-0.1875 -0.054126587736527433 0.060999999999999999
-0.1875 -0.10825317547305487 0.060999999999999999
-0.15625 -0.10825317547305487 0.060999999999999999
-0.140625 -0.11727427342914278 0.042249999999999989
-0.125 -0.12629537138523067 0.079750000000000015
-0.125 -0.10825317547305487 0.060999999999999999
-0.125 -0.12629537138523067 0.023500000000000004
-0.09375 -0.14433756729740643 0.042249999999999989
-0.09375 -0.14433756729740649 0.09849999999999999
-0.078125 -0.1533586652534944 0.079749999999999988
-0.09375 -0.10825317547305487 0.060999999999999999
-0.109375 -0.11727427342914278 0.042249999999999989
-0.09375 -0.12629537138523067 0.079750000000000015
-0.078125 -0.13531646934131858 0.060999999999999999
-0.109375 -0.13531646934131858 0.060999999999999999
-0.140625 -0.11727427342914276 0.09849999999999999
-0.140625 -0.099232077516966957 0.079749999999999988
-0.109375 -0.13531646934131858 0.11724999999999998
-0.125 -0.10825317547305485 0.11725000000000001
-0.125 -0.090210979560879048 0.09849999999999999
-0.109375 -0.099232077516966957 0.079749999999999988
-0.109375 -0.11727427342914276 0.09849999999999999
-0.15625 -0.090210979560879062 0.042250000000000017
-0.15625 -0.072168783648703244 0.023500000000000004
-0.125 -0.090210979560879062 0.042250000000000017
-0.140625 -0.081189881604791153 0.060999999999999999
-0.171875 -0.099232077516966971 0.023500000000000004
-0.171875 -0.081189881604791153 0.0047499999999999921
-0.15625 -0.10825317547305488 0.0047500000000000198
-0.140625 -0.099232077516966971 0.023500000000000004
-0.125 -0.16237976320958228 0.11725000000000001
-0.15625 -0.14433756729740649 0.09849999999999999
-0.03125 -0.14433756729740646 0.21100000000000002
-0.046875 -0.15335866525349437 0.19225
-0.0625 -0.12629537138523064 0.19225
-0.078125 -0.17140086116567019 0.15475000000000003
-0.0625 -0.16237976320958228 0.17349999999999999
-0.09375 -0.14433756729740646 0.15475
-0.125 -0.090210979560879034 0.15475
-0.09375 -0.10825317547305485 0.17349999999999999
-0.109375 -0.11727427342914276 0.15475
-0.125 -0.10825317547305485 0.17349999999999999
-0.078125 -0.13531646934131855 0.17349999999999999
-0.09375 -0.12629537138523064 0.19225
-0.109375 -0.13531646934131855 0.17349999999999999
-0.1875 -0.090210979560879048 0.09849999999999999
-0.15625 -0.07216878364870323 0.13599999999999998
-0.1875 -0.054126587736527426 0.11725000000000001
-0.171875 -0.081189881604791139 0.11725000000000001
-0.1875 -0.07216878364870323 0.13599999999999998
-0.140625 -0.13531646934131858 0.11724999999999998
-0.171875 -0.11727427342914276 0.09849999999999999
-0.109375 -0.15335866525349437 0.13599999999999998
-0.15625 -0.10825317547305485 0.11725000000000001
-0.140625 -0.099232077516966943 0.13599999999999998
-0.15625 -0.090210979560879034 0.15475
-0.171875 -0.099232077516966943 0.13599999999999998
-0.15625 -0.12629537138523067 0.13599999999999998
-0.140625 -0.11727427342914276 0.15474999999999997
-0.125 -0.12629537138523067 0.13599999999999998
-0.125 -0.14433756729740646 0.15475
-0.09375 -0.09021097956087902 -0.070249999999999993
-0.078125 -0.081189881604791111 -0.05149999999999999
-0.0625 -0.10825317547305482 -0.051500000000000018
-0.078125 -0.099232077516966916 -0.032750000000000001
-0.046875 -0.063147685692615294 -0.013999999999999992
-0.0625 -0.072168783648703203 -0.032750000000000001
-0.03125 -0.090210979560879007 -0.013999999999999992
-0.046875 -0.081189881604791098 0.0047499999999999921
0 -0.14433756729740643 -0.013999999999999992
-0.03125 -0.12629537138523064 -0.032750000000000001
-0.015625 -0.11727427342914273 -0.013999999999999992
-0.015625 -0.13531646934131852 0.0047499999999999921
-0.046875 -0.099232077516966916 -0.032750000000000001
-0.046875 -0.11727427342914273 -0.013999999999999992
-0.03125 -0.10825317547305482 0.0047500000000000198
-0.03125 -0.12629537138523061 0.023500000000000004
-0.046875 -0.11727427342914272 0.042249999999999989
-0.0625 -0.10825317547305482 0.0047499999999999921
-0.046875 -0.099232077516966916 0.023500000000000004
-0.0625 -0.090210979560879007 -0.014000000000000019
0.046875 -0.11727427342914278 0.042249999999999989
0.0625 -0.14433756729740649 0.042250000000000017
0.03125 -0.12629537138523067 0.023500000000000004
0.046875 -0.13531646934131858 0.060999999999999999
0.03125 -0.16237976320958225 0.0047500000000000198
0.015625 -0.13531646934131852 0.0047499999999999921
0.015625 -0.15335866525349434 0.023500000000000004
0.0625 -0.18042195912175807 0.023500000000000004
0.046875 -0.1533586652534944 0.023500000000000004
0.046875 -0.17140086116567022 0.042249999999999989
0.03125 -0.14433756729740649 0.042250000000000017
0.03125 -0.16237976320958231 0.060999999999999999
0.046875 -0.1533586652534944 0.079749999999999988
0.046875 -0.17140086116567019 0.09849999999999999
0.0625 -0.1804219591217581 0.079750000000000015
0.078125 -0.17140086116567016 0.042249999999999989
0.0625 -0.16237976320958231 0.060999999999999999
0.078125 -0.18944305707784595 0.060999999999999999
0 -0.14433756729740646 0.15475
0 -0.10825317547305485 0.11725000000000001
-0.03125 -0.12629537138523061 0.079750000000000015
-0.015625 -0.13531646934131858 0.11724999999999998
-0.015625 -0.11727427342914276 0.09849999999999999
0 -0.14433756729740649 0.09849999999999999
0.03125 -0.16237976320958228 0.11725000000000001
0.015625 -0.15335866525349437 0.13599999999999998
0.015625 -0.13531646934131858 0.11724999999999998
0 -0.12629537138523067 0.13599999999999998
0.03125 -0.10825317547305487 0.060999999999999999
-0.03125 -0.10825317547305481 0.060999999999999999
0.03125 -0.12629537138523067 0.079750000000000015
0.03125 -0.14433756729740649 0.09849999999999999
0 -0.12629537138523067 0.079750000000000015
0.015625 -0.11727427342914276 0.09849999999999999
0.015625 -0.11727427342914278 0.042249999999999989
0.015625 -0.1533586652534944 0.079749999999999988
0 -0.12629537138523061 0.023500000000000004
0 -0.14433756729740643 0.042250000000000017
-0.015625 -0.11727427342914272 0.042249999999999989
-0.015625 -0.13531646934131852 0.060999999999999999
0.015625 -0.13531646934131858 0.060999999999999999
0.015625 -0.099232077516966971 0.023500000000000004
0 -0.10825317547305482 0.0047500000000000198
-0.015625 -0.081189881604791098 0.0047499999999999921
-0.015625 -0.099232077516966916 0.023500000000000004
-0.109375 -0.099232077516966929 -0.088999999999999982
-0.109375 -0.11727427342914273 -0.070249999999999993
-0.09375 -0.10825317547305482 -0.051500000000000018
-0.078125 -0.11727427342914273 -0.070249999999999993
-0.109375 -0.15335866525349434 -0.032750000000000001
-0.09375 -0.14433756729740643 -0.014000000000000019
-0.109375 -0.13531646934131855 -0.05149999999999999
-0.09375 -0.12629537138523064 -0.032750000000000001
-0.0625 -0.14433756729740643 -0.014000000000000019
-0.078125 -0.15335866525349434 -0.032750000000000001
-0.03125 -0.14433756729740643 -0.014000000000000019
-0.015625 -0.15335866525349434 -0.032750000000000001
-0.0625 -0.12629537138523064 -0.032750000000000001
-0.046875 -0.13531646934131855 -0.05149999999999999
-0.046875 -0.15335866525349434 -0.032750000000000001
-0.03125 -0.16237976320958225 -0.051500000000000018
-0.078125 -0.13531646934131855 -0.05149999999999999
-0.0625 -0.14433756729740646 -0.070249999999999993
-0.0625 -0.16237976320958225 -0.051500000000000018
0 -0.16237976320958225 0.0047500000000000198
0.015625 -0.17140086116567016 -0.013999999999999992
0.03125 -0.18042195912175807 0.023500000000000004
0.046875 -0.18944305707784598 0.0047499999999999921
0 -0.18042195912175807 0.023500000000000004
0.015625 -0.18944305707784598 0.0047499999999999921
0.03125 -0.19846415503393386 0.042250000000000017
0.0625 -0.19846415503393386 0.042250000000000017
-0.015625 -0.17140086116567016 -0.013999999999999992
0 -0.18042195912175807 -0.032750000000000001
-0.015625 -0.18944305707784598 0.0047499999999999921
-0.03125 -0.18042195912175807 -0.032750000000000001
0 -0.19846415503393386 0.042250000000000017
-0.03125 -0.18042195912175807 0.023499999999999976
-0.0625 -0.18042195912175807 0.023499999999999976
-0.03125 -0.19846415503393386 0.042249999999999989
-0.046875 -0.18944305707784598 0.0047499999999999921
-0.03125 -0.16237976320958225 0.0047499999999999921
-0.09375 -0.16237976320958225 0.0047499999999999921
-0.0625 -0.16237976320958225 0.0047499999999999921
-0.078125 -0.17140086116567016 -0.013999999999999992
-0.046875 -0.17140086116567016 -0.013999999999999992
-0.0625 -0.18042195912175804 0.079749999999999988
-0.03125 -0.19846415503393386 0.09849999999999999
-0.046875 -0.18944305707784595 0.11725000000000001
-0.0625 -0.19846415503393386 0.09849999999999999
-0.078125 -0.17140086116567016 0.042249999999999989
-0.09375 -0.18042195912175807 0.023499999999999976
-0.0625 -0.19846415503393386 0.042249999999999989
-0.046875 -0.18944305707784595 0.060999999999999999
-0.078125 -0.18944305707784595 0.060999999999999999
0 -0.16237976320958228 0.17349999999999999
-0.03125 -0.18042195912175804 0.13600000000000001
-0.015625 -0.17140086116567019 0.15474999999999997
-0.03125 -0.16237976320958222 0.11725000000000001
0 -0.1804219591217581 0.13600000000000001
-0.03125 -0.14433756729740643 0.09849999999999999
0.03125 -0.1804219591217581 0.13600000000000001
0.015625 -0.17140086116567019 0.15474999999999997
0 -0.16237976320958228 0.11725000000000001
-0.015625 -0.15335866525349437 0.13599999999999998
-0.078125 -0.13531646934131852 0.0047499999999999921
-0.0625 -0.12629537138523061 0.023499999999999976
-0.046875 -0.13531646934131852 0.0047499999999999921
-0.078125 -0.11727427342914273 -0.013999999999999992
0.015625 -0.18944305707784595 0.060999999999999999
0.03125 -0.1804219591217581 0.079750000000000015
0.015625 -0.17140086116567016 0.042249999999999989
0.046875 -0.18944305707784601 0.060999999999999999
-0.015625 -0.20748525299002177 0.079749999999999988
-0.03125 -0.18042195912175804 0.079750000000000015
-0.046875 -0.17140086116567016 0.042249999999999989
-0.03125 -0.16237976320958225 0.060999999999999999
-0.015625 -0.18944305707784595 0.060999999999999999
-0.046875 -0.17140086116567013 0.09849999999999999
-0.078125 -0.15335866525349434 0.023500000000000004
-0.046875 -0.13531646934131852 0.060999999999999999
-0.046875 -0.15335866525349434 0.079749999999999988
-0.0625 -0.14433756729740643 0.042249999999999989
-0.0625 -0.16237976320958225 0.060999999999999971
-0.015625 -0.17140086116567016 0.042249999999999989
-0.015625 -0.15335866525349434 0.023500000000000004
-0.03125 -0.14433756729740643 0.042250000000000017
-0.046875 -0.15335866525349434 0.023500000000000004
0.03125 -0.19846415503393391 0.09849999999999999
0.015625 -0.20748525299002177 0.079749999999999988
0 -0.18042195912175804 0.079750000000000015
0.046875 -0.18944305707784601 0.11725000000000001
0.015625 -0.17140086116567019 0.09849999999999999
-0.015625 -0.15335866525349434 0.079749999999999988
0 -0.16237976320958225 0.060999999999999999
0 -0.19846415503393386 0.09849999999999999
0.015625 -0.18944305707784601 0.11725000000000001
-0.015625 -0.18944305707784595 0.11725000000000001
-0.015625 -0.17140086116567013 0.09849999999999999
-0.109375 0.081189881604791139 0.0047500000000000198
-0.109375 0.063147685692615335 0.023500000000000004
-0.140625 0.099232077516966943 -0.013999999999999992
-0.171875 0.099232077516966943 -0.013999999999999992
-0.140625 0.027063293868263717 0.060999999999999999
-0.171875 0.027063293868263717 0.060999999999999999
-0.171875 0.045105489780439524 0.042249999999999989
-0.15625 0.054126587736527433 0.060999999999999999
-0.171875 0.081189881604791153 0.060999999999999999
-0.1875 0.054126587736527433 0.060999999999999999
-0.1875 0.072168783648703244 0.042249999999999989
-0.203125 0.027063293868263717 0.060999999999999999
-0.203125 0.045105489780439524 0.042249999999999989
-0.078125 0.13531646934131855 0.060999999999999999
-0.09375 0.12629537138523067 0.042250000000000017
-0.09375 0.10825317547305487 0.060999999999999999
-0.09375 0.16237976320958228 0.060999999999999999
-0.109375 0.15335866525349437 0.042250000000000017
-0.109375 0.13531646934131855 0.060999999999999999
-0.125 0.14433756729740643 0.023500000000000004
-0.125 0.12629537138523061 0.042250000000000017
-0.125 0.10825317547305481 0.060999999999999999
-0.15625 0.10825317547305487 0.060999999999999999
-0.140625 0.13531646934131855 0.060999999999999999
-0.15625 0.12629537138523067 0.042250000000000017
-0.125 0.16237976320958228 0.060999999999999999
-0.140625 0.15335866525349437 0.042250000000000017
-0.140625 0.081189881604791139 0.0047500000000000198
-0.140625 0.063147685692615335 0.023500000000000004
-0.125 0.090210979560879048 0.023500000000000004
-0.15625 0.090210979560879048 0.023500000000000004
-0.140625 0.045105489780439524 0.042250000000000017
-0.125 0.054126587736527433 0.060999999999999999
-0.109375 0.099232077516966957 0.042250000000000017
-0.109375 0.081189881604791153 0.060999999999999999
-0.171875 0.099232077516966957 0.042250000000000017
-0.15625 0.072168783648703244 0.042250000000000017
-0.140625 0.099232077516966957 0.042250000000000017
-0.140625 0.081189881604791153 0.060999999999999999
-0.125 0.072168783648703244 0.042250000000000017
-0.125 0.10825317547305485 0.0047500000000000198
-0.15625 0.10825317547305485 0.0047500000000000198
-0.109375 0.11727427342914276 0.023500000000000004
-0.171875 0.11727427342914276 0.023500000000000004
-0.140625 0.11727427342914276 0.023500000000000004
-0.140625 0.13531646934131858 0.0047500000000000198
-0.171875 0.081189881604791139 0.0047499999999999921
-0.1875 0.090210979560879048 0.023500000000000004
-0.171875 0.063147685692615335 0.023500000000000004
0.109375 -0.045105489780439517 0.13599999999999998
0.078125 -0.045105489780439517 0.13599999999999998
0.140625 -0.063147685692615321 0.15475
0.140625 -0.081189881604791125 0.17349999999999999
0.015625 -0.099232077516966943 0.19225
0.03125 -0.090210979560879034 0.21099999999999997
0.015625 -0.11727427342914275 0.21099999999999997
0.046875 -0.11727427342914275 0.21099999999999997
0.015625 -0.063147685692615321 0.15475
0.015625 -0.081189881604791125 0.17349999999999999
0.046875 -0.081189881604791125 0.17349999999999999
0.03125 -0.054126587736527412 0.17349999999999999
0.078125 -0.099232077516966943 0.19225
0.078125 -0.11727427342914275 0.21099999999999997
0.0625 -0.03608439182435165 0.21099999999999997
0.046875 -0.063147685692615307 0.21100000000000002
0.046875 -0.045105489780439503 0.19225
0.078125 -0.063147685692615307 0.21099999999999997
0.03125 -0.072168783648703216 0.19225
0.0625 -0.090210979560879034 0.21099999999999997
0.0625 -0.072168783648703216 0.19225
0.09375 -0.090210979560879034 0.21099999999999997
0.046875 -0.099232077516966943 0.19225
0.09375 0.054126587736527426 0.17349999999999999
0.109375 0.063147685692615307 0.19225
0.125 0.036084391824351622 0.19225
0.09375 0.036084391824351622 0.19225
0.09375 0.018042195912175811 0.21100000000000002
0.109375 0.045105489780439503 0.21100000000000002
0.125 0.018042195912175811 0.21100000000000002
0.078125 0.045105489780439517 0.15475
0.09375 0.018042195912175828 0.15475
0.0625 0.018042195912175773 0.15475
0.109375 0.02706329386826371 0.17350000000000002
0.078125 0.02706329386826371 0.17350000000000002
0.125 2.0816681711721685e-17 0.17350000000000002
0.09375 2.0816681711721685e-17 0.17349999999999999
0.0625 -3.4694469519536142e-17 0.17349999999999999
0.078125 -0.0090210979560879055 0.21100000000000002
0.0625 -0.018042195912175842 0.19225
0.09375 -0.036084391824351594 0.21099999999999997
0.078125 0.009021097956087902 0.19225
0.109375 -0.0090210979560879055 0.21100000000000002
0.09375 -0.018042195912175787 0.19225
0.125 -0.036084391824351594 0.21100000000000002
0.109375 0.009021097956087902 0.19225
0.140625 0.009021097956087902 0.19225
0.125 -0.018042195912175787 0.19225
0.109375 -0.063147685692615321 0.15475
0.078125 -0.063147685692615321 0.15475
0.09375 -0.036084391824351608 0.15475
0.09375 -0.054126587736527412 0.17349999999999999
0.046875 -0.063147685692615321 0.15475
0.03125 -0.036084391824351608 0.15475
0.078125 -0.0090210979560878882 0.15475
0.046875 -0.0090210979560878882 0.15475
0.078125 -0.045105489780439503 0.19225
0.0625 -0.054126587736527412 0.17349999999999999
0.078125 -0.027063293868263696 0.17349999999999999
0.046875 -0.027063293868263696 0.17350000000000002
0.0625 -0.036084391824351608 0.15475
0.125 -0.036084391824351608 0.15475
0.15625 -0.054126587736527412 0.17349999999999999
0.125 -0.054126587736527412 0.17349999999999999
0.109375 -0.0090210979560878882 0.15475
0.109375 -0.045105489780439503 0.19225
0.109375 -0.027063293868263696 0.17349999999999999
0.140625 -0.045105489780439503 0.19225
0.140625 -0.027063293868263696 0.17350000000000002
0.109375 -0.081189881604791125 0.17349999999999999
0.09375 -0.072168783648703216 0.19225
0.109375 -0.063147685692615307 0.21099999999999997
0.125 -0.072168783648703216 0.19225
0.078125 -0.081189881604791125 0.17349999999999999
0.109375 -0.099232077516966943 0.19225
0.109375 0.027063293868263692 0.22974999999999998
0.078125 -0.027063293868263713 0.22974999999999998
0.09375 3.4694469519536142e-18 0.22974999999999998
0.109375 -0.027063293868263713 0.22974999999999998
0.03125 -0.10825317547305484 0.22974999999999998
0.0625 -0.054126587736527454 0.22974999999999998
0.046875 -0.081189881604791125 0.22974999999999998
0.078125 -0.081189881604791125 0.22974999999999998
0.09375 -0.054126587736527398 0.22974999999999998
-0.140625 0.009021097956087909 0.079750000000000015
-0.171875 0.009021097956087909 0.079749999999999988
-0.15625 0.036084391824351622 0.079750000000000015
-0.15625 0.018042195912175818 0.09849999999999999
-0.171875 0.063147685692615335 0.079750000000000015
-0.171875 0.027063293868263727 0.11725000000000001
-0.1875 0.018042195912175818 0.09849999999999999
-0.171875 0.045105489780439531 0.09849999999999999
-0.1875 0.072168783648703244 0.09849999999999999
-0.1875 0.05412658773652744 0.11725000000000001
-0.203125 0.045105489780439531 0.09849999999999999
-0.203125 0.009021097956087909 0.079749999999999988
-0.1875 0.036084391824351622 0.079749999999999988
-0.078125 0.11727427342914275 0.079750000000000015
-0.09375 0.14433756729740646 0.079750000000000015
-0.109375 0.11727427342914275 0.079750000000000015
-0.09375 0.12629537138523067 0.09849999999999999
-0.140625 0.11727427342914275 0.079750000000000015
-0.15625 0.12629537138523061 0.09849999999999999
-0.171875 0.11727427342914278 0.079750000000000015
-0.15625 0.14433756729740643 0.079750000000000015
-0.109375 0.13531646934131858 0.11725000000000001
-0.109375 0.15335866525349437 0.09849999999999999
-0.125 0.12629537138523067 0.09849999999999999
-0.140625 0.13531646934131852 0.11725000000000001
-0.140625 0.15335866525349434 0.09849999999999999
-0.109375 0.17140086116567019 0.079750000000000015
-0.125 0.14433756729740646 0.079750000000000015
-0.125 0.072168783648703216 0.21100000000000002
-0.109375 0.063147685692615335 0.19225
-0.140625 0.063147685692615307 0.19225
-0.125 0.09021097956087902 0.19225
-0.09375 0.054126587736527426 0.17349999999999999
-0.125 0.054126587736527426 0.17349999999999999
-0.109375 0.081189881604791139 0.17349999999999999
-0.15625 0.054126587736527398 0.17349999999999999
-0.140625 0.081189881604791111 0.17349999999999999
-0.125 0.10825317547305482 0.17349999999999999
-0.078125 0.045105489780439517 0.15475
-0.09375 0.036084391824351636 0.13600000000000001
-0.078125 0.063147685692615321 0.13599999999999998
-0.109375 0.045105489780439517 0.15475
-0.09375 0.07216878364870323 0.15475
-0.125 0.03608439182435158 0.13600000000000001
-0.109375 0.063147685692615321 0.13599999999999998
-0.09375 0.090210979560879034 0.13599999999999998
-0.1875 0.036084391824351636 0.13600000000000001
-0.171875 0.045105489780439545 0.15475
-0.15625 0.036084391824351636 0.13600000000000001
-0.171875 0.063147685692615349 0.13599999999999998
-0.140625 0.045105489780439517 0.15475
-0.15625 0.072168783648703203 0.15475
-0.140625 0.063147685692615321 0.13599999999999998
-0.15625 0.090210979560879007 0.13599999999999998
-0.125 0.14433756729740643 0.13599999999999998
-0.125 0.12629537138523064 0.15475
-0.109375 0.11727427342914276 0.13599999999999998
-0.140625 0.11727427342914273 0.13599999999999998
-0.109375 0.099232077516966943 0.15475
-0.140625 0.099232077516966916 0.15475
-0.125 0.090210979560879034 0.13599999999999998
-0.125 0.07216878364870323 0.15475
-0.09375 0.05412658773652744 0.11725000000000001
-0.109375 0.045105489780439531 0.09849999999999999
-0.09375 0.072168783648703244 0.09849999999999999
-0.125 0.072168783648703189 0.09849999999999999
-0.125 0.036084391824351622 0.079750000000000015
-0.09375 0.090210979560879062 0.079750000000000015
-0.15625 0.090210979560879062 0.079750000000000015
-0.140625 0.063147685692615335 0.079750000000000015
-0.125 0.090210979560879007 0.079750000000000015
-0.109375 0.063147685692615335 0.079750000000000015
-0.078125 0.081189881604791125 0.11725000000000001
-0.109375 0.081189881604791125 0.11725000000000001
-0.078125 0.099232077516966943 0.09849999999999999
-0.09375 0.10825317547305485 0.11725000000000001
-0.125 0.10825317547305485 0.11725000000000001
-0.140625 0.099232077516966943 0.09849999999999999
-0.109375 0.099232077516966943 0.09849999999999999
-0.125 0.054126587736527385 0.11725000000000001
-0.15625 0.10825317547305482 0.11725000000000001
-0.15625 0.05412658773652744 0.11725000000000001
-0.171875 0.081189881604791153 0.11725000000000001
-0.15625 0.072168783648703244 0.09849999999999999
-0.171875 0.099232077516966971 0.09849999999999999
-0.1875 0.090210979560879062 0.079750000000000015
-0.140625 0.081189881604791125 0.11725000000000001
-0.109375 0.027063293868263727 0.11725000000000001
-0.140625 0.027063293868263727 0.11725000000000001
-0.125 0.018042195912175818 0.09849999999999999
-0.140625 0.045105489780439531 0.09849999999999999
-0.046875 0.11727427342914275 0.079750000000000015
-0.0625 0.14433756729740646 0.079750000000000015
-0.03125 0.12629537138523067 0.09849999999999999
-0.0625 0.12629537138523067 0.09849999999999999
0 0.14433756729740643 0.13599999999999998
-0.03125 0.16237976320958228 0.11725000000000001
-0.015625 0.13531646934131858 0.11725000000000001
-0.03125 0.14433756729740649 0.13599999999999998
-0.0625 0.1804219591217581 0.09849999999999999
-0.046875 0.15335866525349437 0.09849999999999999
-0.0625 0.16237976320958228 0.11725000000000001
-0.046875 0.13531646934131858 0.11725000000000001
-0.0625 0.14433756729740649 0.13599999999999998
-0.078125 0.13531646934131858 0.11725000000000001
-0.09375 0.14433756729740649 0.13599999999999998
-0.09375 0.16237976320958228 0.11725000000000001
-0.078125 0.17140086116567019 0.079750000000000015
-0.078125 0.15335866525349437 0.09849999999999999
-0.09375 0.1804219591217581 0.09849999999999999
0.125 0.072168783648703216 0.21100000000000002
0.09375 0.09021097956087902 0.19225
0.09375 0.072168783648703216 0.21100000000000002
0.078125 0.081189881604791139 0.17349999999999999
0.078125 0.063147685692615335 0.19225
0.0625 0.10825317547305485 0.17349999999999999
0.0625 0.090210979560879048 0.19225
0.0625 0.072168783648703244 0.21100000000000002
0.046875 0.063147685692615321 0.13599999999999998
0.046875 0.045105489780439517 0.15475
0.0625 0.07216878364870323 0.15475
0.0625 0.054126587736527426 0.17349999999999999
0.03125 0.090210979560879034 0.13599999999999998
0.03125 0.07216878364870323 0.15475
0.03125 0.054126587736527426 0.17349999999999999
0.03125 0.12629537138523064 0.15475
0.015625 0.11727427342914273 0.13599999999999998
0 0.12629537138523064 0.15475
0.046875 0.099232077516966943 0.15475
0.03125 0.10825317547305482 0.17349999999999999
0.015625 0.099232077516966916 0.15475
0 0.10825317547305482 0.17349999999999999
0 0.072168783648703216 0.21100000000000002
0.03125 0.072168783648703216 0.21100000000000002
0.015625 0.063147685692615307 0.19225
0 0.09021097956087902 0.19225
0.046875 0.063147685692615335 0.19225
0.03125 0.09021097956087902 0.19225
0.015625 0.081189881604791111 0.17349999999999999
0.046875 0.081189881604791139 0.17349999999999999
-0.09375 0.072168783648703244 0.21100000000000002
-0.078125 0.063147685692615335 0.19225
-0.09375 0.090210979560879048 0.19225
-0.0625 0.072168783648703244 0.21100000000000002
-0.046875 0.045105489780439517 0.15475
-0.0625 0.054126587736527426 0.17349999999999999
-0.0625 0.07216878364870323 0.15475
-0.03125 0.054126587736527426 0.17349999999999999
-0.09375 0.12629537138523067 0.15475
-0.09375 0.10825317547305485 0.17349999999999999
-0.078125 0.099232077516966943 0.15475
-0.0625 0.10825317547305485 0.17349999999999999
-0.03125 0.072168783648703244 0.21100000000000002
-0.015625 0.063147685692615335 0.19225
-0.03125 0.090210979560879048 0.19225
-0.046875 0.063147685692615335 0.19225
-0.0625 0.090210979560879048 0.19225
-0.046875 0.081189881604791139 0.17349999999999999
-0.078125 0.081189881604791139 0.17349999999999999
-0.046875 0.099232077516966943 0.09849999999999999
-0.015625 0.081189881604791125 0.11724999999999998
-0.046875 0.081189881604791125 0.11725000000000001
-0.03125 0.090210979560879034 0.13599999999999998
0.015625 0.063147685692615321 0.13599999999999998
0.015625 0.045105489780439517 0.15475
-0.046875 0.063147685692615321 0.13599999999999998
-0.015625 0.045105489780439517 0.15474999999999997
-0.015625 0.081189881604791139 0.17349999999999999
0 0.07216878364870323 0.15475
-0.03125 0.07216878364870323 0.15474999999999997
0 0.054126587736527426 0.17349999999999999
-0.015625 0.063147685692615321 0.13599999999999998
-0.0625 0.10825317547305485 0.11725000000000001
-0.078125 0.11727427342914276 0.13599999999999998
-0.046875 0.099232077516966943 0.15475
-0.0625 0.090210979560879034 0.13599999999999998
-0.03125 0.10825317547305485 0.11724999999999998
-0.0625 0.12629537138523067 0.15475
-0.015625 0.11727427342914276 0.13599999999999998
-0.03125 0.12629537138523067 0.15475
-0.015625 0.099232077516966943 0.15475
-0.03125 0.10825317547305485 0.17349999999999999
-0.046875 0.11727427342914276 0.13599999999999998
-0.015625 0.099232077516966943 0.09849999999999999
0 0.10825317547305485 0.11725000000000001
0.015625 0.081189881604791125 0.11725000000000001
0 0.090210979560879034 0.13599999999999998
-0.015625 0.15335866525349434 0.15475
-0.046875 0.17140086116567016 0.13599999999999998
-0.046875 0.15335866525349434 0.15475
-0.03125 0.16237976320958225 0.17349999999999999
-0.078125 0.1533586652534944 0.15475
-0.078125 0.17140086116567019 0.13599999999999998
-0.0625 0.16237976320958225 0.17349999999999999
0.078125 0.099232077516966929 0.21099999999999997
0.078125 0.081189881604791125 0.22974999999999998
0.015625 0.13531646934131855 0.17349999999999999
0.046875 0.11727427342914273 0.19225
0.015625 0.11727427342914273 0.19225
0.03125 0.12629537138523064 0.21100000000000002
0.015625 0.081189881604791125 0.22974999999999998
0.046875 0.081189881604791125 0.22974999999999998
0.015625 0.099232077516966929 0.21099999999999997
0.046875 0.099232077516966929 0.21099999999999997
0.0625 0.10825317547305484 0.22974999999999998
0.03125 0.10825317547305484 0.22974999999999998
-0.109375 0.099232077516966929 0.21099999999999997
-0.078125 0.081189881604791153 0.22974999999999998
-0.109375 0.13531646934131855 0.17349999999999999
-0.109375 0.11727427342914273 0.19225
-0.078125 0.11727427342914276 0.19225
-0.015625 0.081189881604791125 0.22974999999999998
-0.046875 0.081189881604791125 0.22974999999999998
-0.046875 0.099232077516966929 0.21099999999999997
-0.078125 0.099232077516966957 0.21099999999999997
-0.0625 0.10825317547305484 0.22974999999999998
-0.015625 0.13531646934131855 0.17349999999999999
-0.109375 0.15335866525349434 0.15475
-0.078125 0.13531646934131858 0.17349999999999999
-0.015625 0.099232077516966929 0.21099999999999997
-0.03125 0.12629537138523064 0.21099999999999997
-0.015625 0.11727427342914273 0.19225
-0.046875 0.11727427342914273 0.19225
-0.03125 0.14433756729740646 0.19225
-0.0625 0.14433756729740646 0.19225
-0.046875 0.13531646934131855 0.17349999999999999
-0.03125 0.10825317547305484 0.22974999999999998
-0.0625 0.12629537138523064 0.21099999999999997
0 0.10825317547305484 0.22974999999999998
0 0.090210979560879034 0.24849999999999997
0 0.14433756729740646 0.19225
0 0.12629537138523064 0.21099999999999997
-0.015625 0.17140086116567016 0.13599999999999998
-0.046875 0.18944305707784598 0.11725000000000001
-0.03125 0.18042195912175807 0.15475
0.078125 0.11727427342914273 0.19225
0.109375 0.099232077516966929 0.21099999999999997
0.015625 0.15335866525349434 0.15475
0.046875 0.13531646934131855 0.17349999999999999
0.03125 0.16237976320958225 0.17350000000000002
0.03125 0.14433756729740646 0.19225
0.0625 0.12629537138523064 0.21099999999999997
0.0625 0.14433756729740646 0.19225
0 0.16237976320958225 0.17349999999999999
0 0.18042195912175807 0.15475
0.078125 0.045105489780439531 0.21100000000000002
0.046875 0.02706329386826371 0.17350000000000002
0.046875 -0.0090210979560879055 0.21100000000000002
0.0625 0.018042195912175811 0.21100000000000002
0.046875 0.009021097956087902 0.19225
0.03125 0.018042195912175811 0.21100000000000002
0.015625 0.045105489780439503 0.21100000000000002
0.046875 0.045105489780439531 0.21100000000000002
0.03125 0.036084391824351622 0.19225
0.0625 0.036084391824351622 0.19225
-0.015625 -0.11727427342914275 0.21099999999999997
-0.015625 -0.099232077516966943 0.19225
0 -0.090210979560879034 0.21099999999999997
-0.03125 -0.090210979560879034 0.21099999999999997
-0.015625 -0.063147685692615321 0.15475
-0.015625 -0.081189881604791125 0.17349999999999999
0 -0.054126587736527412 0.17349999999999999
-0.03125 -0.054126587736527412 0.17349999999999999
0.03125 -0.036084391824351594 0.21100000000000002
0.015625 -0.063147685692615307 0.21099999999999997
0.015625 -0.045105489780439503 0.19225
0 -0.036084391824351594 0.21099999999999997
-0.0625 -0.036084391824351594 0.21099999999999997
-0.046875 -0.063147685692615307 0.21099999999999997
-0.046875 -0.045105489780439503 0.19225
-0.03125 -0.036084391824351594 0.21099999999999997
-0.03125 -0.072168783648703216 0.19225
-0.015625 -0.063147685692615307 0.21099999999999997
-0.015625 -0.045105489780439503 0.19225
0 -0.072168783648703216 0.19225
-0.109375 0.045105489780439531 0.21100000000000002
-0.09375 0.036084391824351622 0.19225
-0.078125 0.045105489780439531 0.21100000000000002
-0.09375 0.018042195912175811 0.21100000000000002
-0.0625 0.018042195912175828 0.15475
-0.078125 0.02706329386826371 0.17350000000000002
-0.046875 0.02706329386826371 0.17350000000000002
-0.0625 2.0816681711721685e-17 0.17349999999999999
-0.015625 0.045105489780439531 0.21100000000000002
-0.046875 0.045105489780439531 0.21100000000000002
-0.03125 0.036084391824351622 0.19225
-0.03125 0.018042195912175811 0.21099999999999997
-0.078125 -0.0090210979560879055 0.21100000000000002
-0.0625 -0.018042195912175787 0.19225
-0.046875 -0.0090210979560879055 0.21100000000000002
-0.078125 0.009021097956087902 0.19225
-0.0625 0.018042195912175811 0.21100000000000002
-0.046875 0.009021097956087902 0.19225
-0.0625 0.036084391824351622 0.19225
-0.03125 0.018042195912175828 0.15475
0 0.018042195912175828 0.15475
-0.015625 -0.0090210979560878882 0.15475
0 2.0816681711721685e-17 0.17349999999999999
0.03125 0.018042195912175828 0.15475
0 -0.036084391824351608 0.15475
0.03125 -0.018042195912175787 0.19225
0.03125 2.0816681711721685e-17 0.17350000000000002
0.015625 -0.027063293868263696 0.17349999999999999
0.015625 -0.0090210979560878882 0.15475
-0.046875 -0.0090210979560878882 0.15475
-0.03125 2.0816681711721685e-17 0.17349999999999999
-0.03125 -0.036084391824351608 0.15475
-0.046875 -0.027063293868263696 0.17349999999999999
-0.03125 -0.018042195912175787 0.19225
0 -0.018042195912175787 0.19225
-0.015625 -0.027063293868263696 0.17349999999999999
-0.015625 0.02706329386826371 0.17349999999999999
-0.015625 -0.0090210979560879055 0.21099999999999997
0 0.036084391824351622 0.19225
0 0.018042195912175811 0.21100000000000002
0.015625 0.009021097956087902 0.19225
0.015625 -0.0090210979560879055 0.21100000000000002
-0.015625 0.009021097956087902 0.19225
0.015625 0.02706329386826371 0.17350000000000002
-0.09375 0.05412658773652744 0.22974999999999998
-0.0625 0.05412658773652744 0.22974999999999998
-0.078125 0.02706329386826372 0.22974999999999998
-0.0625 0.036084391824351629 0.2485
0 0.054126587736527412 0.22974999999999998
-0.03125 0.05412658773652744 0.22974999999999998
-0.015625 0.02706329386826372 0.22974999999999998
0 0.036084391824351601 0.2485
-0.046875 -0.027063293868263713 0.22974999999999998
-0.0625 3.4694469519536142e-18 0.22974999999999998
-0.03125 3.4694469519536142e-18 0.22974999999999998
-0.03125 -0.018042195912175804 0.24849999999999997
-0.046875 0.02706329386826372 0.22974999999999998
-0.046875 0.0090210979560879125 0.2485
-0.03125 0.036084391824351629 0.2485
-0.015625 0.0090210979560879125 0.2485
0.09375 0.054126587736527412 0.22974999999999998
0.03125 0.054126587736527412 0.22974999999999998
0.0625 0.05412658773652744 0.22974999999999998
0.046875 0.02706329386826372 0.22974999999999998
0.0625 0.036084391824351629 0.2485
0.0625 3.4694469519536142e-18 0.22974999999999998
0.078125 0.02706329386826372 0.22974999999999998
0.078125 0.0090210979560879125 0.2485
0 -0.10825317547305484 0.22974999999999998
-0.03125 -0.054126587736527398 0.22974999999999998
-0.015625 -0.081189881604791125 0.22974999999999998
0 -0.054126587736527398 0.22974999999999998
0 -0.072168783648703216 0.24849999999999997
0.03125 -0.054126587736527398 0.22974999999999998
0.015625 -0.081189881604791125 0.22974999999999998
0.03125 -0.072168783648703216 0.2485
0.015625 0.027063293868263692 0.22974999999999998
-0.015625 -0.027063293868263713 0.22974999999999998
0.046875 -0.027063293868263713 0.22974999999999998
0.03125 -0.018042195912175804 0.2485
0.03125 3.4694469519536142e-18 0.22974999999999998
0.015625 -0.027063293868263713 0.22974999999999998
0.015625 0.0090210979560878847 0.2485
0 -0.018042195912175804 0.2485
0 3.4694469519536142e-18 0.22974999999999998
-0.015625 -0.045105489780439517 0.24849999999999997
0.046875 -0.045105489780439517 0.2485
0.015625 -0.045105489780439517 0.2485
0.0625 -0.018042195912175804 0.2485
0.03125 0.036084391824351601 0.2485
0.046875 0.0090210979560879125 0.2485
-0.109375 0.02706329386826372 0.22974999999999998
-0.078125 -0.027063293868263713 0.22974999999999998
-0.09375 3.4694469519536142e-18 0.22974999999999998
-0.09375 -0.018042195912175804 0.2485
-0.0625 -0.018042195912175804 0.2485
-0.078125 0.0090210979560879125 0.2485
-0.03125 -0.10825317547305484 0.22974999999999998
-0.0625 -0.054126587736527398 0.22974999999999998
-0.046875 -0.081189881604791125 0.22974999999999998
-0.0625 -0.072168783648703216 0.24849999999999997
-0.03125 -0.072168783648703216 0.24849999999999997
-0.046875 -0.045105489780439517 0.2485
-0.078125 -0.045105489780439517 0.2485
-0.015625 0.063147685692615321 0.2485
-0.046875 0.063147685692615321 0.2485
0.046875 0.063147685692615321 0.2485
0.015625 0.063147685692615321 0.2485
-0.046875 -0.099232077516966943 0.19225
-0.046875 -0.063147685692615321 0.15475
-0.109375 -0.063147685692615321 0.15475
-0.078125 -0.081189881604791125 0.17349999999999999
-0.078125 -0.063147685692615321 0.15475
-0.09375 -0.054126587736527412 0.17349999999999999
-0.078125 -0.045105489780439503 0.19225
-0.0625 -0.072168783648703216 0.19225
-0.0625 -0.054126587736527412 0.17349999999999999
-0.046875 -0.081189881604791125 0.17349999999999999
-0.140625 -0.0090210979560878986 0.098500000000000018
-0.140625 -0.045105489780439517 0.13600000000000001
-0.171875 -0.027063293868263706 0.11725000000000001
-0.140625 -0.027063293868263706 0.11725000000000001
-0.15625 -0.018042195912175797 0.13600000000000001
-0.15625 1.0408340855860843e-17 0.11725000000000001
-0.171875 0.0090210979560879194 0.13600000000000001
-0.1875 1.0408340855860843e-17 0.11725000000000001
-0.171875 -0.0090210979560878986 0.09849999999999999
-0.203125 -0.0090210979560878986 0.09849999999999999
-0.125 0.036084391824351622 0.19225
-0.09375 0.018042195912175828 0.15475
-0.09375 -0.018042195912175787 0.19225
-0.109375 0.009021097956087902 0.19225
-0.09375 2.0816681711721685e-17 0.17350000000000002
-0.125 -3.4694469519536142e-17 0.17350000000000002
-0.15625 0.018042195912175828 0.15475
-0.140625 0.02706329386826371 0.17350000000000002
-0.125 0.018042195912175773 0.15475
-0.109375 0.02706329386826371 0.17350000000000002
-0.109375 -0.0090210979560878986 0.098500000000000018
-0.078125 -0.027063293868263706 0.11725000000000001
-0.09375 1.0408340855860843e-17 0.11725000000000001
-0.09375 -0.018042195912175797 0.13599999999999998
-0.046875 -0.045105489780439517 0.13599999999999998
-0.078125 0.0090210979560879194 0.13600000000000001
-0.078125 -0.027063293868263696 0.17350000000000002
-0.0625 -0.036084391824351608 0.15475
-0.078125 -0.0090210979560878882 0.15475
-0.0625 -0.018042195912175797 0.13599999999999998
-0.125 1.0408340855860843e-17 0.11725000000000001
-0.140625 0.0090210979560879194 0.13600000000000001
-0.109375 -0.0090210979560878882 0.15475
-0.109375 0.0090210979560879194 0.13600000000000001
-0.109375 -0.027063293868263706 0.11725000000000001
-0.140625 -0.0090210979560878882 0.15475
-0.109375 -0.045105489780439517 0.13600000000000001
-0.125 -0.036084391824351608 0.15475
-0.09375 -0.036084391824351608 0.15475
-0.109375 -0.027063293868263696 0.17350000000000002
-0.125 -0.018042195912175797 0.13600000000000001
-0.078125 -0.045105489780439517 0.13599999999999998
-0.140625 -0.063147685692615321 0.15475
-0.171875 -0.045105489780439517 0.13599999999999998
-0.15625 -0.036084391824351608 0.15475
-0.15625 -0.054126587736527412 0.17350000000000002
-0.171875 -0.0090210979560878882 0.15475
-0.203125 -0.027063293868263706 0.11725000000000001
-0.1875 -0.018042195912175797 0.13599999999999998
-0.1875 -0.036084391824351608 0.15475
-0.171875 -0.027063293868263696 0.17350000000000002
-0.046875 -0.11727427342914275 0.21099999999999997
-0.109375 -0.081189881604791125 0.17350000000000002
-0.078125 -0.099232077516966943 0.19225
-0.09375 -0.072168783648703216 0.19225
-0.09375 -0.090210979560879034 0.21099999999999997
-0.078125 -0.063147685692615307 0.21100000000000002
-0.0625 -0.090210979560879034 0.21099999999999997
-0.0625 -0.10825317547305484 0.22974999999999998
-0.078125 -0.081189881604791125 0.22974999999999998
-0.140625 0.045105489780439503 0.21100000000000002
-0.171875 0.027063293868263737 0.17350000000000002
-0.15625 0.036084391824351594 0.19225
-0.140625 0.009021097956087902 0.19225
-0.109375 -0.0090210979560879055 0.21100000000000002
-0.125 0.018042195912175811 0.21100000000000002
-0.125 3.4694469519536142e-18 0.22974999999999998
-0.125 -0.054126587736527412 0.17350000000000002
-0.1875 0.018042195912175828 0.15475
-0.15625 2.0816681711721685e-17 0.17350000000000002
-0.09375 -0.036084391824351594 0.21100000000000002
-0.125 -0.03608439182435165 0.21100000000000002
-0.109375 -0.045105489780439503 0.19225
-0.125 -0.018042195912175842 0.19225
-0.140625 -0.045105489780439503 0.19225
-0.15625 -0.018042195912175787 0.19225
-0.140625 -0.027063293868263696 0.17350000000000002
-0.109375 -0.027063293868263713 0.22974999999999998
-0.140625 -0.0090210979560879055 0.21100000000000002
-0.09375 -0.054126587736527398 0.22974999999999998
-0.125 -0.072168783648703216 0.19225
-0.140625 -0.063147685692615307 0.21100000000000002
-0.109375 -0.063147685692615307 0.21100000000000002
-0.171875 -0.063147685692615321 0.15475
-0.109375 -0.099232077516966943 0.19225
-0.078125 -0.11727427342914275 0.21099999999999997
-0.140625 -0.081189881604791125 0.17350000000000002
-0.140625 -0.099232077516966943 0.19225
-0.125 -0.090210979560879034 0.21100000000000002
-0.09375 0.07216878364870323 -0.013999999999999992
-0.125 0.090210979560879034 -0.032750000000000001
-0.0625 0.12629537138523067 0.042249999999999989
-0.078125 0.15335866525349437 0.042250000000000017
-0.09375 0.14433756729740649 0.023500000000000004
-0.0625 0.14433756729740649 0.023500000000000004
-0.0625 0.16237976320958228 0.0047499999999999921
-0.078125 0.17140086116567016 0.023500000000000004
-0.09375 0.16237976320958228 0.0047500000000000198
-0.09375 0.18042195912175807 0.042250000000000017
-0.109375 0.17140086116567016 0.023500000000000004
0 0.10825317547305485 -0.05149999999999999
0 0.12629537138523064 -0.070249999999999993
-0.03125 0.12629537138523064 -0.070249999999999993
-0.015625 0.13531646934131855 -0.05149999999999999
-0.03125 0.16237976320958228 -0.05149999999999999
-0.015625 0.15335866525349437 -0.070249999999999993
-0.046875 0.15335866525349437 -0.070249999999999993
0 0.090210979560879034 -0.032750000000000001
-0.03125 0.090210979560879034 -0.032750000000000001
-0.015625 0.099232077516966943 -0.013999999999999992
-0.03125 0.10825317547305485 -0.05149999999999999
-0.015625 0.11727427342914276 -0.032750000000000001
-0.0625 0.10825317547305485 -0.05149999999999999
-0.046875 0.11727427342914276 -0.032750000000000001
-0.03125 0.12629537138523067 -0.013999999999999992
-0.09375 0.12629537138523064 -0.070249999999999993
-0.0625 0.12629537138523064 -0.070249999999999993
-0.078125 0.13531646934131855 -0.05149999999999999
-0.046875 0.17140086116567019 -0.032750000000000001
-0.03125 0.14433756729740646 -0.032750000000000001
-0.0625 0.16237976320958228 -0.05149999999999999
-0.046875 0.15335866525349437 -0.013999999999999992
-0.0625 0.14433756729740646 -0.032750000000000001
-0.046875 0.13531646934131855 -0.05149999999999999
-0.078125 0.11727427342914276 0.023500000000000004
-0.09375 0.10825317547305485 0.0047499999999999921
-0.0625 0.10825317547305485 0.0047499999999999921
-0.09375 0.12629537138523067 -0.013999999999999992
-0.109375 0.099232077516966943 -0.013999999999999992
-0.09375 0.090210979560879034 -0.032750000000000001
-0.125 0.10825317547305485 -0.05149999999999999
-0.046875 0.099232077516966943 -0.013999999999999992
-0.0625 0.090210979560879034 -0.032750000000000001
-0.109375 0.13531646934131855 -0.05149999999999999
-0.109375 0.11727427342914276 -0.032749999999999974
-0.078125 0.11727427342914276 -0.032750000000000001
-0.09375 0.10825317547305485 -0.05149999999999999
-0.078125 0.099232077516966943 -0.013999999999999992
-0.046875 0.11727427342914276 0.023500000000000004
-0.078125 0.13531646934131858 0.0047500000000000198
-0.03125 0.10825317547305485 0.0047499999999999921
-0.046875 0.13531646934131858 0.0047499999999999921
-0.078125 0.15335866525349437 -0.013999999999999992
-0.09375 0.14433756729740646 -0.032750000000000001
-0.0625 0.12629537138523067 -0.013999999999999992
-0.109375 0.13531646934131858 0.0047500000000000198
-0.109375 0.15335866525349437 -0.013999999999999992
-0.140625 0.11727427342914276 -0.032749999999999974
-0.125 0.12629537138523067 -0.013999999999999992
0.125 -0.054126587736527426 0.11725000000000001
0.15625 -0.07216878364870323 0.13599999999999998
0.125 0.054126587736527426 0.17349999999999999
0.09375 0.036084391824351636 0.13599999999999998
0.109375 0.045105489780439517 0.15475
0.125 0.018042195912175828 0.15475
0.125 0.036084391824351636 0.13600000000000001
0.15625 0.036084391824351636 0.13600000000000001
0.140625 0.045105489780439517 0.15475
0.15625 0.018042195912175828 0.15475
0.140625 0.02706329386826371 0.17350000000000002
0.15625 2.0816681711721685e-17 0.17350000000000002
0.15625 0 0.060999999999999999
0.15625 -0.018042195912175808 0.079750000000000015
0.140625 0.009021097956087909 0.079749999999999988
0.1875 0 0.060999999999999999
0.1875 -0.018042195912175808 0.079750000000000015
0.171875 0.009021097956087909 0.079749999999999988
0.1875 -0.036084391824351615 0.09849999999999999
0.171875 -0.0090210979560878986 0.09849999999999999
0.15625 0.018042195912175818 0.09849999999999999
0.171875 0.027063293868263727 0.11725000000000001
0.1875 0.018042195912175818 0.09849999999999999
0.1875 1.0408340855860843e-17 0.11725000000000001
0.140625 -0.0090210979560878986 0.09849999999999999
0.140625 -0.027063293868263706 0.11725000000000001
0.125 1.0408340855860843e-17 0.11725000000000001
0.15625 -0.018042195912175797 0.13599999999999998
0.140625 -0.045105489780439517 0.13599999999999998
0.109375 0.0090210979560879194 0.13599999999999998
0.125 -0.018042195912175797 0.13599999999999998
0.140625 -0.0090210979560878882 0.15475
0.15625 -0.036084391824351608 0.15475
0.125 0.018042195912175818 0.09849999999999999
0.15625 1.0408340855860843e-17 0.11725000000000001
0.109375 0.027063293868263727 0.11725000000000001
0.140625 0.027063293868263727 0.11725000000000001
0.171875 0.0090210979560879194 0.13600000000000001
0.140625 0.0090210979560879194 0.13600000000000001
0.171875 -0.0090210979560878882 0.15475
0.171875 -0.027063293868263706 0.11725000000000001
0.1875 -0.018042195912175797 0.13599999999999998
0.15625 -0.036084391824351615 0.09849999999999999
0.15625 -0.054126587736527426 0.11725000000000001
0.171875 -0.063147685692615321 0.15475
0.171875 -0.045105489780439517 0.13599999999999998
0.1875 -0.054126587736527426 0.11725000000000001
0 0.14433756729740646 -0.08900000000000001
0.015625 0.13531646934131855 -0.05149999999999999
0.015625 0.11727427342914276 -0.032750000000000001
0 0.14433756729740646 -0.032750000000000001
0.03125 0.12629537138523067 -0.013999999999999992
0.015625 0.099232077516966943 -0.013999999999999992
0 0.10825317547305485 0.0047499999999999921
-0.0625 0.1804219591217581 -0.014000000000000019
-0.03125 0.16237976320958228 0.0047499999999999921
-0.015625 0.15335866525349437 -0.013999999999999992
-0.015625 0.13531646934131858 0.0047499999999999921
0 0.14433756729740649 0.023500000000000004
0.0625 0.10825317547305481 0.060999999999999999
0.046875 0.11727427342914276 0.023500000000000004
0.046875 0.099232077516966957 0.042250000000000017
0.03125 0.12629537138523067 0.042250000000000017
0.03125 0.10825317547305485 0.0047499999999999921
0.015625 0.13531646934131858 0.0047499999999999921
0.015625 0.11727427342914276 0.023500000000000004
0 0.12629537138523067 -0.013999999999999992
-0.046875 0.13531646934131855 0.060999999999999999
-0.046875 0.15335866525349437 0.042250000000000017
-0.03125 0.16237976320958228 0.060999999999999999
-0.046875 0.17140086116567016 0.023500000000000004
-0.0625 0.18042195912175807 0.042250000000000017
-0.015625 0.15335866525349437 0.09849999999999999
-0.046875 0.17140086116567019 0.079750000000000015
-0.03125 0.14433756729740646 0.079749999999999988
-0.0625 0.16237976320958228 0.060999999999999999
-0.078125 0.18944305707784598 0.060999999999999999
0.109375 0.081189881604791111 0.17349999999999999
0.09375 0.07216878364870323 0.15475
0.09375 0.090210979560879034 0.13599999999999998
0.078125 0.099232077516966943 0.15475
0.078125 0.063147685692615321 0.13599999999999998
0.046875 0.081189881604791125 0.11725000000000001
0.078125 0.099232077516966943 0.09849999999999999
0.0625 0.090210979560879007 0.079749999999999988
0.046875 0.11727427342914275 0.079750000000000015
0.078125 0.081189881604791125 0.11725000000000001
0.0625 0.10825317547305485 0.11725000000000001
0.046875 0.099232077516966943 0.09849999999999999
0.03125 0.12629537138523067 0.09849999999999999
0.015625 0.13531646934131852 0.11725000000000001
0.046875 0.11727427342914276 0.13599999999999998
0.03125 0.10825317547305485 0.11725000000000001
0.0625 0.090210979560879034 0.13599999999999998
-0.03125 0.10825317547305487 0.060999999999999999
0.03125 0.10825317547305487 0.060999999999999999
-0.015625 0.11727427342914275 0.079749999999999988
0 0.12629537138523067 0.09849999999999999
0.015625 0.11727427342914275 0.079750000000000015
0.015625 0.099232077516966943 0.09849999999999999
-0.03125 0.12629537138523067 0.042249999999999989
0 0.14433756729740646 0.079750000000000015
-0.03125 0.14433756729740649 0.023500000000000004
-0.015625 0.15335866525349437 0.042249999999999989
0 0.12629537138523067 0.042249999999999989
0.015625 0.13531646934131855 0.060999999999999999
-0.015625 0.13531646934131855 0.060999999999999999
-0.015625 0.11727427342914276 0.023500000000000004
0.0625 0.18042195912175804 -0.014000000000000019
0.078125 0.18944305707784598 0.0047499999999999921
0.078125 0.17140086116567016 0.023500000000000004
0.046875 0.18944305707784598 0.0047499999999999921
0.09375 0.16237976320958228 0.060999999999999999
0.09375 0.18042195912175807 0.042250000000000017
0.0625 0.18042195912175807 0.042250000000000017
0.125 0.14433756729740643 0.13599999999999998
0.125 0.16237976320958225 0.11725000000000001
0.109375 0.15335866525349434 0.09849999999999999
0.09375 0.16237976320958225 0.11725000000000001
0.109375 0.17140086116567016 0.079750000000000015
0.078125 0.17140086116567019 0.079750000000000015
0.0625 0.1804219591217581 0.09849999999999999
0.09375 0.18042195912175807 0.09849999999999999
0.03125 0.19846415503393386 0.079750000000000015
0.0625 0.19846415503393389 0.079750000000000015
0.046875 0.18944305707784598 0.060999999999999999
0.078125 0.18944305707784598 0.060999999999999999
0.015625 0.15335866525349437 -0.070249999999999993
0.03125 0.16237976320958228 -0.05149999999999999
0.03125 0.14433756729740646 -0.032750000000000001
0 0.16237976320958228 -0.05149999999999999
0.046875 0.17140086116567019 -0.032749999999999974
0.0625 0.16237976320958222 0.0047499999999999921
0.03125 0.1804219591217581 -0.013999999999999992
0.046875 0.15335866525349437 -0.013999999999999992
0.015625 0.17140086116567019 -0.032750000000000001
0.0625 0.14433756729740643 0.023500000000000004
0.03125 0.16237976320958228 0.0047500000000000198
0 0.1804219591217581 -0.014000000000000019
0.0625 0.12629537138523061 0.042249999999999989
0.046875 0.13531646934131858 0.0047500000000000198
0.03125 0.14433756729740649 0.023500000000000004
-0.03125 0.1804219591217581 -0.014000000000000019
-0.015625 0.17140086116567019 -0.032750000000000001
0 0.16237976320958228 0.0047499999999999921
0.015625 0.15335866525349437 -0.013999999999999992
0.125 0.09021097956087902 0.19225
0.125 0.10825317547305482 0.17349999999999999
0.109375 0.099232077516966916 0.15475
0.09375 0.10825317547305482 0.17349999999999999
0.125 0.12629537138523064 0.15475
0.109375 0.13531646934131852 0.11725000000000001
0.09375 0.14433756729740643 0.13599999999999998
0.109375 0.11727427342914273 0.13599999999999998
0.09375 0.12629537138523064 0.15475
0.09375 0.12629537138523067 0.09849999999999999
0.078125 0.13531646934131858 0.11725000000000001
0.0625 0.14433756729740649 0.13599999999999998
0.078125 0.11727427342914275 0.079750000000000015
0.09375 0.10825317547305485 0.11725000000000001
0.0625 0.12629537138523067 0.09849999999999999
0.03125 0.14433756729740643 0.13599999999999998
0.0625 0.12629537138523067 0.15475
0.046875 0.13531646934131858 0.11725000000000001
0.078125 0.11727427342914276 0.13599999999999998
0 0.18042195912175807 0.09849999999999999
0 0.19846415503393386 0.079750000000000015
-0.03125 0.19846415503393389 0.079750000000000015
-0.015625 0.18944305707784598 0.060999999999999999
-0.03125 0.18042195912175807 0.042249999999999989
0 0.16237976320958225 0.11725000000000001
-0.03125 0.1804219591217581 0.09849999999999999
-0.015625 0.17140086116567019 0.079750000000000015
-0.046875 0.18944305707784598 0.060999999999999999
0.046875 0.17140086116567019 0.079750000000000015
0.03125 0.16237976320958228 0.060999999999999999
0.015625 0.18944305707784595 0.060999999999999999
0.03125 0.18042195912175807 0.042250000000000017
0.03125 0.19846415503393389 0.023500000000000004
0.046875 0.17140086116567016 0.023500000000000004
0.078125 0.15335866525349437 0.042250000000000017
0.078125 0.15335866525349437 0.09849999999999999
0.09375 0.14433756729740646 0.079750000000000015
0.046875 0.13531646934131855 0.060999999999999999
0.046875 0.15335866525349437 0.042250000000000017
0.0625 0.14433756729740646 0.079750000000000015
0.078125 0.13531646934131855 0.060999999999999999
0.0625 0.16237976320958228 0.060999999999999999
0.03125 0.18042195912175807 0.09849999999999999
0.015625 0.17140086116567016 0.079750000000000015
0.0625 0.16237976320958228 0.11725000000000001
0.03125 0.16237976320958225 0.11725000000000001
0.015625 0.15335866525349434 0.09849999999999999
0.03125 0.14433756729740646 0.079750000000000015
0.046875 0.15335866525349437 0.09849999999999999
0 0.18042195912175807 0.042250000000000017
-0.046875 0.18944305707784598 0.0047499999999999921
-0.03125 0.19846415503393389 0.023500000000000004
-0.015625 0.17140086116567016 0.023500000000000004
0.015625 0.15335866525349437 0.042250000000000017
0 0.16237976320958228 0.060999999999999999
0 0.19846415503393389 0.023500000000000004
-0.015625 0.18944305707784598 0.0047499999999999921
0.015625 0.18944305707784598 0.0047499999999999921
0.015625 0.17140086116567016 0.023500000000000004
0.078125 0.18944305707784598 0.11725000000000001
0.109375 0.11727427342914273 0.19225
0.109375 0.15335866525349434 0.15475
0.109375 0.13531646934131855 0.17349999999999999
0.078125 0.15335866525349434 0.15475
0.046875 0.15335866525349434 0.15475
0.078125 0.13531646934131855 0.17349999999999999
0.0625 0.16237976320958225 0.17349999999999999
-0.015625 0.18944305707784598 0.11725000000000001
0.078125 0.17140086116567016 0.13599999999999998
0.046875 0.18944305707784598 0.11725000000000001
0.015625 0.17140086116567016 0.13599999999999998
0.015625 0.18944305707784598 0.11725000000000001
0.03125 0.18042195912175807 0.15475
0.046875 0.17140086116567016 0.13599999999999998
0.03125 0.12629537138523064 -0.070249999999999993
0.03125 0.10825317547305485 -0.05149999999999999
0.0625 0.10825317547305485 -0.05149999999999999
0.046875 0.11727427342914276 -0.032750000000000001
0.03125 0.07216878364870323 -0.013999999999999992
0.03125 0.090210979560879034 -0.032750000000000001
0.0625 0.07216878364870323 -0.013999999999999992
0.046875 0.081189881604791139 0.0047499999999999921
0.125 0.07216878364870323 -0.013999999999999992
0.09375 0.090210979560879034 -0.032750000000000001
0.09375 0.07216878364870323 -0.013999999999999992
0.109375 0.081189881604791139 0.0047499999999999921
0.0625 0.090210979560879034 -0.032750000000000001
0.078125 0.099232077516966943 -0.013999999999999992
0.078125 0.081189881604791139 0.0047499999999999921
0.09375 0.090210979560879048 0.023500000000000004
0.078125 0.099232077516966957 0.042249999999999989
0.0625 0.10825317547305485 0.0047499999999999921
0.0625 0.090210979560879048 0.023500000000000004
0.046875 0.099232077516966943 -0.013999999999999992
0.125 0.018042195912175808 0.042249999999999989
0.15625 0.018042195912175808 0.042249999999999989
0.125 0.036084391824351615 0.023500000000000004
0.140625 0.027063293868263717 0.060999999999999999
0.15625 0.054126587736527426 0.0047499999999999921
0.125 0.054126587736527426 0.0047499999999999921
0.140625 0.063147685692615335 0.023500000000000004
0.1875 0.036084391824351615 0.023500000000000004
0.15625 0.036084391824351615 0.023500000000000004
0.171875 0.045105489780439524 0.042249999999999989
0.140625 0.045105489780439524 0.042249999999999989
0.15625 0.054126587736527433 0.060999999999999999
0.15625 0.036084391824351622 0.079749999999999988
0.171875 0.045105489780439531 0.09849999999999999
0.1875 0.036084391824351622 0.079749999999999988
0.1875 0.018042195912175808 0.042249999999999989
0.203125 0.009021097956087909 0.079749999999999988
0.171875 0.027063293868263717 0.060999999999999999
0.203125 0.027063293868263717 0.060999999999999999
0.140625 0.063147685692615335 0.19225
0.125 0.07216878364870323 0.15475
0.15625 0.054126587736527426 0.17349999999999999
0.09375 0.05412658773652744 0.11724999999999998
0.09375 0.090210979560879062 0.079749999999999988
0.109375 0.081189881604791125 0.11725000000000001
0.09375 0.072168783648703244 0.09849999999999999
0.125 0.072168783648703244 0.09849999999999999
0.1875 0.036084391824351636 0.13599999999999998
0.171875 0.045105489780439517 0.15475
0.15625 0.05412658773652744 0.11725000000000001
0.140625 0.063147685692615321 0.13599999999999998
0.125 0.05412658773652744 0.11725000000000001
0.109375 0.063147685692615321 0.13599999999999998
0.109375 0.027063293868263717 0.060999999999999999
0.078125 0.081189881604791153 0.060999999999999999
0.125 0.036084391824351622 0.079749999999999988
0.140625 0.045105489780439531 0.09849999999999999
0.109375 0.063147685692615335 0.079749999999999988
0.109375 0.045105489780439531 0.09849999999999999
0.109375 0.045105489780439524 0.042249999999999989
0.140625 0.063147685692615335 0.079750000000000015
0.109375 0.063147685692615335 0.023500000000000004
0.125 0.072168783648703244 0.042249999999999989
0.09375 0.072168783648703244 0.042249999999999989
0.109375 0.081189881604791153 0.060999999999999999
0.125 0.054126587736527433 0.060999999999999999
0.09375 0.036084391824351615 0.023500000000000004
0.09375 0.054126587736527426 0.0047499999999999921
0.0625 0.054126587736527426 0.0047499999999999921
0.078125 0.063147685692615335 0.023500000000000004
0.125 0.14433756729740649 0.023500000000000004
0.09375 0.16237976320958228 0.0047499999999999921
0.109375 0.17140086116567016 0.023500000000000004
0.125 0.16237976320958228 0.0047500000000000198
0.140625 0.15335866525349437 0.042250000000000017
0.03125 0.14433756729740646 -0.08900000000000001
0.046875 0.15335866525349437 -0.070249999999999993
0.046875 0.13531646934131855 -0.05149999999999999
0.0625 0.12629537138523064 -0.070249999999999993
0.078125 0.17140086116567019 -0.032750000000000001
0.078125 0.15335866525349437 -0.013999999999999992
0.0625 0.16237976320958228 -0.05149999999999999
0.0625 0.14433756729740646 -0.032750000000000001
0.09375 0.12629537138523067 -0.013999999999999992
0.09375 0.14433756729740646 -0.032750000000000001
0.109375 0.099232077516966943 -0.013999999999999992
0.125 0.090210979560879034 -0.032750000000000001
0.078125 0.11727427342914276 -0.032750000000000001
0.09375 0.10825317547305485 -0.05149999999999999
0.109375 0.11727427342914276 -0.032750000000000001
0.125 0.10825317547305485 -0.05149999999999999
0.078125 0.13531646934131855 -0.05149999999999999
0.09375 0.12629537138523064 -0.070249999999999993
0.109375 0.13531646934131855 -0.05149999999999999
0.140625 0.081189881604791139 0.0047499999999999921
0.15625 0.07216878364870323 -0.013999999999999992
0.171875 0.063147685692615335 0.023500000000000004
0.1875 0.054126587736527426 0.0047499999999999921
0.15625 0.090210979560879048 0.023500000000000004
0.171875 0.081189881604791139 0.0047499999999999921
0.1875 0.072168783648703244 0.042249999999999989
0.109375 0.15335866525349437 -0.013999999999999992
0.140625 0.13531646934131858 0.0047500000000000198
0.140625 0.099232077516966943 -0.013999999999999992
0.15625 0.090210979560879034 -0.032750000000000001
0.15625 0.10825317547305485 0.0047499999999999921
0.140625 0.11727427342914276 -0.032750000000000001
0.171875 0.099232077516966957 0.042250000000000017
0.140625 0.11727427342914276 0.023500000000000004
0.15625 0.12629537138523067 0.042250000000000017
0.171875 0.11727427342914276 0.023500000000000004
0.125 0.10825317547305485 0.0047499999999999921
0.109375 0.13531646934131858 0.0047499999999999921
0.125 0.12629537138523067 -0.013999999999999992
0.125 0.14433756729740646 -0.032750000000000001
0.140625 0.13531646934131858 0.11725000000000001
0.125 0.14433756729740646 0.079750000000000015
0.15625 0.12629537138523067 0.09849999999999999
0.140625 0.15335866525349437 0.09849999999999999
0.109375 0.15335866525349437 0.042250000000000017
0.171875 0.11727427342914275 0.079750000000000015
0.15625 0.14433756729740646 0.079750000000000015
0.140625 0.13531646934131855 0.060999999999999999
0.125 0.16237976320958228 0.060999999999999999
0.140625 0.081189881604791139 0.17349999999999999
0.140625 0.11727427342914276 0.13599999999999998
0.140625 0.099232077516966943 0.15475
0.125 0.10825317547305485 0.11725000000000001
0.15625 0.090210979560879034 0.13599999999999998
0.109375 0.099232077516966943 0.09849999999999999
0.171875 0.063147685692615321 0.13599999999999998
0.15625 0.07216878364870323 0.15475
0.140625 0.081189881604791125 0.11725000000000001
0.125 0.090210979560879034 0.13599999999999998
0.078125 0.13531646934131858 0.0047499999999999921
0.078125 0.11727427342914276 0.023500000000000004
0.09375 0.10825317547305485 0.0047499999999999921
0.0625 0.12629537138523067 -0.013999999999999992
0.171875 0.081189881604791153 0.060999999999999999
0.171875 0.063147685692615335 0.079750000000000015
0.15625 0.072168783648703244 0.042249999999999989
0.1875 0.054126587736527433 0.060999999999999999
0.140625 0.11727427342914275 0.079750000000000015
0.125 0.12629537138523067 0.042250000000000017
0.125 0.10825317547305487 0.060999999999999999
0.15625 0.10825317547305487 0.060999999999999999
0.125 0.12629537138523067 0.09849999999999999
0.09375 0.14433756729740649 0.023500000000000004
0.09375 0.10825317547305487 0.060999999999999999
0.109375 0.11727427342914275 0.079750000000000015
0.09375 0.12629537138523067 0.042249999999999989
0.109375 0.13531646934131855 0.060999999999999999
0.140625 0.099232077516966957 0.042250000000000017
0.125 0.090210979560879048 0.023500000000000004
0.109375 0.099232077516966957 0.042249999999999989
0.109375 0.11727427342914276 0.023500000000000004
0.1875 0.072168783648703244 0.09849999999999999
0.1875 0.090210979560879062 0.079749999999999988
0.15625 0.090210979560879062 0.079750000000000015
0.1875 0.05412658773652744 0.11724999999999998
0.15625 0.072168783648703244 0.09849999999999999
0.125 0.090210979560879062 0.079750000000000015
0.140625 0.081189881604791153 0.060999999999999999
0.171875 0.099232077516966943 0.09849999999999999
0.171875 0.081189881604791125 0.11725000000000001
0.15625 0.10825317547305485 0.11725000000000001
0.140625 0.099232077516966943 0.09849999999999999
-0.078125 0.045105489780439517 -0.013999999999999992
-0.140625 0.081189881604791125 -0.051500000000000018
-0.015625 0.099232077516966943 -0.070249999999999993
-0.03125 0.090210979560879034 -0.088999999999999982
-0.015625 0.11727427342914275 -0.088999999999999982
-0.046875 0.11727427342914275 -0.088999999999999982
-0.015625 0.063147685692615321 -0.032750000000000001
-0.015625 0.081189881604791125 -0.05149999999999999
-0.046875 0.081189881604791125 -0.05149999999999999
-0.03125 0.054126587736527412 -0.05149999999999999
-0.078125 0.099232077516966943 -0.070249999999999993
-0.078125 0.11727427342914275 -0.088999999999999982
-0.0625 0.03608439182435165 -0.088999999999999982
-0.046875 0.063147685692615307 -0.088999999999999982
-0.046875 0.045105489780439503 -0.070249999999999965
-0.078125 0.063147685692615307 -0.088999999999999982
-0.03125 0.072168783648703216 -0.070249999999999993
-0.0625 0.090210979560879034 -0.088999999999999982
-0.0625 0.072168783648703216 -0.070249999999999993
-0.09375 0.090210979560879034 -0.088999999999999982
-0.046875 0.099232077516966943 -0.070249999999999993
-0.109375 -0.045105489780439559 -0.08900000000000001
-0.09375 -0.036084391824351594 -0.070250000000000021
-0.09375 -0.018042195912175783 -0.08900000000000001
-0.125 -0.018042195912175839 -0.088999999999999982
-0.0625 -0.018042195912175773 -0.032750000000000001
-0.078125 -0.027063293868263737 -0.051500000000000018
-0.09375 -2.0816681711721685e-17 -0.05149999999999999
-0.0625 3.4694469519536142e-17 -0.05149999999999999
-0.125 0.018042195912175787 -0.070249999999999993
-0.140625 0.0090210979560878778 -0.08900000000000001
-0.078125 0.0090210979560878778 -0.08900000000000001
-0.0625 0.018042195912175842 -0.070249999999999993
-0.09375 0.036084391824351594 -0.088999999999999982
-0.078125 -0.0090210979560879298 -0.070249999999999993
-0.109375 0.0090210979560878778 -0.08900000000000001
-0.09375 0.018042195912175787 -0.070249999999999993
-0.125 0.036084391824351594 -0.088999999999999982
-0.109375 -0.0090210979560879298 -0.070249999999999993
-0.109375 0.063147685692615321 -0.032750000000000001
-0.078125 0.063147685692615321 -0.032750000000000001
-0.09375 0.036084391824351608 -0.032750000000000001
-0.09375 0.054126587736527412 -0.05149999999999999
-0.046875 0.063147685692615321 -0.032750000000000001
-0.03125 0.036084391824351608 -0.032750000000000001
-0.078125 0.0090210979560878882 -0.032749999999999974
-0.046875 0.0090210979560878882 -0.032749999999999974
-0.078125 0.045105489780439503 -0.070249999999999965
-0.0625 0.054126587736527412 -0.05149999999999999
-0.078125 0.027063293868263696 -0.05149999999999999
-0.046875 0.027063293868263696 -0.05149999999999999
-0.0625 0.036084391824351608 -0.032750000000000001
-0.125 0.054126587736527412 -0.05149999999999999
-0.109375 0.045105489780439503 -0.070249999999999993
-0.109375 0.027063293868263696 -0.051500000000000018
-0.140625 0.045105489780439503 -0.070249999999999993
-0.109375 0.081189881604791125 -0.05149999999999999
-0.09375 0.072168783648703216 -0.070249999999999993
-0.109375 0.063147685692615307 -0.08900000000000001
-0.125 0.072168783648703216 -0.070249999999999993
-0.078125 0.081189881604791125 -0.05149999999999999
-0.109375 0.099232077516966943 -0.070249999999999993
-0.109375 -0.027063293868263748 -0.10775
-0.078125 0.027063293868263685 -0.10775
-0.09375 2.4286128663675299e-17 -0.10775000000000003
-0.109375 0.027063293868263685 -0.10775
-0.125 -3.1225022567582528e-17 -0.10775
-0.03125 0.10825317547305484 -0.10775
-0.0625 0.054126587736527454 -0.10775
-0.046875 0.081189881604791125 -0.10774999999999997
-0.078125 0.081189881604791125 -0.10774999999999997
-0.0625 0.10825317547305484 -0.10775
-0.09375 0.054126587736527398 -0.10775
-0.078125 0.045105489780439489 -0.1265
0.109375 -0.063147685692615335 0.09849999999999999
0.140625 -0.027063293868263717 0.060999999999999999
0.171875 -0.027063293868263717 0.060999999999999999
0.171875 -0.045105489780439524 0.079750000000000015
0.15625 -0.054126587736527433 0.060999999999999999
0.171875 -0.081189881604791153 0.060999999999999999
0.1875 -0.054126587736527433 0.060999999999999999
0.1875 -0.072168783648703244 0.079750000000000015
0.203125 -0.027063293868263717 0.060999999999999999
0.09375 -0.10825317547305487 0.060999999999999999
0.109375 -0.13531646934131852 0.060999999999999999
0.125 -0.12629537138523061 0.079750000000000015
0.125 -0.10825317547305481 0.060999999999999999
0.15625 -0.10825317547305487 0.060999999999999999
0.140625 -0.13531646934131852 0.060999999999999999
0.15625 -0.12629537138523067 0.079750000000000015
0.125 -0.16237976320958225 0.060999999999999999
0.140625 -0.15335866525349434 0.079749999999999988
0.140625 -0.081189881604791139 0.11725000000000001
0.140625 -0.063147685692615335 0.09849999999999999
0.125 -0.090210979560879048 0.09849999999999999
0.15625 -0.090210979560879048 0.09849999999999999
0.140625 -0.045105489780439524 0.079750000000000015
0.125 -0.054126587736527433 0.060999999999999999
0.109375 -0.099232077516966957 0.079749999999999988
0.109375 -0.081189881604791153 0.060999999999999999
0.171875 -0.099232077516966957 0.079749999999999988
0.15625 -0.072168783648703244 0.079750000000000015
0.140625 -0.099232077516966957 0.079749999999999988
0.140625 -0.081189881604791153 0.060999999999999999
0.125 -0.072168783648703244 0.079750000000000015
0.15625 -0.10825317547305485 0.11725000000000001
0.140625 -0.11727427342914276 0.09849999999999999
0.171875 -0.081189881604791139 0.11725000000000001
0.171875 -0.063147685692615335 0.09849999999999999
0.015625 0.11727427342914275 -0.088999999999999982
0.015625 0.099232077516966943 -0.070249999999999993
0 0.090210979560879034 -0.088999999999999982
0.03125 0.090210979560879034 -0.088999999999999982
0.015625 0.063147685692615321 -0.032750000000000001
0.015625 0.081189881604791125 -0.05149999999999999
0 0.054126587736527412 -0.05149999999999999
0.03125 0.054126587736527412 -0.05149999999999999
-0.03125 0.03608439182435165 -0.088999999999999982
-0.015625 0.063147685692615307 -0.08900000000000001
-0.015625 0.045105489780439503 -0.070249999999999993
0 0.036084391824351594 -0.088999999999999982
0.0625 0.036084391824351594 -0.088999999999999982
0.046875 0.063147685692615307 -0.08900000000000001
0.046875 0.045105489780439503 -0.070249999999999993
0.03125 0.036084391824351594 -0.088999999999999982
0.03125 0.072168783648703216 -0.070249999999999993
0.015625 0.063147685692615307 -0.08900000000000001
0.015625 0.045105489780439503 -0.070249999999999993
0 0.072168783648703216 -0.070249999999999993
-0.09375 -0.072168783648703216 -0.08900000000000001
-0.078125 -0.063147685692615307 -0.070249999999999993
-0.078125 -0.045105489780439503 -0.08900000000000001
-0.0625 -0.072168783648703216 -0.08900000000000001
-0.046875 -0.045105489780439489 -0.032750000000000001
-0.0625 -0.054126587736527398 -0.051500000000000018
-0.046875 -0.027063293868263682 -0.051500000000000018
-0.03125 -0.054126587736527398 -0.05149999999999999
-0.046875 0.0090210979560879333 -0.08900000000000001
-0.0625 -0.018042195912175783 -0.08900000000000001
-0.046875 -0.0090210979560878743 -0.070249999999999993
-0.03125 -0.018042195912175783 -0.088999999999999982
0 -0.072168783648703216 -0.088999999999999982
-0.03125 -0.072168783648703216 -0.08900000000000001
-0.015625 -0.063147685692615307 -0.070249999999999993
-0.015625 -0.045105489780439503 -0.08900000000000001
-0.046875 -0.063147685692615307 -0.070249999999999993
-0.046875 -0.045105489780439503 -0.08900000000000001
-0.03125 -0.036084391824351594 -0.070249999999999993
-0.0625 -0.036084391824351594 -0.070250000000000021
0.09375 -0.054126587736527398 -0.05149999999999999
0.109375 -0.063147685692615307 -0.070249999999999993
0.09375 -0.036084391824351594 -0.070249999999999993
0.078125 -0.063147685692615307 -0.070249999999999993
0.09375 -0.018042195912175783 -0.088999999999999982
0.109375 -0.045105489780439503 -0.08900000000000001
0.078125 -0.045105489780439503 -0.08900000000000001
0.0625 -0.072168783648703216 -0.088999999999999982
0.09375 -0.072168783648703216 -0.088999999999999982
0.078125 -0.045105489780439545 -0.032750000000000001
0.0625 -0.018042195912175828 -0.032750000000000001
0.046875 -0.045105489780439545 -0.032750000000000001
0.078125 -0.027063293868263737 -0.051500000000000018
0.0625 -0.054126587736527454 -0.05149999999999999
0.0625 -2.0816681711721685e-17 -0.05149999999999999
0.046875 -0.027063293868263737 -0.051500000000000018
0.03125 -0.054126587736527454 -0.05149999999999999
0.078125 0.0090210979560878778 -0.08900000000000001
0.0625 0.018042195912175787 -0.070249999999999993
0.046875 0.0090210979560878778 -0.08900000000000001
0.078125 -0.0090210979560879298 -0.070249999999999993
0.0625 -0.018042195912175839 -0.088999999999999982
0.046875 -0.0090210979560879298 -0.070249999999999993
0.03125 -0.018042195912175839 -0.088999999999999982
0.03125 -0.072168783648703216 -0.088999999999999982
0.015625 -0.063147685692615307 -0.070249999999999993
0.015625 -0.045105489780439503 -0.08900000000000001
0.046875 -0.063147685692615363 -0.070249999999999993
0.046875 -0.045105489780439559 -0.08900000000000001
0.03125 -0.03608439182435165 -0.070249999999999993
0.0625 -0.03608439182435165 -0.070249999999999993
0.03125 -0.018042195912175828 -0.032750000000000001
0.015625 0.0090210979560878882 -0.032750000000000001
0 -0.018042195912175828 -0.032750000000000001
0 -2.0816681711721685e-17 -0.05149999999999999
0 0.036084391824351608 -0.032750000000000001
-0.03125 -0.018042195912175773 -0.032750000000000001
-0.03125 0.018042195912175842 -0.070249999999999993
-0.015625 0.027063293868263696 -0.051500000000000018
-0.03125 3.4694469519536142e-17 -0.05149999999999999
-0.015625 0.0090210979560878882 -0.032750000000000001
0.015625 -0.045105489780439545 -0.032750000000000001
0.015625 -0.027063293868263737 -0.051500000000000018
-0.015625 -0.045105489780439489 -0.032750000000000001
0 -0.054126587736527398 -0.05149999999999999
0 -0.036084391824351594 -0.070249999999999993
-0.015625 -0.0090210979560878743 -0.070249999999999993
-0.015625 -0.027063293868263682 -0.051500000000000018
0.03125 -2.0816681711721685e-17 -0.05149999999999999
0 -0.018042195912175783 -0.088999999999999982
0.03125 0.018042195912175787 -0.070249999999999993
0.015625 0.0090210979560878778 -0.08900000000000001
0 0.018042195912175787 -0.070249999999999993
-0.015625 0.0090210979560879333 -0.08900000000000001
0.015625 -0.0090210979560879298 -0.070249999999999993
0.046875 0.0090210979560878882 -0.032750000000000001
0.046875 0.027063293868263696 -0.051500000000000018
0.03125 0.036084391824351608 -0.032750000000000001
0.015625 0.027063293868263696 -0.051500000000000018
0.078125 -0.027063293868263692 -0.10775
0.0625 -0.054126587736527412 -0.10775
0.0625 -0.036084391824351601 -0.12649999999999997
0.09375 -0.054126587736527412 -0.10775
0.046875 0.027063293868263685 -0.10775
0.0625 -3.1225022567582528e-17 -0.10775
0.03125 -3.1225022567582528e-17 -0.10775
0.03125 0.018042195912175776 -0.12649999999999997
0 -0.054126587736527412 -0.10775
0.03125 -0.054126587736527412 -0.10775
0.015625 -0.027063293868263692 -0.10775
0 -0.036084391824351601 -0.12649999999999997
0.046875 -0.027063293868263748 -0.10775
0.03125 -0.036084391824351601 -0.12649999999999997
0.046875 -0.0090210979560879402 -0.1265
0.015625 -0.0090210979560878847 -0.1265
0 0.10825317547305484 -0.10775
0.03125 0.054126587736527398 -0.10775
0.015625 0.081189881604791125 -0.10775
0 0.054126587736527398 -0.10775
0 0.072168783648703216 -0.12649999999999997
-0.03125 0.054126587736527454 -0.10775
-0.015625 0.081189881604791125 -0.10775
-0.03125 0.072168783648703272 -0.12649999999999997
-0.09375 -0.054126587736527412 -0.10775000000000003
-0.03125 -0.054126587736527412 -0.10775000000000003
-0.0625 -0.054126587736527412 -0.10775000000000003
-0.046875 -0.027063293868263692 -0.10775
-0.0625 -0.036084391824351601 -0.1265
-0.0625 2.4286128663675299e-17 -0.10775000000000003
-0.078125 -0.027063293868263692 -0.10775
-0.078125 -0.0090210979560878847 -0.1265
0.015625 0.027063293868263685 -0.10775
-0.015625 -0.027063293868263692 -0.10775
-0.046875 0.027063293868263741 -0.10775
-0.03125 0.018042195912175832 -0.12649999999999997
-0.015625 0.027063293868263741 -0.10775
-0.03125 2.4286128663675299e-17 -0.10775
0 0.018042195912175832 -0.12649999999999997
-0.015625 -0.0090210979560878847 -0.1265
0 2.4286128663675299e-17 -0.10775
-0.03125 -0.036084391824351601 -0.1265
-0.0625 0.018042195912175832 -0.1265
-0.046875 -0.0090210979560878847 -0.1265
-0.046875 0.045105489780439545 -0.1265
0.015625 0.045105489780439489 -0.1265
-0.015625 0.045105489780439545 -0.1265
0.078125 -0.081189881604791125 -0.10775
0.015625 -0.081189881604791125 -0.10775
0.046875 -0.081189881604791125 -0.10775
0.015625 -0.063147685692615321 -0.1265
0.046875 -0.063147685692615321 -0.1265
-0.078125 -0.081189881604791125 -0.10775
-0.015625 -0.081189881604791125 -0.10775
-0.046875 -0.081189881604791125 -0.10775
-0.046875 -0.063147685692615321 -0.1265
-0.015625 -0.063147685692615321 -0.1265
0.109375 -0.027063293868263692 -0.10775
0.078125 0.027063293868263685 -0.10775
0.09375 2.4286128663675299e-17 -0.10775
0.0625 0.018042195912175776 -0.12649999999999997
0.078125 -0.0090210979560878847 -0.1265
0.03125 0.10825317547305484 -0.10775
0.0625 0.054126587736527398 -0.10775
0.046875 0.081189881604791125 -0.10775
0.03125 0.072168783648703216 -0.12649999999999997
0.046875 0.045105489780439489 -0.1265
-0.0625 -0.09021097956087902 -0.070249999999999993
-0.03125 -0.072168783648703203 -0.032749999999999974
0 -0.12629537138523064 -0.032749999999999974
-0.03125 -0.10825317547305482 -0.051500000000000018
-0.015625 -0.099232077516966916 -0.032750000000000001
0 -0.10825317547305482 -0.05149999999999999
0 -0.09021097956087902 -0.070249999999999965
-0.03125 -0.09021097956087902 -0.070249999999999993
-0.015625 -0.081189881604791111 -0.05149999999999999
-0.046875 -0.081189881604791111 -0.05149999999999999
0.078125 -0.11727427342914278 0.042249999999999989
0.09375 -0.14433756729740643 0.042250000000000017
0.0625 -0.12629537138523067 0.023500000000000004
0.09375 -0.12629537138523061 0.023500000000000004
0.03125 -0.14433756729740643 -0.013999999999999992
0.0625 -0.16237976320958225 0.0047500000000000198
0.046875 -0.13531646934131858 0.0047499999999999921
0.0625 -0.14433756729740643 -0.013999999999999992
0.109375 -0.13531646934131852 0.0047499999999999921
0.109375 -0.15335866525349434 0.023500000000000004
0.078125 -0.13531646934131852 0.0047499999999999921
0.09375 -0.14433756729740643 -0.013999999999999992
0.09375 -0.16237976320958225 0.0047500000000000198
0.109375 -0.17140086116567016 0.042249999999999989
0.078125 -0.15335866525349434 0.023500000000000004
0.09375 -0.18042195912175807 0.023500000000000004
0.109375 -0.081189881604791111 -0.05149999999999999
0.09375 -0.09021097956087902 -0.070249999999999965
0.125 -0.10825317547305482 -0.05149999999999999
0.125 -0.09021097956087902 -0.070249999999999965
0.078125 -0.063147685692615349 -0.013999999999999992
0.09375 -0.072168783648703203 -0.032749999999999974
0.0625 -0.072168783648703258 -0.032749999999999974
0.09375 -0.090210979560879007 -0.013999999999999992
0.03125 -0.09021097956087902 -0.070249999999999965
0.0625 -0.09021097956087902 -0.070249999999999965
0.046875 -0.081189881604791167 -0.05149999999999999
0.0625 -0.10825317547305482 -0.05149999999999999
0.125 -0.14433756729740643 -0.013999999999999992
0.125 -0.12629537138523064 -0.032749999999999974
0.109375 -0.11727427342914273 -0.013999999999999992
0.09375 -0.12629537138523064 -0.032749999999999974
0.109375 -0.099232077516966916 -0.032750000000000001
0.09375 -0.10825317547305482 -0.05149999999999999
0.078125 -0.099232077516966916 -0.032750000000000001
0.078125 -0.081189881604791111 -0.05149999999999999
0.046875 -0.099232077516966971 0.023500000000000004
0.015625 -0.081189881604791153 0.0047499999999999921
0.046875 -0.081189881604791153 0.0047499999999999921
0.03125 -0.090210979560879062 -0.013999999999999992
-0.015625 -0.063147685692615294 -0.013999999999999992
0.046875 -0.063147685692615349 -0.013999999999999992
0.015625 -0.081189881604791111 -0.05149999999999999
0 -0.072168783648703203 -0.032749999999999974
0.03125 -0.072168783648703258 -0.032749999999999974
0.015625 -0.063147685692615349 -0.013999999999999992
0.078125 -0.099232077516966971 0.023500000000000004
0.0625 -0.10825317547305488 0.0047500000000000198
0.078125 -0.081189881604791153 0.0047499999999999921
0.09375 -0.10825317547305482 0.0047500000000000198
0.078125 -0.11727427342914273 -0.013999999999999992
0.046875 -0.099232077516966971 -0.032750000000000001
0.0625 -0.090210979560879062 -0.013999999999999992
0.03125 -0.10825317547305488 0.0047500000000000198
0.0625 -0.12629537138523064 -0.032749999999999974
0.015625 -0.11727427342914273 -0.013999999999999992
0.03125 -0.12629537138523064 -0.032749999999999974
0.015625 -0.099232077516966916 -0.032750000000000001
0.03125 -0.10825317547305482 -0.05149999999999999
0.046875 -0.11727427342914279 -0.013999999999999992
0 -0.090210979560879007 -0.013999999999999992
0.015625 -0.15335866525349434 -0.032750000000000001
0.046875 -0.17140086116567016 -0.013999999999999992
0.046875 -0.15335866525349434 -0.032750000000000001
0.03125 -0.16237976320958225 -0.05149999999999999
0.078125 -0.15335866525349434 -0.032750000000000001
0.078125 -0.17140086116567016 -0.013999999999999992
0.0625 -0.16237976320958225 -0.05149999999999999
-0.078125 -0.099232077516966929 -0.088999999999999982
-0.015625 -0.13531646934131855 -0.05149999999999999
-0.046875 -0.11727427342914273 -0.070249999999999993
-0.015625 -0.11727427342914273 -0.070249999999999993
-0.03125 -0.12629537138523064 -0.08900000000000001
-0.015625 -0.099232077516966929 -0.088999999999999982
-0.046875 -0.099232077516966929 -0.088999999999999982
-0.0625 -0.10825317547305484 -0.10775
-0.03125 -0.10825317547305484 -0.10775
0.109375 -0.13531646934131855 -0.05149999999999999
0.109375 -0.11727427342914273 -0.070249999999999993
0.078125 -0.11727427342914273 -0.070249999999999993
0.046875 -0.099232077516966929 -0.088999999999999982
0.078125 -0.099232077516966929 -0.088999999999999982
0.015625 -0.13531646934131855 -0.05149999999999999
0.078125 -0.13531646934131855 -0.05149999999999999
0.015625 -0.099232077516966929 -0.088999999999999982
0.03125 -0.12629537138523064 -0.088999999999999982
0.015625 -0.11727427342914273 -0.070249999999999993
0.046875 -0.11727427342914273 -0.070249999999999993
0.03125 -0.14433756729740646 -0.070249999999999965
0.0625 -0.14433756729740646 -0.070249999999999965
0.046875 -0.13531646934131855 -0.05149999999999999
0.03125 -0.10825317547305484 -0.10774999999999997
0.0625 -0.12629537138523064 -0.088999999999999982
0 -0.10825317547305484 -0.10775
0 -0.14433756729740646 -0.070249999999999993
0 -0.12629537138523064 -0.08900000000000001
0.03125 -0.18042195912175807 -0.032749999999999974
-0.03125 -0.14433756729740646 -0.070249999999999993
-0.0625 -0.12629537138523064 -0.08900000000000001
0 -0.16237976320958225 -0.051500000000000018
0.109375 -0.11727427342914272 0.042249999999999989
0.140625 -0.11727427342914272 0.042249999999999989
0.125 -0.12629537138523061 0.023500000000000004
0.125 -0.14433756729740643 0.042250000000000017
0.140625 -0.009021097956087909 0.042250000000000017
0.171875 -0.009021097956087909 0.042250000000000017
0.15625 -0.036084391824351622 0.042250000000000017
0.15625 -0.018042195912175818 0.023500000000000004
0.171875 -0.063147685692615335 0.042249999999999989
0.171875 -0.027063293868263727 0.0047499999999999921
0.1875 -0.018042195912175818 0.023500000000000004
0.171875 -0.045105489780439531 0.023500000000000004
0.203125 -0.009021097956087909 0.042250000000000017
0.1875 -0.036084391824351622 0.042250000000000017
0.125 -0.054126587736527398 -0.05149999999999999
0.140625 -0.081189881604791111 -0.05149999999999999
0.15625 -0.054126587736527398 -0.051500000000000018
0.140625 -0.063147685692615307 -0.070249999999999993
0.09375 -0.036084391824351636 -0.013999999999999992
0.109375 -0.045105489780439489 -0.032750000000000001
0.109375 -0.063147685692615294 -0.013999999999999992
0.125 -0.03608439182435158 -0.013999999999999992
0.140625 -0.11727427342914273 -0.013999999999999992
0.140625 -0.099232077516966916 -0.032750000000000001
0.125 -0.090210979560879007 -0.013999999999999992
0.15625 -0.090210979560879007 -0.014000000000000019
0.1875 -0.036084391824351636 -0.013999999999999992
0.171875 -0.045105489780439545 -0.032750000000000001
0.15625 -0.036084391824351636 -0.013999999999999992
0.171875 -0.063147685692615349 -0.013999999999999992
0.140625 -0.045105489780439489 -0.032750000000000001
0.15625 -0.072168783648703203 -0.032750000000000001
0.140625 -0.063147685692615294 -0.013999999999999992
0.125 -0.072168783648703203 -0.032749999999999974
0.09375 -0.05412658773652744 0.0047500000000000198
0.09375 -0.072168783648703244 0.023500000000000004
0.109375 -0.045105489780439531 0.023500000000000004
0.125 -0.072168783648703189 0.023500000000000004
0.09375 -0.090210979560879062 0.042250000000000017
0.125 -0.036084391824351622 0.042250000000000017
0.15625 -0.090210979560879062 0.042250000000000017
0.125 -0.090210979560879007 0.042250000000000017
0.140625 -0.063147685692615335 0.042249999999999989
0.109375 -0.063147685692615335 0.042249999999999989
0.109375 -0.027063293868263727 0.0047499999999999921
0.125 -0.054126587736527385 0.0047500000000000198
0.125 -0.018042195912175818 0.023500000000000004
0.1875 -0.05412658773652744 0.0047500000000000198
0.140625 -0.027063293868263727 0.0047499999999999921
0.15625 -0.05412658773652744 0.0047500000000000198
0.1875 -0.072168783648703244 0.023500000000000004
0.15625 -0.072168783648703244 0.023500000000000004
0.140625 -0.045105489780439531 0.023500000000000004
0.109375 -0.081189881604791098 0.0047499999999999921
0.171875 -0.081189881604791153 0.0047499999999999921
0.140625 -0.13531646934131852 0.0047499999999999921
0.125 -0.10825317547305482 0.0047500000000000198
0.15625 -0.10825317547305482 0.0047499999999999921
0.15625 -0.12629537138523061 0.023499999999999976
0.140625 -0.099232077516966916 0.023500000000000004
0.171875 -0.11727427342914278 0.042249999999999989
0.171875 -0.099232077516966971 0.023500000000000004
0.140625 -0.081189881604791098 0.0047499999999999921
0.109375 -0.099232077516966916 0.023500000000000004
0.140625 0.0090210979560878986 0.023500000000000004
0.140625 0.045105489780439517 -0.013999999999999992
0.171875 0.027063293868263706 0.0047499999999999921
0.140625 0.027063293868263706 0.0047499999999999921
0.15625 0.018042195912175797 -0.013999999999999992
0.15625 -1.0408340855860843e-17 0.0047499999999999921
0.171875 -0.0090210979560879194 -0.014000000000000019
0.1875 -1.0408340855860843e-17 0.0047499999999999921
0.171875 0.0090210979560878986 0.023500000000000004
0.046875 0.099232077516966943 -0.070249999999999993
0.046875 0.063147685692615321 -0.032750000000000001
0.109375 0.063147685692615321 -0.032750000000000001
0.078125 0.081189881604791125 -0.05149999999999999
0.078125 0.063147685692615321 -0.032750000000000001
0.09375 0.054126587736527412 -0.05149999999999999
0.078125 0.045105489780439503 -0.070249999999999993
0.0625 0.072168783648703216 -0.070249999999999993
0.0625 0.054126587736527412 -0.05149999999999999
0.046875 0.081189881604791125 -0.05149999999999999
0.125 -0.036084391824351594 -0.070249999999999993
0.09375 -0.018042195912175828 -0.032750000000000001
0.15625 -0.018042195912175828 -0.032750000000000001
0.140625 -0.027063293868263682 -0.051500000000000018
0.125 -0.018042195912175773 -0.032750000000000001
0.125 3.4694469519536142e-17 -0.05149999999999999
0.09375 0.018042195912175787 -0.070249999999999993
0.109375 -0.0090210979560878743 -0.070249999999999993
0.09375 -2.0816681711721685e-17 -0.05149999999999999
0.109375 -0.027063293868263682 -0.051500000000000018
0.109375 0.0090210979560878986 0.023500000000000004
0.078125 0.027063293868263706 0.0047499999999999921
0.09375 -1.0408340855860843e-17 0.0047499999999999921
0.09375 0.018042195912175797 -0.013999999999999992
0.046875 0.045105489780439517 -0.013999999999999992
0.078125 -0.0090210979560879194 -0.014000000000000019
0.078125 0.027063293868263696 -0.051500000000000018
0.0625 0.036084391824351608 -0.032750000000000001
0.078125 0.0090210979560878882 -0.032750000000000001
0.0625 0.018042195912175797 -0.013999999999999992
0.125 -1.0408340855860843e-17 0.0047499999999999921
0.140625 -0.0090210979560879194 -0.014000000000000019
0.109375 0.0090210979560878882 -0.032750000000000001
0.109375 -0.0090210979560879194 -0.014000000000000019
0.109375 0.027063293868263706 0.0047499999999999921
0.140625 0.0090210979560878882 -0.032750000000000001
0.109375 0.045105489780439517 -0.013999999999999992
0.125 0.036084391824351608 -0.032750000000000001
0.09375 0.036084391824351608 -0.032750000000000001
0.109375 0.027063293868263696 -0.051500000000000018
0.125 0.018042195912175797 -0.013999999999999992
0.078125 0.045105489780439517 -0.013999999999999992
0.140625 0.063147685692615321 -0.032750000000000001
0.171875 0.045105489780439517 -0.013999999999999992
0.15625 0.036084391824351608 -0.032750000000000001
0.15625 0.054126587736527412 -0.05149999999999999
0.171875 0.0090210979560878882 -0.032750000000000001
0.1875 0.018042195912175797 -0.013999999999999992
0.046875 0.11727427342914275 -0.088999999999999982
0.109375 0.081189881604791125 -0.05149999999999999
0.078125 0.099232077516966943 -0.070249999999999993
0.09375 0.072168783648703216 -0.070249999999999993
0.09375 0.090210979560879034 -0.088999999999999982
0.078125 0.063147685692615307 -0.08900000000000001
0.0625 0.090210979560879034 -0.088999999999999982
0.0625 0.10825317547305484 -0.10775
0.078125 0.081189881604791125 -0.10775
0.140625 -0.0090210979560878743 -0.070249999999999993
0.109375 0.0090210979560879333 -0.08900000000000001
0.125 -0.018042195912175783 -0.088999999999999982
0.125 0.054126587736527412 -0.05149999999999999
0.15625 -2.0816681711721685e-17 -0.05149999999999999
0.09375 0.036084391824351594 -0.088999999999999982
0.125 0.03608439182435165 -0.088999999999999982
0.109375 0.045105489780439503 -0.070249999999999993
0.125 0.018042195912175842 -0.070249999999999993
0.140625 0.045105489780439503 -0.070249999999999993
0.15625 0.018042195912175787 -0.070249999999999993
0.140625 0.027063293868263696 -0.051500000000000018
0.109375 0.027063293868263741 -0.10775
0.09375 0.054126587736527398 -0.10775
0.125 0.072168783648703216 -0.070249999999999993
0.109375 0.063147685692615307 -0.08900000000000001
0.171875 0.063147685692615321 -0.032750000000000001
0.109375 0.099232077516966943 -0.070249999999999993
0.078125 0.11727427342914275 -0.088999999999999982
0.140625 0.081189881604791125 -0.05149999999999999
CELLS 15155 75775
4 704 2228 2249 643
4 887 889 32 888
4 854 37 823 888
4 854 855 10 847
4 2404 2406 85 2405
4 800 61 796 62
4 2522 2523 80 2500
4 96 120 114 2223
4 790 795 794 27
4 740 1616 17 860
4 81 164 2527 165
4 993 991 45 68
4 113 130 108 2586
4 1022 64 65 1020
4 862 33 11 848
4 1577 1568 1575 280
4 2508 2400 2519 2399
4 310 116 702 311
4 2225 96 97 2223
4 2223 114 2222 2536
4 795 794 27 803
4 567 38 35 584
4 808 50 988 809
4 561 53 54 57
4 2503 84 83 2504
4 352 1038 75 351
4 319 1583 313 1585
4 811 54 55 562
4 620 585 582 578
4 860 17 11 12
4 1016 161 1011 162
4 2208 2216 58 2215
4 130 2586 2531 108
4 2381 2205 71 2375
4 795 803 47 807
4 1036 60 65 1034
4 993 67 50 988
4 896 44 349 913
4 790 27 52 795
4 2447 150 134 2506
4 43 48 49 44
4 1055 79 74 1059
4 566 54 35 562
4 1022 1016 1019 78
4 254 2201 40 59
4 1685 329 1670 328
4 2520 168 2519 167
4 2205 56 53 2164
4 2375 69 71 2403
4 591 600 599 1092
4 2406 2405 83 85
4 66 60 65 61
4 197 215 1832 216
4 210 207 2066 208
4 2201 250 40 2202
4 2251 1774 1802 2224
4 1077 1078 1079 352
4 2503 83 69 2406
4 904 895 894 903
4 2377 2403 2405 2275
4 816 814 51 812
4 2526 990 70 67
4 20 15 16 21
4 1221 1226 1224 1218
4 802 803 27 794
4 48 65 47 807
4 1004 990 67 1003
4 2496 2526 70 2503
4 84 2521 167 83
4 94 93 116 115
4 169 2402 2353 170
4 593 20 21 629
4 795 52 46 27
4 1022 1021 78 1019
4 1653 1614 1675 1613
4 959 1054 144 956
4 1222 1224 6 1090
4 1035 73 60 1034
4 1268 1236 1320 1235
4 896 903 349 897
4 1036 66 65 61
4 567 564 561 2167
4 285 1206 1213 1210
4 892 912 918 911
4 1033 64 47 46
4 98 1801 1802 94
4 913 49 44 350
4 987 50 70 988
4 787 51 52 814
4 154 141 156 2412
4 1022 65 78 1034
4 1012 163 162 157
4 2086 106 194 2083
4 668 676 657 667
4 806 803 28 804
4 146 160 2490 2495
4 909 858 853 908
4 562 35 566 567
4 1016 1014 77 1017
4 1033 47 65 792
4 888 823 31 37
4 787 52 51 45
4 2381 2375 2274 2205
4 2503 2405 83 2406
4 254 2201 2215 2213
4 913 921 49 350
4 107 2083 194 106
4 2375 71 53 56
4 2386 2394 86 2390
4 1015 1014 77 1016
4 993 812 51 991
4 1005 80 81 68
4 862 34 28 29
4 2526 70 84 67
4 1547 1593 1540 1538
4 239 2212 2374 2210
4 2550 135 112 136
4 1004 68 80 1005
4 1033 788 64 46
4 44 61 800 62
4 1005 68 63 996
4 1038 1079 75 1030
4 599 21 16 22
4 808 562 54 811
4 887 794 32 889
4 2525 1004 80 1002
4 802 33 27 28
4 114 119 113 2578
4 862 802 33 848
4 1007 1011 1015 161
4 584 35 36 39
4 2202 250 40 2144
4 2377 2403 71 2406
4 2231 2529 2586 2531
4 788 46 47 795
4 2599 2647 2648 2598
4 1055 1035 1021 74
4 567 584 35 566
4 2162 2204 2202 2200
4 2440 2441 2443 2437
4 993 51 45 991
4 1204 1143 666 308
4 2500 84 80 2526
4 88 102 103 89
4 339 669 670 672
4 118 121 2555 122
4 635 116 111 2248
4 237 1727 1810 1749
4 2362 2390 86 2392
4 1021 74 73 79
4 1224 1226 3 1090
4 2496 2503 69 2403
4 1035 60 61 1036
4 1016 1019 78 1021
4 2505 146 129 2493
4 167 85 83 2521
4 1234 1106 1104 229
4 1033 788 47 792
4 1035 1034 60 1036
4 848 887 802 33
4 787 812 51 814
4 2503 2526 84 2500
4 1033 46 47 788
4 30 49 48 892
4 1669 1249 1261 329
4 640 650 649 2233
4 1005 1026 76 1027
4 896 349 898 913
4 1004 67 80 68
4 849 16 10 11
4 81 2527 164 80
4 1004 80 67 2526
4 2073 100 101 2003
4 2223 2222 114 92
4 2207 56 2205 2209
4 2208 2209 58 2207
4 269 266 270 1903
4 2377 2406 2405 2403
4 1018 1016 78 1021
4 916 919 9 917
4 339 674 670 655
4 888 31 32 37
4 1260 1220 4 1224
4 1245 1242 1354 1420
4 194 2083 195 2085
4 1260 4 1 1675
4 2300 2293 137 2297
4 634 2248 116 635
4 1002 81 76 1005
4 94 97 93 1802
4 1458 1457 304 1448
4 222 2210 2147 239
4 1005 1027 996 1026
4 1092 3 1220 1226
4 1033 64 1026 1020
4 802 794 27 32
4 2272 2403 69 53
4 1022 1020 65 1034
4 1263 343 1265 1267
4 2493 151 146 2495
4 824 55 31 36
4 291 292 98 1800
4 2297 2293 137 2545
4 556 2144 1737 1697
4 2114 90 107 2133
4 348 349 905 347
4 805 804 803 802
4 1013 1012 1008 1009
4 1093 1087 1129 1091
4 110 114 109 2232
4 620 582 585 619
4 787 45 46 52
4 61 1036 797 1031
4 1871 1906 2101 270
4 854 10 37 847
4 1236 1240 1106 1241
4 802 27 33 32
4 258 261 260 257
4 2392 85 86 2407
4 849 11 10 848
4 2522 80 2523 164
4 216 197 1447 1313
4 1296 1298 7 343
4 1549 1158 1324 264
4 1122 1124 1125 1126
4 1011 1014 1015 1016
4 624 19 14 20
4 145 1043 339 669
4 305 308 1143 306
4 1024 991 788 787
4 79 1018 162 78
4 2523 84 80 2500
4 2117 2010 2132 2115
4 1026 1024 991 45
4 125 105 104 126
4 2209 56 58 2382
4 2379 86 71 72
4 41 38 40 610
4 1034 1021 1022 1020
4 823 31 36 824
4 888 32 31 819
4 561 53 56 2164
4 808 988 50 987
4 2250 94 115 93
4 987 2496 2403 2272
4 1778 89 103 102
4 2675 209 2068 2066
4 2209 57 56 2205
4 62 75 74 1031
4 2377 71 2403 2375
4 2212 2395 2211 2374
4 2393 72 86 2394
4 2379 72 71 2382
4 218 1711 1713 1712
4 2555 122 2554 118
4 699 650 128 648
4 1021 78 73 1034
4 2555 2662 121 117
4 2406 83 69 85
4 1026 991 63 45
4 567 2167 577 564
4 32 51 889 52
4 1018 78 79 1021
4 1021 73 78 79
4 2579 2222 2568 2578
4 2658 2666 2668 2659
4 2234 704 2232 643
4 703 702 111 704
4 802 28 27 803
4 160 2524 165 166
4 2503 2504 2405 2502
4 96 114 92 2223
4 1177 1174 289 267
4 959 143 144 1054
4 2401 169 2364 2402
4 164 84 80 2523
4 247 251 1754 252
4 330 1273 343 331
4 251 250 237 1740
4 1922 201 202 1879
4 2554 123 122 2613
4 44 61 43 800
4 2085 176 177 195
4 1002 1005 76 1017
4 2614 2555 117 2613
4 896 44 62 349
4 107 194 2083 195
4 674 657 307 668
4 2167 561 56 2205
4 1564 306 1210 1575
4 314 1421 1354 1420
4 894 827 893 337
4 1033 1026 64 1024
4 672 646 648 669
4 119 2575 2537 2554
4 2658 2659 2668 2660
4 591 593 594 600
4 169 85 2362 170
4 674 307 657 324
4 790 52 46 795
4 1017 76 77 1027
4 906 34 12 862
4 220 214 233 1810
4 2412 2365 156 170
4 987 70 69 2496
4 853 12 11 862
4 352 1079 75 1038
4 2412 139 2410 2408
4 797 48 43 801
4 578 582 39 584
4 788 790 46 795
4 1005 996 63 1026
4 2583 2550 136 2456
4 1033 65 64 1020
4 2379 71 85 2406
4 647 145 669 1073
4 233 246 232 1126
4 339 1043 670 669
4 2522 2516 164 2523
4 1035 74 73 1021
4 1022 1016 77 1017
4 1670 1669 1668 1676
4 1013 1012 157 1054
4 2412 2410 141 156
4 987 69 2403 2496
4 988 67 50 70
4 325 133 699 326
4 1003 993 68 996
4 100 2554 123 119
4 2375 2272 53 2403
4 2173 59 40 2180
4 2362 86 85 2407
4 1035 74 60 73
4 599 742 16 731
4 1033 1020 1026 1024
4 100 119 95 2599
4 996 991 63 1026
4 2402 170 2364 2353
4 2222 2578 114 2589
4 2559 2544 138 2543
4 1015 81 82 1017
4 582 39 14 19
4 2386 72 86 2393
4 2379 2381 2375 2377
4 991 68 993 996
4 2404 2405 83 2504
4 2598 2613 123 2554
4 991 68 63 45
4 790 794 52 27
4 1022 64 1026 1027
4 2402 2353 2364 2352
4 2249 2245 2238 2232
4 562 54 35 561
4 1055 1021 1059 74
4 1004 67 990 2526
4 2144 607 2198 2195
4 1033 65 1034 1036
4 578 586 585 584
4 255 2395 72 2386
4 2232 2243 2238 2248
4 579 580 37 36
4 1015 1002 81 1017
4 987 70 50 54
4 1654 12 17 860
4 803 46 27 795
4 2496 70 69 2503
4 2513 2521 2519 168
4 1024 991 45 788
4 2394 86 2390 2392
4 1035 73 1034 1021
4 1004 1003 68 1005
4 2411 2417 242 2358
4 787 46 45 788
4 2412 2410 156 2409
4 578 577 586 584
4 2201 2176 2180 2208
4 2375 2205 53 2164
4 996 68 63 991
4 2554 122 2555 2613
4 1002 80 81 1005
4 556 41 42 2144
4 1033 1034 65 1020
4 1022 78 77 1016
4 310 702 116 111
4 2379 71 2375 2381
4 1682 1653 1657 1676
4 566 55 54 562
4 991 812 51 787
4 137 150 134 2447
4 987 2403 69 2272
4 1033 65 47 64
4 787 814 52 790
4 584 582 36 580
4 2578 2223 114 120
4 2404 85 83 2405
4 231 1236 1320 1268
4 1078 1041 1079 352
4 914 912 918 8
4 613 610 607 2198
4 742 16 17 22
4 1002 76 81 1017
4 1037 338 827 828
4 891 44 49 48
4 1017 82 76 81
4 2496 990 70 2526
4 919 30 9 918
4 800 44 891 801
4 1078 159 1043 352
4 162 161 1011 1009
4 988 990 67 70
4 792 47 795 788
4 1033 792 65 1036
4 1041 1044 1039 338
4 2526 84 80 67
4 792 795 47 807
4 949 959 2443 957
4 2382 72 56 58
4 2379 2377 71 2406
4 650 132 127 649
4 2362 2392 2384 2390
4 2503 84 70 83
4 1022 1034 78 1021
4 1022 1020 1026 64
4 146 2495 165 160
4 2381 71 2205 2382
4 1077 352 75 159
4 240 236 1723 1713
4 2154 2162 2153 1722
4 2403 69 71 2406
4 303 1576 1575 1564
4 1299 6 1091 1090
4 1003 996 68 1005
4 102 106 2117 107
4 849 731 16 742
4 862 33 28 34
4 264 2015 268 1324
4 2670 141 2409 2671
4 227 156 141 2671
4 253 2216 72 255
4 991 787 45 788
4 1004 67 68 1003
4 95 2538 2599 119
4 993 45 51 68
4 991 51 45 787
4 787 52 46 790
4 2503 2500 84 2504
4 2503 70 84 2526
4 2536 114 2578 2223
4 109 113 108 2588
4 2379 2375 71 2377
4 1033 1024 64 788
4 809 50 51 55
4 1418 1417 1409 1415
4 114 119 2578 120
4 911 918 49 921
4 148 1013 959 2443
4 629 1127 1129 626
4 2416 2415 227 2656
4 119 95 2538 2575
4 1017 77 76 82
4 816 824 31 819
4 1022 77 1027 1017
4 987 988 70 990
4 787 790 46 788
4 2404 85 2406 2407
4 2403 2405 69 2406
4 1003 988 67 993
4 2234 132 643 650
4 1005 63 76 1026
4 1177 267 1172 1174
4 987 2272 69 53
4 1003 990 67 988
4 1036 65 60 61
4 887 32 794 802
4 654 653 656 657
4 1002 1004 80 1005
4 1021 74 79 1059
4 1003 67 68 993
4 2555 121 2662 122
4 1005 1027 76 1017
4 2501 2504 2405 2404
4 567 577 38 584
4 2209 57 2205 2167
4 2406 85 69 71
4 2671 228 142 227
4 2503 2406 69 2405
4 2392 85 2406 2379
4 808 54 50 55
4 2503 2405 69 2403
4 2503 70 69 83
4 2503 2504 83 2405
4 2381 2274 2375 2377
4 2520 2507 2511 150
4 2401 169 170 2364
4 816 55 31 824
4 170 2358 242 256
4 254 2162 250 2201
4 848 887 33 32
4 849 10 16 855
4 2413 2655 2415 2656
4 2671 142 141 227
4 2375 71 69 53
4 2379 2382 71 2381
4 823 580 36 37
4 889 790 52 814
4 1577 286 285 1206
4 2513 164 2516 2523
4 100 2599 2554 119
4 2521 2404 83 2504
4 855 10 15 37
4 819 824 31 823
4 2375 53 69 2403
4 888 819 31 823
4 808 987 54 559
4 352 1039 351 338
4 955 956 1073 1070
4 1071 1055 159 1077
4 2224 92 115 2243
4 2386 86 2394 2393
4 158 79 74 1055
4 669 145 128 672
4 2354 155 154 2408
4 855 599 16 731
4 2144 41 40 607
4 2400 2509 2508 152
4 888 889 32 819
4 888 32 10 37
4 808 811 54 55
4 823 36 580 824
4 889 27 52 794
4 2024 1763 1765 1764
4 2392 2379 2406 2376
4 2382 56 71 2205
4 559 2272 922 987
4 892 29 30 918
4 2393 2216 72 2206
4 889 31 32 819
4 1713 1727 1724 1730
4 559 53 2164 2375
4 135 146 129 2505
4 674 668 696 675
4 987 2272 922 2496
4 2375 2205 71 56
4 2375 56 53 2205
4 2660 140 2611 2408
4 578 577 38 576
4 2379 85 71 86
4 674 675 696 672
4 823 36 31 37
4 987 990 70 2496
4 624 629 622 628
4 559 2164 53 561
4 2386 2395 72 2393
4 811 824 55 816
4 809 50 988 993
4 567 57 38 577
4 1159 267 1177 1176
4 889 32 52 27
4 1428 1423 295 1424
4 578 584 38 577
4 2382 71 56 72
4 2214 2213 254 253
4 1561 1557 1559 1563
4 613 576 610 2198
4 887 802 33 32
4 847 849 10 848
4 1652 1657 345 334
4 889 794 52 790
4 2208 58 2216 2206
4 234 229 1107 1106
4 816 51 31 55
4 808 50 54 987
4 566 35 36 584
4 209 2676 207 228
4 855 10 16 15
4 2196 2180 2198 2202
4 2144 607 40 2198
4 90 102 88 2117
4 2386 2394 2390 2388
4 1092 3 21 22
4 561 2164 56 2205
4 2392 86 85 2379
4 816 819 31 814
4 2365 2356 2411 2358
4 2394 2378 2379 2392
4 2198 2172 576 2180
4 559 2375 2164 2272
4 113 118 112 2582
4 1221 1218 1090 1226
4 567 35 57 561
4 253 58 72 2216
4 2394 2379 86 2392
4 2392 2406 2407 2376
4 584 14 36 582
4 2394 2379 2382 72
4 2394 72 86 2379
4 2380 2206 2382 2207
4 584 39 14 582
4 255 2393 72 2395
4 2392 2406 85 2407
4 2208 2207 58 2206
4 2387 2395 2397 2386
4 578 584 585 582
4 1586 893 1658 1469
4 1667 1580 313 1673
4 165 150 164 2495
4 1577 280 285 286
4 629 25 24 20
4 2374 2397 2372 2395
4 1128 25 26 249
4 906 8 12 34
4 578 576 39 610
4 1655 1614 1 1675
4 847 855 10 849
4 1654 17 12 18
4 623 622 628 624
4 1221 1224 1222 1218
4 889 794 32 27
4 2393 2380 2382 2394
4 2212 2211 2395 2372
4 2202 2198 2195 2144
4 816 31 51 814
4 889 814 31 819
4 797 801 43 796
4 2173 40 38 576
4 809 812 51 993
4 584 39 38 35
4 584 36 14 39
4 567 38 57 35
4 2167 57 56 561
4 854 37 10 855
4 600 20 21 593
4 811 55 824 566
4 727 14 15 20
4 579 727 15 854
4 1653 1657 341 346
4 919 348 1694 344
4 1713 1724 236 1723
4 1128 1124 1111 1122
4 1656 908 18 1654
4 2393 2206 2382 2380
4 1323 1321 1240 216
4 892 805 29 912
4 51 68 67 993
4 854 847 37 888
4 599 22 16 742
4 849 16 731 855
4 579 582 14 727
4 1224 1226 1220 3
4 598 596 597 727
4 241 253 2374 239
4 240 2148 1723 2154
4 2212 2372 2395 2374
4 240 2148 2210 2147
4 90 102 2117 107
4 912 805 29 34
4 906 862 12 853
4 214 215 1705 1703
4 296 1405 1432 316
4 1752 1126 1100 1753
4 1703 215 1705 1827
4 736 860 17 1616
4 862 28 33 802
4 852 853 848 862
4 1402 1406 1403 1407
4 849 861 731 742
4 847 32 10 888
4 847 887 32 888
4 847 848 32 887
4 847 10 32 848
4 847 888 10 37
4 579 37 580 823
4 640 641 650 2233
4 579 854 37 823
4 1299 6 26 1116
4 579 582 580 36
4 579 15 37 854
4 727 599 16 855
4 727 16 15 855
4 561 57 54 35
4 811 562 55 566
4 624 619 582 620
4 624 620 582 19
4 561 56 53 57
4 854 15 37 855
4 854 727 15 855
4 562 561 35 567
4 2117 106 2076 107
4 579 14 15 727
4 140 2668 2660 121
4 579 36 14 582
4 102 2117 106 101
4 567 577 584 586
4 567 577 586 564
4 578 38 39 576
4 2393 2207 2382 2206
4 2201 2198 40 2180
4 2167 56 57 2205
4 809 811 55 816
4 566 580 36 824
4 2167 2205 2164 561
4 566 584 36 580
4 2202 40 2198 2144
4 2198 610 40 576
4 1233 1103 244 1105
4 251 42 41 2144
4 2208 59 58 2209
4 278 301 1444 300
4 240 2154 2214 2148
4 2198 40 610 607
4 559 2272 53 2375
4 567 561 57 2167
4 177 107 2133 195
4 567 57 577 2167
4 2582 2557 118 112
4 566 36 55 824
4 559 561 54 562
4 559 53 54 561
4 559 54 53 987
4 559 53 2272 987
4 310 1133 291 311
4 2198 576 40 2180
4 809 816 51 812
4 591 21 600 1092
4 809 55 51 816
4 808 559 54 562
4 808 809 811 55
4 809 51 50 993
4 808 55 50 809
4 2173 577 57 2167
4 2360 2362 2364 2401
4 578 39 38 584
4 2209 59 57 2173
4 177 107 90 2133
4 196 1924 1953 201
4 248 1126 1107 1105
4 1260 1614 4 1220
4 256 255 72 2386
4 2201 40 2198 2202
4 1925 1826 1827 1953
4 627 23 41 607
4 607 23 41 610
4 607 41 40 610
4 1084 248 1124 247
4 600 21 16 599
4 1722 1737 250 2204
4 2204 2144 1737 250
4 2208 58 59 2215
4 2178 2208 2207 2209
4 2209 2173 57 2167
4 2173 59 38 40
4 255 2374 2395 2397
4 2173 38 57 577
4 2173 576 38 577
4 2173 2180 40 576
4 137 2545 2611 2297
4 2068 2067 2069 208
4 2353 2412 170 2365
4 2173 57 38 59
4 1740 236 250 237
4 2172 576 2180 2173
4 239 253 2374 2214
4 2582 118 2557 119
4 613 2198 2172 576
4 255 2211 2395 2374
4 2208 2206 2216 2215
4 248 244 1105 243
4 2367 2210 2147 222
4 2207 2205 56 2382
4 1441 300 1438 295
4 1128 1122 1111 1127
4 1709 1710 1712 1713
4 2393 72 2382 2207
4 2207 2381 2205 2382
4 303 1564 285 306
4 1564 285 1575 280
4 1239 244 230 1234
4 2201 2202 2198 2180
4 2201 2180 59 2208
4 2393 2206 72 2207
4 249 244 6 26
4 1092 22 21 599
4 2207 72 58 2206
4 1754 1740 1737 246
4 1105 1126 1125 1124
4 273 2107 269 274
4 1234 1104 243 229
4 1084 247 1124 1122
4 2393 2382 72 2394
4 2416 2656 225 2415
4 2208 2173 59 2209
4 1728 1749 1727 1729
4 2207 58 2382 2209
4 2207 2382 56 2209
4 2207 58 72 2382
4 2201 40 59 2180
4 2208 2180 59 2173
4 2206 72 58 2216
4 2196 2198 2195 2202
4 255 2395 2211 2216
4 201 1932 1879 1922
4 251 41 40 2144
4 2176 2208 2215 2206
4 2390 2392 2384 2394
4 2417 2416 2396 2368
4 303 1590 321 322
4 2416 227 225 2656
4 2373 2210 2374 2212
4 2178 2208 2209 2173
4 2178 2173 2180 2208
4 1722 250 1737 1740
4 218 240 1712 1713
4 255 2216 72 2393
4 2073 2072 106 2075
4 2154 1723 236 1722
4 305 1143 308 307
4 2555 119 118 2554
4 2386 2394 2388 2393
4 2351 2365 2412 2353
4 117 2614 2658 137
4 193 105 106 2086
4 255 2395 2216 2393
4 254 59 58 2215
4 190 185 184 2048
4 254 2201 59 2215
4 255 2211 2374 2212
4 2162 2202 250 2201
4 2133 90 91 2132
4 2154 2204 250 2162
4 703 111 133 704
4 2073 106 105 2075
4 2437 2439 2436 2456
4 2201 2208 2215 2176
4 1105 1104 1101 1107
4 2051 2252 222 225
4 1803 240 1712 223
4 1709 1723 1730 1713
4 743 323 893 827
4 303 1574 1591 297
4 2213 2201 2158 2162
4 1722 1743 1737 2204
4 2367 2371 2373 241
4 1688 1678 327 333
4 1653 1676 341 1657
4 2154 2162 250 254
4 2213 2211 2215 2216
4 2162 2200 2202 2201
4 2162 250 2202 2204
4 1724 1722 236 1723
4 2204 2202 2144 250
4 240 254 253 2214
4 143 162 1013 148
4 254 2213 2162 2201
4 1031 61 1036 1035
4 240 1713 1723 2148
4 253 254 58 2215
4 2223 2541 96 2578
4 1208 289 286 285
4 1722 2162 2153 2204
4 101 105 2073 106
4 253 72 58 255
4 251 1740 1737 250
4 253 255 2374 2212
4 1713 236 1724 1727
4 2201 2202 2180 2196
4 239 240 2210 2147
4 239 2374 2212 2214
4 2071 2674 105 2075
4 240 1709 2148 2147
4 1128 1116 1124 249
4 1713 1724 1723 1730
4 237 246 1740 232
4 253 58 2216 2215
4 253 2212 2211 255
4 113 119 118 2582
4 2201 59 2215 2208
4 240 1723 236 2154
4 1724 1722 1740 237
4 1750 1724 1727 1729
4 1754 246 247 1126
4 2214 253 2212 2213
4 2200 2204 2202 2199
4 1754 1755 246 1126
4 2154 250 2204 1722
4 2213 2215 2158 2201
4 2199 2204 2202 2144
4 2213 2215 2211 2158
4 1225 1092 599 22
4 2199 2144 1737 2204
4 1224 0 4 3
4 246 1740 1737 251
4 253 2211 2212 2213
4 253 2211 2216 255
4 253 2216 2211 2213
4 253 2215 2216 2213
4 253 254 2215 2213
4 2214 2213 2212 2160
4 2214 254 2213 2162
4 2214 2374 2212 253
4 156 169 154 2353
4 219 218 1711 1727
4 1722 237 236 1740
4 1126 246 232 1755
4 1031 61 62 796
4 1722 2204 2153 1743
4 1722 236 250 1740
4 2154 236 250 1722
4 251 2144 40 250
4 1727 237 236 1724
4 2154 1722 2204 2162
4 1722 1737 1743 1740
4 1613 1614 1675 1260
4 1724 237 236 1722
4 218 1727 236 1713
4 2154 2214 2162 254
4 19 629 624 623
4 2353 170 2364 2365
4 655 325 674 324
4 2416 242 227 2415
4 239 2214 2212 2210
4 218 1713 236 240
4 180 181 1880 186
4 1128 1127 24 1084
4 1754 246 1737 251
4 1802 1774 98 97
4 277 299 300 1440
4 218 1711 1727 1713
4 1725 1711 219 1899
4 239 2214 2210 240
4 2249 2248 110 2232
4 2154 2213 2160 2162
4 2154 2214 2213 2162
4 2154 2160 2213 2214
4 239 240 253 2214
4 180 1932 201 1934
4 2399 2404 2407 2521
4 251 250 1737 2144
4 600 594 622 593
4 1128 249 26 1116
4 221 220 1952 214
4 248 1124 247 1126
4 1442 278 277 1419
4 1128 629 1127 1129
4 792 47 65 807
4 240 254 2214 2154
4 1225 0 3 22
4 1709 1713 2148 1723
4 1261 330 1265 342
4 2117 106 101 2076
4 627 558 24 1127
4 1725 1711 1727 219
4 1826 1952 1827 1953
4 240 1713 2148 1709
4 240 1709 1712 1713
4 240 2214 2210 2148
4 600 598 20 624
4 2014 101 2011 2003
4 2413 2051 2252 2649
4 2613 2614 2662 117
4 1176 1177 1198 267
4 302 321 1590 1586
4 2097 2098 2085 2096
4 276 1547 1548 298
4 62 74 61 1031
4 1886 1883 1712 224
4 2369 2373 2254 2367
4 301 1444 1404 279
4 1434 1440 300 1441
4 329 1244 314 1667
4 264 261 265 1450
4 1700 1752 1706 1704
4 1122 1126 247 1124
4 1084 1127 24 558
4 1753 232 237 1750
4 1226 1090 1092 3
4 593 624 20 629
4 800 61 43 796
4 1098 1107 1106 234
4 1749 1702 1728 1810
4 629 23 24 627
4 1103 1124 1116 1105
4 1225 17 0 22
4 598 20 14 727
4 1091 1116 6 1089
4 96 100 2540 101
4 249 244 1105 248
4 2079 2081 2075 2080
4 1932 201 1924 1922
4 1084 247 24 248
4 1091 5 6 25
4 1090 1092 2 1093
4 1655 18 1 1654
4 243 1107 1104 1105
4 672 646 695 648
4 248 1105 1107 243
4 196 1925 1924 1929
4 214 1703 1827 215
4 1105 1100 1126 1107
4 1437 301 300 1444
4 1092 1220 3 1225
4 1296 343 1267 1294
4 278 1444 301 279
4 1754 1755 1740 232
4 1754 232 1740 246
4 1754 246 1755 232
4 1750 1727 1749 1729
4 341 346 18 1655
4 591 1093 21 1092
4 320 1448 1407 1402
4 699 644 698 650
4 249 1105 1124 248
4 1662 1695 333 1689
4 1296 1294 1298 343
4 54 69 53 987
4 1702 1703 1826 1810
4 1083 247 1754 1084
4 620 39 19 610
4 1222 6 7 1299
4 248 1107 1126 243
4 1105 1101 1100 1107
4 2540 100 2599 101
4 1741 1755 1740 1754
4 180 1933 1881 1932
4 1098 1705 1106 1097
4 1750 237 1740 232
4 1952 1703 1827 214
4 2117 101 102 2014
4 314 1580 293 313
4 1706 1705 234 1106
4 1706 233 1100 234
4 213 316 1431 320
4 248 1124 1126 1105
4 48 61 66 797
4 1222 7 6 1224
4 1827 215 1705 1832
4 1741 1740 1737 1754
4 1083 1122 247 1084
4 1234 1105 1104 1103
4 229 1106 1104 1107
4 229 1107 1104 243
4 216 1832 197 1313
4 1903 1964 266 270
4 1299 26 6 244
4 234 1126 233 1100
4 234 1107 1126 1100
4 234 243 1126 1107
4 234 229 243 1107
4 234 248 1126 243
4 1958 220 1898 1952
4 1753 1740 232 1750
4 1953 1958 1952 220
4 202 197 196 1923
4 288 289 291 1197
4 1239 245 244 1234
4 348 905 349 350
4 1706 1100 1107 234
4 699 644 650 648
4 1122 1126 1755 1754
4 1704 1703 1810 214
4 1704 233 1706 214
4 1882 186 1875 191
4 1240 1320 212 1236
4 1098 1700 1100 1706
4 197 1929 1832 196
4 2086 106 2083 2075
4 1903 266 1964 265
4 1964 1963 270 1906
4 321 305 323 1586
4 1753 233 232 1126
4 1299 1091 6 1089
4 1753 238 1749 1750
4 1932 1924 201 1951
4 331 1268 1271 1238
4 261 283 284 1456
4 281 259 263 1556
4 247 1754 251 246
4 185 186 1880 1882
4 1753 1126 232 1755
4 214 1705 1706 1703
4 1749 1728 1725 1810
4 1752 1753 1706 1704
4 1750 1755 1740 1741
4 1406 320 1402 217
4 233 247 246 1126
4 1801 292 1797 1788
4 1952 1827 215 214
4 313 1582 1580 1585
4 196 1953 1924 1925
4 1952 1810 1703 214
4 1752 1755 1126 1753
4 1952 1826 1703 1810
4 1728 1727 1749 1725
4 257 277 278 1419
4 1898 219 1899 1725
4 1753 1749 238 1704
4 1826 1703 1827 1952
4 197 1923 1929 196
4 623 607 610 23
4 221 1952 215 214
4 1313 1929 1832 197
4 241 2374 253 255
4 220 1952 214 1810
4 1224 4 7 3
4 174 2097 175 2094
4 220 1952 1810 1898
4 220 1810 219 1725
4 220 1725 219 1898
4 220 1898 1810 1725
4 1929 1827 1832 215
4 1231 1104 1103 1234
4 98 1801 1797 1802
4 1753 238 233 1704
4 1729 1730 1724 1727
4 1700 1100 1706 1752
4 1740 1741 1734 1750
4 1800 1799 1801 1757
4 1929 1827 1953 1925
4 1705 1321 1832 1240
4 1704 214 1706 1703
4 1752 1734 1755 1753
4 1810 1727 1725 1749
4 303 285 1564 280
4 1098 1706 1106 1705
4 1098 1706 1107 234
4 1157 1207 1172 1205
4 1296 7 1223 1263
4 196 1929 1953 1925
4 2009 89 2010 2135
4 1591 297 1592 318
4 1240 1106 1705 1097
4 314 1420 315 294
4 221 1953 1952 220
4 234 248 247 1126
4 1299 1090 1091 1089
4 245 343 7 1298
4 180 1934 1881 1933
4 196 1832 215 1929
4 54 69 987 70
4 1128 1084 1122 1127
4 1263 1265 343 342
4 1556 1577 286 280
4 1083 1754 247 1122
4 556 42 24 1084
4 180 1881 1879 1932
4 1971 1975 1970 187
4 1750 1727 1724 237
4 1752 1100 1706 1753
4 1962 1967 1456 1964
4 1098 1100 1107 1706
4 301 1404 1407 1448
4 1224 4 0 1220
4 1549 1551 1555 1553
4 1750 1724 1740 237
4 1704 1810 1703 1702
4 1753 232 1740 1755
4 1741 1743 1737 1740
4 1753 1755 1740 1750
4 1753 1750 1741 1755
4 611 610 607 613
4 1103 1116 244 1105
4 281 277 282 1596
4 281 277 1596 276
4 1704 1749 1810 1702
4 257 278 258 1419
4 1704 238 1810 1749
4 1225 599 742 22
4 1128 24 25 1084
4 1753 233 1126 1100
4 1753 233 1100 1706
4 1705 1097 1321 1240
4 1753 1704 233 1706
4 1753 232 233 238
4 1753 238 237 232
4 1753 237 238 1750
4 1668 341 1675 1676
4 2250 2243 115 2238
4 1734 1753 1741 1755
4 301 1404 1444 1437
4 957 649 959 640
4 740 736 1616 860
4 1734 1750 1741 1753
4 1098 234 1106 1706
4 556 1084 1754 247
4 1091 25 6 26
4 1406 320 1407 1402
4 1263 1261 342 1260
4 1091 1128 1129 629
4 1225 599 1092 590
4 341 1 4 1675
4 2117 102 88 2014
4 600 20 16 21
4 600 727 20 598
4 591 600 1093 593
4 1090 1093 5 1091
4 1614 4 0 1
4 346 13 18 1656
4 1084 24 25 248
4 1116 1105 1124 249
4 1222 1090 6 1299
4 556 1697 1754 1083
4 1090 1093 1091 1087
4 1084 42 24 247
4 1093 1129 629 1091
4 623 624 19 620
4 906 912 8 34
4 591 600 21 1093
4 1222 1223 7 1224
4 629 627 24 1127
4 1282 1103 1089 1299
4 701 702 703 635
4 1122 1754 247 1126
4 1299 1089 6 1116
4 293 1585 1535 1536
4 902 348 1694 919
4 1116 249 244 1105
4 557 627 556 607
4 1220 4 0 1614
4 1093 593 21 629
4 223 240 239 1803
4 556 1697 1737 1754
4 314 1354 1421 1533
4 2248 110 115 111
4 1121 1125 1126 1122
4 1121 1126 1755 1122
4 556 1083 1754 1084
4 600 597 727 598
4 557 558 556 627
4 557 2144 607 556
4 623 627 23 629
4 1406 1405 1407 320
4 556 251 1737 2144
4 556 1737 251 1754
4 252 247 24 42
4 1091 629 25 1128
4 627 2144 607 41
4 627 556 2144 41
4 627 607 2144 556
4 627 24 41 23
4 627 1084 24 558
4 627 556 1084 558
4 627 24 1084 556
4 627 42 41 24
4 627 556 42 24
4 627 41 42 556
4 620 19 39 582
4 188 2049 189 2077
4 1090 3 2 1092
4 1093 1129 1087 593
4 598 582 619 727
4 620 578 39 610
4 598 727 14 582
4 1447 198 1448 1969
4 347 348 336 905
4 620 582 39 578
4 624 20 14 598
4 98 102 97 1779
4 629 21 25 20
4 1421 1420 294 1428
4 209 2673 142 124
4 623 627 607 23
4 629 558 1127 626
4 629 628 558 626
4 629 627 1127 558
4 629 628 627 558
4 623 19 610 620
4 623 629 628 627
4 623 611 627 628
4 624 582 619 598
4 624 14 19 582
4 624 598 14 582
4 36 54 566 55
4 98 103 102 1779
4 623 624 628 629
4 623 611 607 627
4 623 610 607 611
4 252 556 1754 247
4 252 556 251 1754
4 252 251 42 41
4 252 247 42 1084
4 252 1084 42 556
4 252 556 247 1084
4 252 2144 42 251
4 252 556 2144 251
4 252 42 2144 556
4 1128 1124 1122 1084
4 1128 1084 248 1124
4 1128 25 248 1084
4 1128 248 25 249
4 1128 249 1124 248
4 600 599 16 727
4 600 593 21 1093
4 593 629 622 624
4 1128 629 24 1127
4 1128 25 24 629
4 25 2 1093 5
4 1091 1128 25 26
4 1091 26 6 1116
4 1091 1128 26 1116
4 1224 3 7 6
4 600 727 597 599
4 600 624 20 593
4 1093 629 1129 593
4 1093 629 21 25
4 1093 629 25 1091
4 1093 25 5 1091
4 600 622 624 593
4 600 15 16 20
4 600 727 15 20
4 600 16 15 727
4 1426 1421 294 1429
4 1260 1675 1 1614
4 1092 3 2 21
4 1092 21 2 1093
4 916 902 1694 919
4 89 98 87 1779
4 1092 599 21 600
4 1225 742 17 22
4 332 335 336 1662
4 1657 346 1655 1656
4 91 178 177 2133
4 1090 2 5 1093
4 1090 2 6 5
4 1090 5 6 1091
4 590 591 599 1092
4 1224 7 4 1223
4 342 1260 1261 341
4 1245 314 1420 315
4 904 336 902 905
4 1224 2 6 1090
4 1260 4 1223 1224
4 1224 3 2 1090
4 1320 1405 1431 1319
4 312 328 1673 327
4 1325 1326 1324 1450
4 1313 1923 1929 197
4 1224 6 2 3
4 1299 1103 1089 1116
4 1657 346 1656 345
4 1232 1233 245 1234
4 1225 22 3 1092
4 1323 1313 1321 216
4 1219 1260 1614 1613
4 223 239 222 1803
4 1652 344 1688 345
4 344 1694 1688 333
4 1420 315 295 1423
4 1260 1 4 1614
4 1969 198 1448 1446
4 89 98 1779 103
4 1220 3 0 1224
4 1429 300 1440 1441
4 1296 1222 7 1298
4 1233 1116 244 1103
4 1406 213 1320 1431
4 1579 281 1577 1556
4 1654 0 1 1616
4 1271 1238 1294 245
4 1298 1222 7 1299
4 318 319 1584 1583
4 1685 1673 1672 328
4 1668 341 1260 1675
4 1261 330 1249 1265
4 296 1407 301 1438
4 910 906 12 908
4 1234 244 243 1105
4 1296 1267 343 1263
4 296 301 300 1438
4 342 341 1261 330
4 1263 1265 342 1261
4 279 1454 283 278
4 1453 284 1454 1456
4 1313 1829 1923 1927
4 2015 1155 268 1324
4 336 1695 1694 333
4 1296 343 7 1263
4 296 316 1432 1422
4 89 90 2135 91
4 330 342 343 1265
4 320 1431 1405 316
4 329 1261 341 330
4 231 1238 1239 1268
4 61 796 797 43
4 1969 1446 1448 1447
4 1219 1220 1614 1260
4 1969 1927 1447 197
4 296 1422 1432 295
4 1296 1223 7 1222
4 1655 1654 1 1614
4 297 318 1584 1592
4 331 343 245 1271
4 231 331 1238 1268
4 1969 197 1923 1927
4 1245 1420 1423 315
4 2015 1154 1155 1324
4 1218 1090 1226 1224
4 1218 1222 1090 1224
4 1218 1089 1090 1299
4 1218 1299 1090 1222
4 1323 213 1320 217
4 1441 1424 295 1438
4 316 1432 1422 1431
4 299 1429 300 1440
4 314 293 1580 1533
4 1233 1299 1116 1103
4 216 1447 217 1313
4 1402 1407 1403 1448
4 1313 1829 1929 1923
4 314 1421 294 1533
4 1667 1672 1580 1673
4 1219 1260 1224 1220
4 1219 1223 1224 1260
4 1678 1688 1681 1689
4 1406 217 1402 1447
4 293 1580 1535 1585
4 314 1667 328 329
4 314 1420 294 1421
4 624 594 622 600
4 1426 1440 1425 1427
4 1665 321 893 1586
4 1232 1238 245 1294
4 1429 295 300 1441
4 320 1405 1407 316
4 1426 1593 1425 299
4 1571 1572 280 275
4 1927 197 1923 1447
4 1923 196 1924 1929
4 316 1405 1432 1431
4 1923 201 1924 196
4 1673 1582 1580 313
4 2250 635 634 1757
4 1101 1126 1105 1100
4 1323 216 217 1313
4 1448 1407 1403 1404
4 245 1294 343 1298
4 1922 201 196 202
4 1957 201 1924 1951
4 296 295 1432 1438
4 1232 1298 245 1233
4 231 1320 1236 213
4 1241 1239 1240 230
4 331 1268 1269 1271
4 1441 1438 300 1434
4 1406 1402 1315 1447
4 325 324 307 674
4 172 187 186 1961
4 265 1455 261 1449
4 1406 217 1320 213
4 1233 244 1299 245
4 1889 199 1959 200
4 1682 334 345 1657
4 1438 1437 301 300
4 1438 1405 296 1407
4 261 1408 1450 1418
4 1406 1431 1405 320
4 1233 1231 1103 1234
4 1324 1158 1155 268
4 65 792 797 1036
4 1323 217 1320 1406
4 297 1584 298 1546
4 2250 2224 93 2243
4 1725 219 237 1810
4 198 1969 1447 197
4 1549 1553 259 1551
4 1406 213 320 217
4 4 1263 1260 1223
4 796 800 801 43
4 220 238 237 1810
4 1441 1432 1424 1438
4 1536 1547 1594 298
4 1242 1354 1420 314
4 917 8 13 910
4 1426 1427 1429 1440
4 1673 1580 1582 1672
4 1406 213 1431 320
4 235 1106 234 1705
4 217 1447 198 1402
4 1667 1242 314 1489
4 1320 1431 1405 1406
4 1313 1447 1923 197
4 235 229 234 230
4 1313 1406 1323 1315
4 1241 1234 1239 230
4 1323 1313 217 1406
4 1829 1832 1313 1929
4 1727 219 237 1725
4 1313 1923 1447 1927
4 301 1448 1407 320
4 230 1106 229 234
4 1268 1236 1235 1239
4 1241 1240 1106 230
4 235 216 1240 1832
4 1234 243 1104 1105
4 288 291 290 1197
4 231 213 316 1431
4 51 67 50 993
4 1313 1406 1447 217
4 1313 1315 1447 1406
4 269 266 1903 265
4 1313 1402 1447 1315
4 212 1323 216 217
4 212 217 213 1323
4 889 814 51 31
4 216 1240 1832 1321
4 216 1321 1832 1313
4 212 1323 1240 216
4 235 1240 1705 1832
4 267 272 271 1767
4 212 213 1236 1320
4 212 1323 213 1320
4 1233 1234 244 245
4 1459 1555 1205 1549
4 277 300 278 1440
4 1245 330 1244 1242
4 235 1240 1106 1705
4 235 234 1106 230
4 235 1106 1240 230
4 102 1778 1779 103
4 1232 245 1298 1294
4 1232 1239 245 1238
4 240 250 254 2154
4 240 250 2154 236
4 231 1431 316 331
4 1241 1239 1236 1240
4 1241 230 1106 1234
4 1233 1234 1103 1105
4 1241 1106 1104 1234
4 1233 1105 244 1234
4 1234 230 1106 229
4 1232 245 1239 1234
4 1233 1299 1103 1282
4 1271 1267 1273 343
4 1271 1294 343 245
4 331 1431 1269 1268
4 1233 249 244 1116
4 1233 7 1299 1298
4 1233 245 7 1298
4 1233 1299 7 245
4 1271 1294 1267 343
4 1268 1319 1235 1320
4 1233 1116 26 249
4 1233 26 1116 1299
4 1233 26 244 249
4 1233 244 26 1299
4 1268 1239 1235 1238
4 1691 335 904 1692
4 231 1268 1239 1236
4 1268 1431 1319 1320
4 1268 1431 1320 213
4 1424 295 1429 1441
4 299 294 1426 1594
4 1211 306 1149 1212
4 331 1271 245 1238
4 1779 89 103 1778
4 231 331 1268 1431
4 231 245 1238 331
4 231 1268 1320 213
4 231 1268 213 1431
4 231 1239 1238 245
4 1245 314 315 330
4 1260 341 342 4
4 1424 1438 1432 295
4 1245 315 1251 330
4 299 294 295 1429
4 331 1271 1273 343
4 331 1273 1271 1269
4 331 316 1422 1431
4 331 1431 1422 1269
4 331 1251 1273 1269
4 1676 1668 329 1669
4 1420 1429 295 294
4 1245 1420 314 1242
4 1242 1533 1354 314
4 1245 330 1242 314
4 1438 1434 1437 300
4 1667 313 1580 314
4 306 285 1210 1575
4 309 310 326 686
4 1594 1426 1421 294
4 1653 1675 341 1676
4 299 295 300 1429
4 1269 1423 331 1251
4 315 331 316 1422
4 1423 295 1422 315
4 9 29 918 30
4 1682 345 340 1657
4 314 1580 1489 1533
4 2539 2575 2537 2538
4 1245 1250 1244 330
4 1652 1688 344 1693
4 1426 1428 1421 1429
4 1953 215 221 1952
4 298 1594 1593 1547
4 296 1438 300 295
4 1245 1423 1251 315
4 293 1536 298 1585
4 919 344 30 348
4 1424 1432 1422 295
4 1424 295 1422 1423
4 275 1548 298 276
4 1212 1210 1213 1147
4 1208 1170 1213 1206
4 896 349 351 897
4 1544 1546 1584 297
4 1574 1544 1591 297
4 1691 336 902 904
4 312 313 1673 328
4 1420 1428 1429 294
4 1420 295 315 294
4 902 919 921 348
4 330 1244 1242 314
4 1420 1423 295 1428
4 293 1535 1580 1533
4 1533 1354 1421 1534
4 895 893 1658 337
4 293 1594 298 1536
4 1665 1658 337 1692
4 1585 1546 1535 1536
4 1958 220 219 1898
4 1457 279 1404 1444
4 263 264 1159 1205
4 1421 1428 294 1429
4 892 28 29 805
4 327 1678 328 1685
4 1420 295 1429 1428
4 335 349 904 337
4 1665 893 1658 1586
4 1223 7 4 1263
4 1579 1553 1556 1552
4 1579 1556 1553 281
4 1685 1672 1670 329
4 852 862 34 906
4 1685 328 1672 329
4 1426 1594 1593 299
4 910 12 13 908
4 351 75 62 1030
4 1535 1533 1489 1580
4 78 1016 161 77
4 1692 895 1658 337
4 1682 1678 328 1681
4 1684 1686 318 312
4 1572 1574 297 1544
4 299 1426 1429 1440
4 302 1209 1563 1564
4 1536 298 1546 1547
4 1690 13 9 344
4 313 1585 1580 293
4 647 144 145 956
4 299 294 1429 1426
4 1137 1149 1135 1209
4 318 1589 322 317
4 299 1440 1425 1426
4 1055 74 75 1029
4 260 1595 259 282
4 298 1548 1546 1547
4 1538 1547 1593 1594
4 297 298 1548 1546
4 1207 1577 1556 1554
4 293 1594 1421 294
4 1070 144 145 159
4 1596 1443 1425 1593
4 832 351 1038 1039
4 1688 327 1678 334
4 913 891 49 921
4 314 1533 294 293
4 805 803 804 28
4 291 1800 634 1133
4 1536 1594 1547 1534
4 329 330 314 1244
4 1420 1251 1245 1423
4 805 802 28 862
4 344 13 9 345
4 318 317 1666 1589
4 293 1536 1535 1533
4 1591 1584 1581 1592
4 12 33 11 862
4 1691 335 336 904
4 1665 1664 1588 1586
4 1664 1665 1588 1666
4 348 49 30 921
4 1586 1590 1559 1588
4 1579 1556 1577 1554
4 2231 109 2232 2234
4 1245 1251 1250 330
4 330 1273 1250 1265
4 655 338 656 1037
4 895 894 893 337
4 1585 298 1546 1536
4 293 294 1421 1533
4 293 1534 1594 1536
4 293 1536 1533 1534
4 293 1421 1594 1534
4 293 1533 1421 1534
4 347 904 903 905
4 1242 314 1489 1533
4 1667 314 1242 1244
4 330 315 1251 331
4 346 345 13 1656
4 330 1251 1250 1273
4 330 331 1251 1273
4 1667 314 1580 1489
4 341 1261 329 1668
4 330 1250 1249 1265
4 582 596 727 579
4 330 1244 1249 1250
4 892 918 30 911
4 330 1265 343 1267
4 330 1267 1273 1265
4 330 343 1273 1267
4 347 905 336 904
4 740 1225 599 742
4 1249 1669 1667 329
4 291 271 272 1788
4 340 1668 341 329
4 2492 2527 165 2524
4 344 345 334 1688
4 805 28 29 862
4 1667 1244 1242 1489
4 329 330 1244 1249
4 331 1423 315 1251
4 919 348 30 921
4 329 1672 1669 1667
4 114 2232 2243 2588
4 334 1681 1682 328
4 329 1672 1670 1669
4 318 322 1589 1592
4 1652 1690 344 345
4 806 807 47 803
4 328 329 1670 1669
4 327 328 1673 1685
4 1695 333 1688 1694
4 328 1667 1673 1672
4 328 329 1667 1672
4 598 619 596 727
4 1685 1676 328 1670
4 806 47 28 803
4 1688 1678 1681 334
4 1676 328 329 1682
4 1669 1676 1670 328
4 1682 329 340 328
4 1682 1676 341 1668
4 1682 1668 341 340
4 1682 341 1676 340
4 1685 1676 1682 328
4 1682 340 329 1668
4 1673 1672 1670 1685
4 904 897 903 894
4 1678 328 1681 334
4 1688 333 327 334
4 800 43 44 801
4 312 327 313 328
4 919 921 30 918
4 1654 908 12 860
4 1695 1688 1693 1694
4 590 591 600 599
4 917 919 9 918
4 347 904 336 335
4 1653 341 1675 1655
4 327 1678 334 328
4 1654 860 17 736
4 11 33 32 848
4 892 48 47 806
4 806 804 28 805
4 806 805 28 892
4 335 337 895 1692
4 916 344 9 919
4 1037 828 1039 338
4 805 29 34 862
4 892 911 30 49
4 1693 1694 344 916
4 1590 1587 1589 1591
4 912 8 29 918
4 1654 18 12 908
4 919 9 30 344
4 918 921 30 49
4 806 892 48 891
4 2379 2382 2378 2394
4 344 1688 334 333
4 1653 1655 346 341
4 1544 1584 1541 1591
4 917 918 9 8
4 1655 1656 18 1654
4 913 921 349 898
4 1544 297 1584 1591
4 114 2243 2232 115
4 140 2670 2660 2668
4 109 113 2588 114
4 731 599 727 855
4 2668 140 2670 142
4 805 802 803 28
4 337 351 897 828
4 1662 336 1695 1691
4 1591 1589 1590 322
4 302 1563 1557 1561
4 1662 1687 1695 1689
4 146 2490 2494 2495
4 806 48 47 807
4 917 906 912 8
4 892 29 918 912
4 2588 109 114 2232
4 629 1087 1129 593
4 896 351 62 831
4 1690 9 13 916
4 740 1225 742 1616
4 1654 908 860 736
4 912 29 8 34
4 891 44 48 43
4 740 742 17 1616
4 1652 1687 1688 1693
4 2582 113 119 2578
4 911 918 30 49
4 1690 345 13 344
4 801 807 48 806
4 347 903 349 905
4 912 34 862 805
4 1616 0 1 1614
4 1654 17 0 1616
4 1690 910 13 1656
4 102 1779 1778 2012
4 891 911 49 921
4 891 48 49 892
4 891 49 911 892
4 1051 1070 1054 1052
4 1654 736 17 1616
4 916 1694 344 919
4 908 1690 1650 1656
4 853 11 848 862
4 853 848 11 849
4 1574 1590 1558 1561
4 853 11 861 849
4 1614 1220 1225 0
4 860 16 11 17
4 1616 742 17 1225
4 1616 17 0 1225
4 860 12 11 853
4 860 853 11 861
4 1693 1694 1688 344
4 852 34 912 906
4 860 742 16 17
4 860 861 11 849
4 860 849 742 861
4 1655 346 18 1656
4 860 849 16 742
4 860 11 16 849
4 1652 1688 1681 334
4 317 321 335 1665
4 908 906 12 853
4 908 853 12 860
4 1654 1616 1 1614
4 908 12 13 18
4 909 908 906 910
4 1652 334 1681 1657
4 1614 1225 1616 0
4 740 17 742 860
4 917 9 13 8
4 910 18 13 1656
4 852 848 853 850
4 916 9 13 917
4 910 908 18 1656
4 1657 334 1681 1682
4 910 13 18 908
4 1657 340 341 346
4 1693 1690 916 344
4 2613 2614 2658 2662
4 1652 344 1690 1693
4 1652 334 345 1688
4 1031 60 61 1035
4 288 285 1213 1212
4 1030 1029 75 1031
4 1655 1675 1 341
4 2012 97 102 1779
4 852 912 34 862
4 1690 13 345 1656
4 1657 340 1676 341
4 1652 1690 345 1656
4 916 13 910 917
4 914 8 918 917
4 910 13 12 8
4 910 8 12 906
4 1690 344 9 916
4 1657 1682 1676 340
4 896 62 44 831
4 831 62 44 800
4 797 61 66 1036
4 902 336 1694 348
4 831 62 1031 1030
4 1657 345 340 346
4 1690 916 13 910
4 896 62 351 349
4 317 332 1666 1665
4 1652 1656 345 1657
4 909 910 906 8
4 914 917 912 8
4 909 917 910 8
4 909 8 906 917
4 852 853 862 906
4 801 48 43 891
4 2251 2238 2244 2224
4 1650 1654 908 1656
4 339 325 672 674
4 1070 159 145 1073
4 949 2443 959 1013
4 1544 1548 1546 297
4 914 906 912 917
4 797 66 48 807
4 1030 75 62 1031
4 858 860 853 908
4 339 1043 1044 670
4 896 898 903 897
4 1031 61 60 74
4 2069 208 207 2068
4 797 807 48 801
4 1684 327 1685 1678
4 647 649 144 956
4 801 43 44 891
4 1030 1079 75 1029
4 801 806 48 891
4 905 348 336 902
4 1038 1030 75 351
4 908 910 1690 1656
4 2135 91 2132 2140
4 1055 1035 74 1029
4 140 155 153 2297
4 913 891 921 911
4 913 44 891 800
4 831 796 62 800
4 1031 74 60 1035
4 114 2536 2578 2222
4 302 306 305 1564
4 1029 1031 1028 1035
4 1662 1691 1692 335
4 338 337 827 828
4 831 1038 351 1030
4 339 672 670 674
4 1029 1035 74 1031
4 1029 74 75 1031
4 896 349 903 898
4 333 348 1694 336
4 904 349 897 337
4 894 897 828 337
4 2224 2243 2238 2244
4 339 338 1044 352
4 898 903 905 349
4 831 1030 1031 796
4 831 1031 62 796
4 913 44 49 891
4 1795 1788 1783 1797
4 2457 136 135 2550
4 832 831 351 896
4 1689 327 1678 333
4 831 62 1030 351
4 94 98 97 1802
4 832 1038 351 831
4 2648 2594 2073 2644
4 913 350 44 349
4 1691 1695 1694 336
4 1689 1688 333 1678
4 1665 321 335 337
4 650 644 643 641
4 2250 1802 1799 1757
4 1564 1211 306 305
4 1073 159 1043 1078
4 898 905 921 349
4 905 902 921 348
4 905 921 350 348
4 1583 313 1585 1582
4 905 350 921 349
4 905 919 921 902
4 1662 335 336 1691
4 1591 1592 1589 322
4 913 349 921 350
4 1143 1151 1149 1212
4 904 337 894 895
4 1204 683 666 689
4 1796 1797 1783 1801
4 317 1665 335 332
4 894 828 827 337
4 904 337 897 894
4 2250 94 93 1802
4 1143 1212 1149 305
4 731 727 599 597
4 896 44 800 831
4 896 800 44 913
4 332 336 333 1695
4 832 897 351 828
4 1577 1206 1575 1567
4 328 1682 345 340
4 323 893 321 1586
4 110 114 2232 115
4 832 351 897 896
4 347 349 903 904
4 1684 1686 312 327
4 832 1039 828 351
4 1572 1544 1566 1574
4 1665 337 1658 893
4 1689 333 1688 1695
4 654 652 656 653
4 1691 336 1694 902
4 245 6 244 1299
4 163 1055 79 158
4 332 1662 336 1695
4 904 897 349 903
4 28 46 27 803
4 290 1192 1133 1202
4 2503 2405 2403 2502
4 893 1658 1469 745
4 909 853 906 908
4 337 897 351 349
4 335 895 337 904
4 323 305 1209 1557
4 1689 1695 1688 1687
4 1037 656 827 338
4 2250 2243 2238 2224
4 332 1695 333 1662
4 1684 312 1673 327
4 335 1692 895 904
4 237 1749 238 1750
4 2250 2224 2238 2251
4 332 1662 1666 1665
4 1665 1692 337 335
4 1586 1559 1472 1588
4 1579 1571 281 1578
4 1584 1582 1583 1585
4 1665 1588 321 1586
4 302 303 306 1564
4 1457 1444 1454 1453
4 1206 1575 1567 1210
4 332 333 1689 1662
4 332 1662 1689 1666
4 1544 1546 1542 1584
4 1686 1666 1589 1592
4 643 133 132 704
4 1684 327 1678 1686
4 1583 1673 313 1582
4 1576 1572 1566 1574
4 1586 321 1590 1588
4 1574 1558 1590 1591
4 1571 1578 1565 1540
4 1212 306 285 1210
4 703 326 111 702
4 1795 1783 1788 1787
4 1589 321 1590 322
4 1665 337 893 321
4 1043 1041 352 1044
4 2225 2012 97 2540
4 291 634 1800 311
4 303 280 1575 1576
4 2076 2117 2003 101
4 2664 2670 2668 2666
4 319 293 298 1585
4 1570 1576 1568 1572
4 743 1557 1469 323
4 319 313 293 1585
4 1577 280 1575 285
4 323 337 893 827
4 624 598 594 600
4 1684 318 1583 312
4 332 335 1692 1665
4 332 1665 1692 1662
4 332 1692 335 1662
4 1589 1590 321 1588
4 1584 1585 1546 1542
4 743 1136 323 324
4 1589 321 322 317
4 1589 1588 321 1665
4 1589 1665 1666 1588
4 318 1584 1592 1583
4 1684 1673 1685 327
4 1589 1665 321 317
4 1589 317 1666 1665
4 1583 313 1673 312
4 655 324 657 656
4 1684 1583 1673 312
4 1592 318 1684 1686
4 1212 285 1213 1210
4 1591 1584 1592 297
4 318 1589 1666 1592
4 333 1694 348 344
4 1591 318 322 297
4 328 345 1682 334
4 1686 1666 1592 318
4 319 1583 1585 1584
4 319 1585 298 1546
4 319 1546 298 1584
4 319 1584 1585 1546
4 1591 1587 1589 1592
4 318 317 332 333
4 1581 1583 1592 1584
4 1686 332 1689 1666
4 1686 333 1689 332
4 1686 1689 333 327
4 582 596 619 727
4 1686 318 317 1666
4 1686 333 317 318
4 743 1469 893 323
4 325 128 145 672
4 1686 317 332 1666
4 1686 333 332 317
4 1686 327 1678 1689
4 743 324 656 653
4 2540 101 97 96
4 2051 2052 204 1883
4 302 1561 1590 303
4 666 1143 1151 1142
4 1442 277 1440 1443
4 339 672 145 669
4 1801 1757 94 1800
4 1209 1149 1135 1211
4 740 599 1225 590
4 1207 1206 286 1577
4 2015 1324 269 1902
4 1577 285 1575 1206
4 2023 1777 2009 89
4 2250 2248 116 634
4 265 1450 1902 264
4 1414 1443 1419 1442
4 257 1419 282 277
4 1208 1174 1172 289
4 276 1593 1594 299
4 303 1574 297 1572
4 674 675 676 668
4 342 341 1 4
4 1540 1593 1547 276
4 1041 338 1039 352
4 1136 323 1209 1557
4 280 1568 1575 1576
4 1077 1029 75 1079
4 1564 1562 1576 1575
4 1591 1592 322 318
4 1564 1211 1209 1563
4 703 2248 635 702
4 1788 272 1795 271
4 1016 1027 1017 1022
4 280 1576 1572 1568
4 312 318 333 1686
4 1157 1205 1172 1159
4 686 689 666 683
4 302 303 1564 1561
4 302 305 1209 1564
4 1579 1568 280 1571
4 59 56 58 2209
4 1561 1574 1576 1560
4 285 1210 1575 1206
4 674 676 657 668
4 339 670 1044 655
4 2117 2132 90 2133
4 650 132 133 128
4 272 1766 1765 1767
4 1795 1787 1788 1198
4 1208 1206 1213 285
4 1207 286 1172 263
4 699 704 133 643
4 281 263 286 1556
4 1204 666 1142 689
4 1555 259 1553 1556
4 1575 1570 1576 1568
4 1007 1015 2524 161
4 2250 1799 1802 2251
4 1137 1149 305 1143
4 185 184 1865 1870
4 275 297 1548 1544
4 271 1197 289 267
4 1208 286 289 267
4 1564 1210 1562 1575
4 2550 112 135 2551
4 743 656 338 827
4 655 1044 338 1037
4 339 128 145 325
4 338 1039 351 828
4 745 743 1469 893
4 1211 1210 306 1212
4 303 1591 322 297
4 2250 634 116 1757
4 687 683 689 686
4 2222 2224 2243 114
4 303 1561 1590 1574
4 704 133 110 111
4 130 2586 2583 2531
4 1208 289 288 1174
4 703 698 704 699
4 263 268 267 1159
4 288 308 285 1212
4 1201 1213 1212 288
4 743 1469 1557 1136
4 302 1564 1563 1561
4 338 827 337 323
4 303 1561 1576 1564
4 329 1261 330 1249
4 338 828 351 337
4 338 325 655 324
4 303 1574 1576 1561
4 188 210 2090 208
4 213 230 212 1236
4 2234 643 132 704
4 1563 1471 1557 1559
4 702 634 116 635
4 626 627 628 558
4 305 1149 306 1212
4 305 306 1149 1211
4 305 1211 1149 1209
4 1564 1209 1211 305
4 135 137 2446 138
4 2367 2255 2369 2413
4 1564 1562 1210 1211
4 1564 1210 306 1211
4 303 1575 280 1564
4 303 1576 1574 1572
4 303 280 1576 1572
4 303 1590 322 1591
4 303 1574 1590 1591
4 323 321 893 337
4 1143 306 1212 305
4 667 666 1143 307
4 302 1557 1559 1561
4 302 1559 1590 1561
4 302 1563 1209 1557
4 302 1557 1209 305
4 302 1590 1559 1586
4 302 1586 1559 1557
4 335 904 349 347
4 323 1469 893 1586
4 323 1557 1469 1586
4 743 1136 1557 323
4 743 324 323 656
4 1137 323 1209 1136
4 702 634 635 636
4 290 1202 1133 1204
4 743 656 1136 653
4 1137 305 1149 1209
4 652 653 1136 656
4 1613 1219 1220 1614
4 1204 310 666 683
4 2250 116 94 1757
4 2234 2228 643 2232
4 2251 2220 1774 2224
4 1204 666 1143 1151
4 1202 1193 1192 1133
4 743 338 323 827
4 1041 1039 1038 352
4 219 236 1727 237
4 1197 1174 289 1177
4 339 325 145 672
4 647 127 144 649
4 743 323 338 656
4 324 338 323 656
4 1041 352 1044 338
4 1137 1143 307 667
4 668 307 667 657
4 653 1137 1136 324
4 326 699 325 696
4 1137 323 305 1209
4 653 657 667 1137
4 1137 1143 305 307
4 324 657 667 307
4 324 307 667 1137
4 324 667 657 1137
4 743 653 1136 324
4 324 1136 323 1137
4 653 656 657 324
4 653 657 1137 324
4 2441 640 957 959
4 352 1039 1038 351
4 2250 93 115 2243
4 339 352 1044 1043
4 676 653 657 667
4 122 2645 2646 2668
4 339 1044 338 655
4 1409 1450 264 1326
4 273 272 268 2024
4 655 656 338 324
4 647 956 145 1073
4 652 656 1136 743
4 288 306 285 308
4 1037 338 1039 1044
4 1077 1055 75 1029
4 1055 1071 1018 1059
4 1197 1193 1192 1202
4 1041 1038 1079 352
4 158 1055 74 75
4 650 647 127 648
4 1800 1133 1132 634
4 1077 1079 75 352
4 325 674 668 696
4 325 674 696 672
4 130 135 2456 136
4 650 133 132 643
4 703 635 2248 701
4 28 46 803 47
4 1802 1797 1774 1796
4 668 667 307 666
4 1077 75 1055 159
4 2133 2139 178 2096
4 2402 167 152 2400
4 261 284 262 1456
4 2234 650 643 641
4 1015 82 77 1017
4 2012 1772 97 1779
4 1070 145 144 1073
4 1070 1071 158 159
4 1012 1051 158 1054
4 647 145 144 127
4 1070 1077 159 1078
4 63 77 1026 64
4 672 696 695 675
4 674 324 657 655
4 2668 2647 2645 2669
4 699 648 128 672
4 2589 114 113 2578
4 1070 1073 1078 159
4 2541 2538 2575 2539
4 1197 1195 1201 1174
4 2232 110 115 2248
4 699 650 698 643
4 1777 1763 1793 2023
4 1802 1797 98 1774
4 2114 107 90 2076
4 1070 159 1077 1071
4 1077 1078 352 159
4 1174 288 1213 1201
4 955 1073 956 647
4 1031 1036 1028 1035
4 1078 1043 1041 352
4 158 159 1055 75
4 1802 1801 1799 1757
4 1013 1012 162 157
4 1070 144 159 158
4 1054 143 158 157
4 955 1070 1052 956
4 215 234 233 1705
4 2234 110 2232 704
4 1071 159 1055 158
4 2493 2511 151 2495
4 2588 108 109 2586
4 1013 157 143 1054
4 648 669 646 647
4 2250 1757 94 1802
4 2526 2525 1004 80
4 702 311 116 634
4 2234 110 132 109
4 956 144 145 1073
4 704 111 110 2248
4 956 1070 144 1073
4 736 742 860 740
4 861 731 855 849
4 1012 158 157 1054
4 686 326 325 696
4 648 128 672 669
4 648 145 128 669
4 648 647 145 669
4 648 145 127 128
4 648 127 145 647
4 309 326 325 686
4 702 2248 111 704
4 162 1009 1011 1008
4 699 133 128 650
4 2250 1802 93 2251
4 1052 1073 1070 955
4 181 1879 201 180
4 2023 87 272 1793
4 699 643 133 650
4 704 2248 110 2249
4 2250 635 2235 2248
4 703 133 111 326
4 703 704 2248 702
4 309 325 668 686
4 650 128 127 132
4 2559 118 138 2544
4 1012 1018 1011 162
4 959 1013 148 143
4 2297 153 2300 155
4 2245 2248 2249 2238
4 686 325 668 696
4 643 2232 2249 704
4 2511 2439 2505 2459
4 704 2249 701 2248
4 699 698 704 643
4 2232 2248 115 2243
4 135 146 2505 151
4 1007 1011 2524 1009
4 2521 2407 85 2404
4 121 137 117 2658
4 1012 162 163 1018
4 1012 162 1011 1008
4 1775 1797 1774 1779
4 1802 1801 1797 1796
4 2234 641 132 650
4 2249 2232 2238 2248
4 1208 289 285 288
4 2248 115 116 111
4 2132 2114 2117 2115
4 274 270 175 2101
4 118 135 112 2559
4 1886 1712 1711 224
4 1757 116 94 634
4 2243 2248 115 2238
4 1197 1202 1192 290
4 264 268 1159 1158
4 284 301 304 1457
4 704 110 133 132
4 2224 114 92 2243
4 636 634 1133 683
4 263 286 1172 1208
4 686 703 702 326
4 2232 2245 2238 2243
4 290 310 308 1204
4 140 153 137 2297
4 2106 274 2107 273
4 1779 87 89 2023
4 264 268 1158 1324
4 2012 1778 1773 1772
4 2553 2585 113 2582
4 788 63 45 1024
4 1326 1324 264 1549
4 303 321 1590 302
4 2076 107 90 2117
4 104 122 99 2646
4 1800 1757 634 1132
4 1207 1556 263 1205
4 2224 93 115 92
4 1800 1757 94 634
4 1800 1192 1132 1133
4 2599 119 2538 2598
4 2559 135 112 2551
4 1801 1788 1800 292
4 1801 1797 1783 1788
4 1579 280 1568 1577
4 1201 1212 1147 1151
4 702 683 634 636
4 702 116 111 635
4 309 325 674 668
4 703 699 133 326
4 703 701 2248 704
4 309 686 666 310
4 309 307 674 325
4 309 307 666 668
4 311 94 116 634
4 311 1800 94 634
4 2009 2010 2115 2132
4 2251 2224 1802 93
4 2012 2011 2540 1771
4 292 87 98 1797
4 292 1795 87 1797
4 2559 135 2551 138
4 292 1795 1797 1788
4 702 111 2248 635
4 126 210 125 2677
4 2506 2447 153 2445
4 193 2078 188 192
4 2224 93 97 1774
4 2220 1774 1802 2251
4 1802 1757 94 1801
4 2102 2101 1906 270
4 2234 2232 110 109
4 2250 115 116 2248
4 2243 92 115 114
4 2250 2238 115 2248
4 1779 2023 89 1777
4 2224 93 1774 1802
4 2225 2540 1771 2012
4 175 2101 1871 2091
4 1445 1444 300 278
4 2250 2235 635 1757
4 130 135 129 2456
4 2250 2251 93 2224
4 113 136 130 2586
4 2540 101 2011 2014
4 1779 1775 1772 1774
4 2538 96 95 2540
4 1802 97 93 1774
4 2234 132 110 704
4 2224 115 93 2243
4 2135 2106 2023 273
4 2049 2050 194 190
4 1778 2009 1777 89
4 2114 2083 107 2076
4 2583 130 136 2586
4 2250 94 116 115
4 2250 634 635 2248
4 2494 146 147 2490
4 178 2093 2097 2096
4 2135 2132 88 2010
4 2140 274 2141 2104
4 275 297 1572 303
4 1779 1778 1777 89
4 2024 1765 1763 1793
4 2012 1778 1772 1779
4 2559 112 118 2557
4 2133 2132 91 2139
4 140 141 139 2670
4 2140 2141 274 2139
4 2017 1764 1766 1758
4 1884 223 1883 224
4 272 268 1765 1766
4 2671 242 156 2417
4 2012 102 2010 1778
4 2106 273 91 274
4 2024 1764 1765 2017
4 650 127 128 648
4 704 110 2232 2249
4 291 1800 94 311
4 687 702 683 686
4 1015 1017 77 1014
4 1013 1009 148 162
4 2521 85 83 2404
4 650 649 127 647
4 2228 643 2232 2249
4 2234 109 132 131
4 2223 2536 2539 2578
4 2401 2407 85 169
4 2660 140 139 2670
4 2517 151 150 2511
4 2297 153 137 2300
4 650 643 644 698
4 2231 2232 2228 2234
4 2520 167 152 168
4 2446 2543 138 2447
4 2660 2410 2659 2408
4 699 672 128 325
4 699 325 696 672
4 699 696 695 672
4 699 672 695 648
4 703 696 680 699
4 1204 666 310 308
4 309 674 307 668
4 703 699 680 698
4 1201 1213 1147 1212
4 703 704 133 699
4 1204 1199 1133 683
4 309 668 666 686
4 1260 1675 341 4
4 308 306 285 1212
4 687 703 702 686
4 288 308 1212 1151
4 1204 1151 1143 308
4 309 324 307 325
4 686 696 699 326
4 686 326 699 703
4 686 699 696 703
4 955 669 647 646
4 955 669 1073 647
4 310 686 702 326
4 310 683 702 686
4 310 686 666 683
4 118 135 2559 138
4 310 111 326 702
4 310 683 634 702
4 310 634 311 702
4 1201 1151 1202 288
4 1204 1151 1142 666
4 310 683 1133 634
4 310 634 1133 311
4 308 1143 666 307
4 1197 1174 288 289
4 65 77 64 1022
4 1201 1202 1151 1200
4 308 1143 1212 1151
4 308 306 1212 1143
4 1669 1261 1668 329
4 1201 288 1212 1151
4 2096 177 178 2133
4 263 1208 1172 267
4 272 89 2023 273
4 264 1324 269 2015
4 1159 1175 1177 1172
4 1202 1204 1199 1133
4 1202 1200 1199 1204
4 1202 1204 1151 1200
4 291 1800 1192 1788
4 263 267 286 1208
4 1208 286 1206 285
4 291 1192 1133 290
4 1174 1213 1170 1201
4 288 308 1151 1204
4 288 1204 1151 1202
4 290 288 1202 1204
4 290 1204 308 288
4 290 310 683 1133
4 290 1133 683 1204
4 290 683 310 1204
4 291 1133 1192 1800
4 2014 2117 101 2003
4 274 175 178 2101
4 291 292 1800 1788
4 264 269 268 2015
4 264 1158 1159 1205
4 1208 1213 1170 1174
4 1158 1155 268 1159
4 1197 1193 1202 1195
4 1595 1553 281 1578
4 275 303 1572 280
4 2135 2009 2132 2010
4 1159 1177 1175 1176
4 1793 1795 87 272
4 291 1133 634 311
4 1208 288 1213 1174
4 1208 285 1213 288
4 267 1174 289 1172
4 1208 267 289 1172
4 1766 268 1155 1176
4 2140 2139 91 2132
4 272 1767 268 1766
4 273 268 2017 2024
4 1197 1202 1201 1195
4 1197 290 288 1202
4 1673 328 313 1667
4 1197 1201 1202 288
4 1197 1174 1201 288
4 1197 267 1198 1177
4 1197 1177 289 267
4 291 1788 1192 271
4 135 137 134 2446
4 2447 150 2506 153
4 271 1197 267 1198
4 271 1198 1192 1197
4 271 1788 1198 1795
4 271 1198 1788 1192
4 1207 1577 286 1556
4 323 307 1137 305
4 291 1192 290 1197
4 291 1197 289 271
4 291 271 1192 1197
4 2135 90 2132 91
4 1414 282 277 1596
4 263 1159 1172 1205
4 1595 259 1553 1551
4 275 297 298 1548
4 2140 274 91 2139
4 1705 234 233 1706
4 1207 263 1172 1205
4 1964 1962 262 1456
4 1556 280 286 281
4 1159 268 267 1176
4 1159 1177 267 1172
4 1159 1176 1155 268
4 277 299 1593 276
4 1903 1962 265 1964
4 1970 1963 172 266
4 1549 259 1205 263
4 2645 99 2674 2644
4 2139 274 178 2141
4 264 1902 1324 1450
4 2010 89 88 2135
4 2367 222 2252 2413
4 263 267 1172 1159
4 1540 1547 1548 276
4 1409 1549 259 1551
4 264 1324 1902 269
4 312 333 327 1686
4 323 1137 307 324
4 1556 281 1577 280
4 1596 1540 1537 1578
4 1571 276 1578 1540
4 263 268 1159 264
4 1595 1550 1553 1578
4 1596 276 277 1443
4 2104 269 2102 2107
4 1409 1408 1450 1326
4 1324 1155 1158 1154
4 1207 1206 1577 1554
4 173 2099 2050 2097
4 1409 1549 264 259
4 1549 1555 259 1553
4 1549 1555 1205 259
4 291 272 292 1788
4 1207 1555 1556 1205
4 279 278 1444 1454
4 1549 1459 1555 1551
4 291 98 94 1800
4 265 1408 1450 261
4 1595 1553 259 281
4 1414 1443 277 1419
4 1409 1551 1415 1331
4 343 342 4 1263
4 1571 1540 1548 275
4 1596 1540 1578 276
4 261 260 1418 1450
4 1556 1553 281 259
4 314 328 1667 313
4 1568 1579 1577 1569
4 1445 1442 1413 278
4 1207 286 1206 1208
4 1207 286 263 1556
4 1207 1172 286 1208
4 1579 1571 1569 1568
4 1555 259 263 1205
4 1555 1205 263 1556
4 1555 263 259 1556
4 1595 281 259 282
4 275 1572 297 1544
4 1596 276 1593 1540
4 276 298 1593 1547
4 276 299 1594 298
4 1326 264 1324 1450
4 1579 280 281 1571
4 1571 1540 275 276
4 1445 1434 1442 278
4 1549 1205 1158 264
4 1549 1205 264 263
4 1549 263 264 259
4 1574 1541 1591 1544
4 892 47 28 806
4 1596 1593 276 1443
4 2023 2009 2135 89
4 1414 277 1443 1596
4 1409 1551 259 1595
4 1540 276 1548 275
4 1454 1413 283 278
4 1922 1973 1879 202
4 275 1544 1548 1572
4 276 1594 1593 298
4 1579 281 280 1577
4 1571 1548 1572 275
4 1571 280 1572 1568
4 1443 1593 276 277
4 2140 2106 91 274
4 2050 190 2048 2099
4 2139 2096 2093 178
4 1596 1593 1537 1540
4 1571 280 281 275
4 1571 276 281 1578
4 1571 281 276 275
4 279 284 283 1454
4 1579 1578 1553 1552
4 1579 281 1553 1578
4 1579 1578 1565 1571
4 1962 1967 1449 1456
4 278 300 1434 1440
4 1414 1442 1419 1416
4 1443 299 1440 1425
4 1443 277 299 1593
4 1443 299 1425 1593
4 1443 1440 299 277
4 1402 1404 1448 1403
4 260 1418 1450 1409
4 1409 1415 1551 1595
4 258 278 1413 1419
4 1962 265 261 1449
4 1596 1595 1578 1550
4 1596 1578 281 276
4 1586 302 305 1557
4 1596 282 281 1595
4 1596 281 1578 1595
4 1414 1419 1415 1416
4 1444 1413 278 1445
4 260 1415 1418 1409
4 1408 1325 1450 1326
4 1409 1418 1450 1408
4 1771 2012 1773 1772
4 1442 1419 277 1443
4 193 2078 2081 194
4 2106 2104 2107 274
4 1449 1456 1455 261
4 325 699 133 128
4 1414 1595 282 1596
4 1414 282 1595 1415
4 1414 277 282 1419
4 1414 1419 282 1415
4 260 259 1595 1409
4 260 1450 264 1409
4 1418 1415 1419 1417
4 1409 264 1549 1326
4 307 310 666 308
4 260 264 259 1409
4 1326 1549 1158 1324
4 1962 262 1456 265
4 338 655 325 339
4 1797 98 292 1801
4 258 261 1455 1413
4 1434 300 1445 1437
4 278 1440 1434 1442
4 1793 1797 87 1795
4 203 198 1969 1446
4 1331 1549 1409 1551
4 2017 268 2015 1766
4 1903 1902 269 265
4 1875 171 174 191
4 174 175 1872 2094
4 307 310 309 666
4 1758 2015 1154 1155
4 173 194 176 2050
4 295 1422 316 296
4 1975 1970 187 287
4 258 1418 1455 261
4 260 1418 1415 1419
4 260 1415 1595 282
4 260 1595 1415 1409
4 1445 300 1434 278
4 655 674 325 339
4 29 47 28 892
4 258 257 1418 261
4 1444 1445 300 1437
4 185 191 186 1882
4 1454 1455 283 1413
4 318 312 313 1583
4 1454 283 1455 1456
4 278 1442 277 1440
4 261 1455 1408 1418
4 258 1413 283 261
4 623 19 23 610
4 266 1963 270 1964
4 258 1418 1419 1413
4 182 287 284 1974
4 1413 261 1455 283
4 283 261 1455 1456
4 153 155 154 2398
4 2085 177 2096 2121
4 186 1880 1878 1961
4 1962 1456 261 265
4 4 1263 342 1260
4 258 283 1413 278
4 278 1419 1442 1413
4 258 1455 1418 1413
4 1453 1444 1454 279
4 265 1902 269 264
4 200 201 1953 1957
4 178 2097 177 2096
4 257 1415 282 1419
4 257 260 1415 1419
4 257 282 1415 260
4 257 1419 1418 260
4 257 260 1418 261
4 174 178 2097 177
4 258 1419 1418 257
4 318 313 319 1583
4 265 1456 261 262
4 265 1455 1408 261
4 1965 1967 1964 266
4 265 1449 1408 1455
4 284 1454 1456 283
4 1450 265 1449 1408
4 1961 186 171 1878
4 1869 1882 191 185
4 1962 1450 1902 265
4 1962 261 1456 1449
4 1767 271 1198 1795
4 140 142 141 2670
4 1871 1963 270 175
4 1872 1871 175 1963
4 1871 1906 270 1963
4 2107 2100 269 2102
4 1971 1975 187 182
4 298 294 1594 293
4 1953 1827 215 1952
4 2017 1155 2015 1758
4 2017 2100 2015 269
4 171 175 1872 174
4 1973 203 1458 1972
4 2139 178 2093 2141
4 2091 1872 1871 175
4 2409 2671 2414 2663
4 1767 1787 1198 1165
4 272 1795 271 1767
4 2023 1793 272 2024
4 1964 265 262 1962
4 1968 1975 287 1970
4 266 265 262 1964
4 273 2024 2017 2107
4 203 1446 1969 1458
4 121 140 137 2658
4 2135 2009 2115 2132
4 1879 1973 1922 1944
4 181 1971 187 182
4 174 175 2097 178
4 1968 284 262 287
4 1878 1875 171 1872
4 1965 266 1963 1970
4 29 48 47 892
4 172 186 171 1961
4 215 233 214 1705
4 1965 266 287 1968
4 231 1239 244 230
4 2413 225 2656 2415
4 1878 171 1875 186
4 89 90 88 2135
4 172 171 1878 1961
4 1922 201 1924 1923
4 203 198 1448 304
4 2094 2091 175 1872
4 172 1878 171 1872
4 226 2051 222 225
4 188 183 2055 2077
4 231 244 1239 245
4 2085 2098 2097 176
4 2100 2015 269 1902
4 1903 1964 270 1906
4 273 2017 268 269
4 178 2093 2091 2094
4 178 2091 175 2094
4 178 175 2097 2094
4 178 2097 2093 2094
4 234 247 233 1126
4 1875 171 1872 174
4 1875 1872 2094 174
4 84 167 2521 168
4 2599 101 100 2003
4 184 1867 1864 1865
4 1922 202 1923 1969
4 272 1795 87 292
4 186 1875 191 171
4 172 1872 175 1963
4 1971 1877 1880 1961
4 2014 2117 2003 2005
4 2114 2117 90 2133
4 2139 91 178 274
4 2671 2654 2657 2414
4 185 179 184 1870
4 1922 202 196 1923
4 1922 1921 202 1969
4 1457 279 1444 1453
4 2140 274 2104 2106
4 124 140 2668 142
4 1404 304 1457 1448
4 200 219 1958 220
4 1953 1951 1957 1924
4 2223 2539 2541 2578
4 19 624 629 20
4 1457 1458 304 1453
4 172 175 1872 171
4 1879 1877 1880 1971
4 1453 279 1454 284
4 1973 1972 1458 1969
4 11 32 10 848
4 1973 1921 1969 202
4 2141 2093 2091 178
4 1970 1961 187 172
4 201 1953 215 221
4 216 212 230 1240
4 304 301 198 1448
4 203 1974 1458 1972
4 203 304 1458 1974
4 203 304 1448 1458
4 304 1448 1404 301
4 296 1405 316 1407
4 181 187 1961 186
4 1965 266 1968 1967
4 1965 287 266 1970
4 1965 1968 1970 1975
4 1965 1964 1963 266
4 1874 1963 1871 1872
4 182 1975 287 1974
4 182 1972 1974 203
4 182 187 287 1975
4 1922 202 1921 1973
4 2050 176 2098 2085
4 1971 1974 1975 182
4 181 1961 1880 186
4 203 198 1446 1448
4 203 1448 1446 1458
4 202 203 198 1969
4 202 1969 197 1923
4 2023 2024 1763 1793
4 1922 196 201 1923
4 1923 1921 1922 1969
4 200 1953 1958 1957
4 202 198 197 1969
4 1973 1969 1458 203
4 202 197 198 203
4 1793 1765 1795 272
4 1973 203 1972 182
4 1971 1974 1973 1975
4 1973 1969 203 202
4 1973 202 203 182
4 1968 287 262 266
4 1903 1962 1902 265
4 1767 1198 267 1176
4 1932 1951 201 1957
4 2141 2091 2101 178
4 1973 1972 1974 182
4 1973 182 1974 1971
4 2594 2599 2011 2600
4 1965 1968 287 1970
4 1472 1586 1557 1559
4 181 1971 1961 187
4 181 1880 1961 1971
4 181 1879 1880 1971
4 181 1971 182 1973
4 181 182 202 1973
4 181 1973 202 1879
4 181 1879 1971 1944
4 181 1944 1971 1973
4 181 1973 1879 1944
4 1968 1974 287 1975
4 2594 2011 2599 2003
4 2446 137 2447 138
4 1968 1456 284 1453
4 1453 304 284 1974
4 1453 1974 1458 304
4 1457 301 1404 279
4 216 230 235 1240
4 1457 1404 301 304
4 1457 304 284 1453
4 1457 284 279 1453
4 1968 1974 284 287
4 1968 284 1974 1453
4 321 302 305 1586
4 1586 305 323 1557
4 2673 2671 142 2670
4 1967 262 1456 1964
4 1967 266 262 1964
4 1967 1968 262 266
4 1967 1456 262 1968
4 1874 1872 1878 172
4 1874 1878 1961 172
4 1874 172 1961 1970
4 1874 1963 1872 172
4 1874 1970 1963 172
4 2656 226 2649 2676
4 78 60 1034 65
4 1767 1165 1198 1176
4 272 1765 1795 1767
4 2445 2398 2300 153
4 1903 269 1902 2100
4 1903 2102 269 2100
4 298 1584 318 319
4 1903 270 269 2102
4 1903 2102 1906 270
4 65 797 66 1036
4 272 2023 89 87
4 1766 1155 268 2015
4 1165 1177 1198 1176
4 125 210 209 2677
4 2024 272 1765 1793
4 2017 1766 1155 1758
4 2017 2107 2100 269
4 1779 1772 97 1774
4 298 318 1584 297
4 1767 267 1198 271
4 1767 1176 268 1766
4 1767 1198 1787 1795
4 2017 2015 1155 1766
4 1767 267 268 1176
4 2073 101 106 2003
4 2024 268 1765 272
4 273 2023 272 2024
4 2135 2106 91 2140
4 2017 2015 268 269
4 2017 1766 1764 1765
4 2411 156 242 2417
4 2671 2411 156 2409
4 2076 2117 2005 2003
4 274 2107 269 2104
4 125 209 124 2677
4 1073 159 145 1043
4 1779 97 98 1774
4 2024 1765 268 1766
4 2024 1766 268 2017
4 2024 2017 1765 1766
4 180 1932 1934 1933
4 273 2017 269 2107
4 274 269 270 2102
4 274 2104 269 2102
4 32 51 31 889
4 2106 2107 2024 273
4 2614 117 2555 2544
4 2106 273 2024 2023
4 1929 1953 215 196
4 274 2101 178 2141
4 274 2101 2141 2104
4 274 270 2101 2102
4 274 2102 2101 2104
4 193 2086 2081 2075
4 2369 2413 2415 2416
4 2599 2011 101 2003
4 2674 105 104 125
4 2133 91 178 2139
4 352 145 159 1043
4 1778 1773 1772 1775
4 2417 256 2396 242
4 352 339 145 1043
4 1889 205 1891 199
4 2568 2578 2589 2579
4 2538 95 2599 2540
4 1779 1793 87 2023
4 93 96 92 2223
4 2667 124 2672 2646
4 2076 2003 106 101
4 2396 2371 2416 242
4 2073 2075 105 2674
4 184 1864 1867 206
4 193 2082 2090 192
4 65 807 797 792
4 2648 99 100 123
4 2674 125 126 105
4 2117 88 2132 2010
4 208 188 2055 2060
4 207 2068 2066 2069
4 2579 2536 2222 2578
4 1009 146 160 2490
4 1778 2010 88 102
4 1779 1797 98 87
4 2135 89 91 273
4 2671 2417 156 2411
4 2413 226 2051 2649
4 2648 2594 2003 2073
4 2114 90 2117 2076
4 1779 1797 87 1793
4 2135 273 91 2106
4 1778 88 89 102
4 1779 98 1797 1774
4 1779 1777 1793 2023
4 1779 1778 1772 1775
4 2135 2023 89 273
4 137 2297 2611 140
4 206 200 199 1889
4 2671 2414 2657 227
4 2644 2003 2594 2073
4 2073 99 104 105
4 2014 2010 88 2117
4 2014 2012 102 2010
4 2014 102 88 2010
4 2659 2668 2670 2666
4 2520 152 153 168
4 228 225 2656 226
4 2117 88 90 2132
4 123 2662 122 2613
4 2114 2133 107 2083
4 185 1870 1882 1881
4 2389 256 2396 2358
4 2080 125 126 2674
4 2050 173 2097 176
4 2673 2653 228 2657
4 2083 106 107 2076
4 2673 2657 228 2671
4 2668 124 125 122
4 48 66 65 807
4 2078 2082 2089 2090
4 2055 1864 205 1887
4 223 218 1712 224
4 1959 1958 1957 200
4 2648 2003 100 2073
4 2054 207 2052 2067
4 2080 126 105 2674
4 2230 2243 2245 2232
4 2072 2076 2005 2003
4 2667 2664 2673 2672
4 59 56 2209 57
4 2099 173 190 174
4 2075 106 2076 2072
4 2648 122 99 123
4 2648 100 2003 2599
4 180 200 1934 201
4 46 63 45 788
4 2075 2076 106 2083
4 216 1832 234 215
4 2073 2072 2003 2076
4 1705 233 214 1706
4 2437 2440 2439 2456
4 2413 225 2252 2051
4 2495 150 2517 151
4 1894 200 1958 1959
4 2648 2599 2003 2594
4 2073 2003 106 2076
4 2073 100 99 105
4 2073 2076 106 2072
4 2389 256 2397 2396
4 2121 2096 2133 2083
4 2644 104 99 2674
4 2644 99 104 2073
4 2648 123 100 2599
4 2648 2647 122 123
4 193 2078 2090 2082
4 2644 105 104 2674
4 2644 2073 105 2674
4 2644 104 105 2073
4 2091 178 175 2101
4 2648 99 122 2647
4 2648 100 99 2073
4 2648 2073 99 2644
4 2671 227 2657 228
4 2071 2674 2075 2073
4 2646 2674 104 125
4 2645 2647 99 2648
4 2645 99 2644 2648
4 180 1880 1879 1881
4 1884 1886 224 1883
4 2447 138 137 2543
4 2074 2083 2076 2075
4 2408 155 139 140
4 2646 104 2674 2645
4 2646 2674 125 2677
4 2659 2410 2409 2670
4 2645 99 104 2674
4 2645 122 99 2647
4 176 2097 177 173
4 1864 206 1887 1889
4 146 165 2495 151
4 2050 176 2097 2098
4 2389 2396 2383 2358
4 2071 105 2674 2080
4 2071 2075 105 2080
4 213 230 1236 231
4 2389 256 2390 2386
4 184 1867 179 206
4 1932 1957 201 1934
4 200 1957 1934 201
4 180 1879 1880 181
4 1971 1970 1961 187
4 1870 1934 179 1867
4 224 199 1899 1891
4 1957 1953 1924 201
4 2050 2085 194 176
4 1864 1889 1867 206
4 1932 1934 1933 1957
4 2672 209 2673 2653
4 210 2082 2080 211
4 188 2090 210 192
4 1869 1875 191 1882
4 185 180 179 1870
4 2653 2676 228 2656
4 2677 2674 125 2080
4 226 2051 204 223
4 1866 1870 1865 1867
4 1889 1887 1891 205
4 1884 223 204 1883
4 185 1880 1881 1882
4 206 200 1934 179
4 1959 200 1957 1934
4 1882 1880 1878 186
4 264 260 261 1450
4 224 199 1891 205
4 193 2079 2080 2081
4 173 2097 177 174
4 190 1869 191 185
4 206 179 1934 1867
4 210 2082 211 192
4 206 199 205 1889
4 1889 1891 1894 199
4 206 205 1887 1889
4 1864 205 1887 206
4 1869 1870 1882 185
4 2011 2599 2540 2600
4 230 244 243 1234
4 199 1891 1894 1899
4 199 1894 1959 200
4 199 200 1958 1894
4 199 1958 1898 1894
4 199 1898 219 1899
4 199 1894 1898 1899
4 1882 1878 1875 186
4 2389 2386 2387 2397
4 1803 240 2147 1709
4 2675 2672 2653 209
4 1889 1894 1959 199
4 206 1867 1959 1889
4 206 1959 200 1889
4 206 1934 200 1959
4 206 1867 1934 1959
4 2069 2060 2090 188
4 224 218 1712 1711
4 193 2080 2079 2082
4 185 1881 1880 180
4 2099 190 2048 1869
4 185 180 1880 186
4 185 1881 180 1870
4 1024 63 1026 64
4 2055 1864 2047 1865
4 118 121 117 2555
4 2085 2096 177 2097
4 1832 1705 234 215
4 267 272 1767 268
4 183 1864 205 2055
4 193 211 2080 2082
4 2057 2055 205 1887
4 126 211 210 2677
4 183 184 1864 1865
4 183 1865 1864 2055
4 183 2047 1865 2055
4 2078 2082 2081 2089
4 2049 2078 2077 2090
4 2057 2055 2060 208
4 2668 2646 2669 2645
4 81 68 63 1005
4 1870 179 1934 180
4 1870 1934 1881 180
4 2085 2097 177 176
4 1870 1865 1867 184
4 1870 1867 179 184
4 2086 2075 2083 2074
4 190 2048 1869 185
4 2649 2051 2252 1976
4 1866 185 1865 1870
4 1866 1869 185 1870
4 1866 1865 185 1869
4 195 2083 107 2133
4 2085 176 195 194
4 2048 185 184 1865
4 2048 1869 185 1865
4 1239 230 231 1236
4 2085 177 2121 195
4 224 199 219 1899
4 30 48 29 892
4 2086 2081 2075 2074
4 2086 105 106 2075
4 193 2075 105 2086
4 2658 2666 2662 2668
4 195 2083 2133 2096
4 195 2083 2096 2121
4 195 2096 177 2121
4 1026 77 76 1027
4 2085 2121 2083 195
4 124 140 121 2668
4 2099 1869 191 190
4 2099 1875 191 1869
4 2099 1875 2094 174
4 2099 191 174 190
4 201 220 200 1953
4 193 192 211 2082
4 2077 183 2055 2047
4 189 2049 190 2048
4 205 223 204 1884
4 2099 174 2097 173
4 2049 190 2048 2050
4 1803 2147 239 222
4 2099 174 191 1875
4 193 2086 194 2081
4 2050 173 190 2099
4 2670 141 139 2410
4 2099 2094 2097 174
4 193 2090 2078 192
4 2078 2086 2081 194
4 224 219 218 1711
4 193 2082 2079 2081
4 193 105 2075 2080
4 2049 2078 2050 2046
4 230 1240 1236 1239
4 201 215 1953 196
4 193 2082 2081 2078
4 193 2086 106 194
4 2078 2046 2085 2050
4 2078 2085 194 2050
4 223 240 1712 218
4 2078 2085 2086 194
4 193 2080 2075 2081
4 219 236 218 1727
4 1810 233 238 1704
4 2367 2147 2252 1803
4 2653 228 2657 2656
4 81 63 76 1005
4 205 223 1884 224
4 2675 209 2066 2677
4 41 19 39 610
4 788 63 1024 64
4 189 2077 183 188
4 1958 200 220 1953
4 1564 285 306 1575
4 193 211 126 2080
4 193 126 105 2080
4 188 2077 2060 2090
4 188 2055 2060 2077
4 189 184 2048 190
4 189 2047 183 2077
4 189 2049 2047 2077
4 189 2078 194 2049
4 189 194 2078 193
4 189 183 1865 184
4 189 184 1865 2048
4 189 183 2047 1865
4 189 1865 2047 2048
4 189 2048 2047 2049
4 2667 2646 2669 2668
4 2675 2672 209 2677
4 1810 233 1704 214
4 224 219 1711 1899
4 208 2069 188 2060
4 2409 156 141 2410
4 2054 2068 207 2067
4 1803 239 2147 240
4 2671 2414 242 2417
4 220 233 238 1810
4 1803 1709 1712 240
4 2051 1883 223 1803
4 1803 2147 1712 1709
4 298 294 299 1594
4 1886 224 1899 1891
4 2051 222 2252 1803
4 2052 204 1883 1884
4 2051 204 223 1883
4 2051 223 222 1803
4 101 105 100 2073
4 2375 2275 2403 2377
4 208 183 2055 188
4 251 237 246 1740
4 1886 224 1711 1899
4 2371 2397 2370 2374
4 1884 205 1891 1887
4 1883 1712 224 223
4 1883 1803 1712 223
4 2367 2373 2210 241
4 2413 226 2649 2656
4 1884 1891 224 1886
4 1708 1709 1712 2147
4 1708 1710 1712 1709
4 1708 1803 2147 1712
4 2371 2374 2373 241
4 1884 1891 205 224
4 228 226 2676 207
4 226 2052 204 2051
4 2413 241 225 2416
4 2057 205 204 1884
4 2677 2066 2080 210
4 177 2133 2096 195
4 153 164 150 2520
4 208 2069 2090 188
4 226 223 222 2051
4 2656 228 2657 227
4 2544 2545 117 138
4 2057 1887 205 1884
4 2656 228 226 2676
4 2521 83 84 2504
4 2367 2210 2373 2254
4 295 316 1422 315
4 25 2 21 1093
4 2067 2060 2069 208
4 2371 255 2374 241
4 2358 256 2396 2417
4 2057 207 2067 2052
4 226 204 2052 207
4 2413 225 2051 226
4 2057 1884 204 2052
4 2057 208 2060 2067
4 2068 207 2067 208
4 2057 208 2067 207
4 2054 2676 207 2068
4 180 200 179 1934
4 2416 225 227 242
4 2057 204 205 208
4 2057 207 204 208
4 2057 2052 204 207
4 2057 205 2055 183
4 2057 183 2055 208
4 2057 208 205 183
4 93 96 2223 97
4 241 2210 2374 2373
4 226 2051 2649 2054
4 226 207 2052 2054
4 226 2052 2051 2054
4 226 2054 2676 207
4 226 2649 2676 2054
4 2671 2411 2409 2417
4 153 168 164 2520
4 2670 2671 2409 2663
4 2673 228 142 2671
4 2369 2371 2373 2367
4 169 2402 170 2364
4 2658 121 2668 2662
4 2671 2414 2417 2409
4 2415 2657 2656 2655
4 2668 125 124 2646
4 2415 2656 2657 227
4 2369 2367 2413 241
4 2413 225 222 2252
4 256 2395 2397 255
4 2371 242 241 2416
4 2369 2367 241 2371
4 2368 2371 2416 2396
4 2671 2414 227 242
4 2413 2656 225 226
4 2396 2371 2397 2370
4 241 2374 2210 239
4 2369 2413 2416 241
4 2371 2397 2374 255
4 2416 241 225 242
4 2544 117 118 138
4 188 2090 2049 2077
4 2369 241 2416 2371
4 2417 2396 2416 242
4 2413 2416 225 2415
4 2367 222 2147 1803
4 2367 1803 2252 222
4 256 255 2397 2371
4 2389 256 2386 2397
4 2358 2417 242 256
4 2367 239 2210 222
4 2367 241 239 222
4 2367 2210 239 241
4 2367 222 225 241
4 2367 241 225 2413
4 2367 225 222 2413
4 209 2653 228 2673
4 2369 2255 2415 2413
4 2440 2494 2439 129
4 256 2397 2395 2386
4 256 2386 2395 255
4 237 1810 238 1749
4 2644 2645 2646 2674
4 256 86 2390 2386
4 2658 2660 121 140
4 2351 154 2408 2354
4 2354 2297 155 2408
4 256 72 86 2386
4 65 77 1022 78
4 256 2396 242 2371
4 2090 210 2082 2069
4 256 2371 242 241
4 256 2371 2397 2396
4 256 241 255 2371
4 2412 2409 156 2411
4 2664 2671 2673 2670
4 2411 2355 2417 2358
4 2069 2090 210 208
4 2557 119 118 2555
4 209 2068 207 2676
4 301 1448 217 198
4 1968 262 284 1456
4 2066 2082 2080 210
4 2414 2417 2416 242
4 2505 135 2446 2457
4 2662 2668 2647 122
4 2411 242 156 2358
4 2671 156 141 2409
4 2414 2415 2654 2657
4 2670 142 141 2671
4 2362 86 2407 2392
4 201 1879 1932 180
4 2670 141 2410 2409
4 2646 99 104 2645
4 2646 125 124 2677
4 2586 2583 2585 136
4 2414 242 2415 227
4 2414 2416 2415 242
4 2414 2415 2657 227
4 140 2614 137 2658
4 2300 153 137 2447
4 188 2078 2049 2090
4 2401 169 85 2362
4 848 850 849 853
4 2495 150 164 2517
4 2225 1771 1772 2012
4 2646 2677 124 2672
4 230 1236 1240 212
4 2664 2668 124 2667
4 2668 121 124 122
4 2506 2509 153 2507
4 216 234 1832 235
4 2677 2066 210 209
4 284 301 1457 279
4 46 63 788 64
4 2668 2645 2647 122
4 2408 2659 139 2410
4 2659 2670 139 2410
4 145 1043 669 1073
4 165 164 2492 2495
4 2672 124 2673 209
4 2672 2677 124 209
4 153 154 152 2398
4 209 2676 228 2653
4 2401 2521 2407 169
4 237 1749 1750 1727
4 1832 234 1705 235
4 2677 210 2080 211
4 2675 2653 2676 209
4 2675 2676 2068 209
4 2402 169 167 2400
4 2677 2080 126 211
4 2677 125 126 2080
4 2408 139 155 154
4 2506 2445 153 2509
4 2664 124 142 2673
4 2553 2557 112 2559
4 2667 2668 124 2646
4 2662 122 121 2668
4 2490 160 1009 161
4 266 187 1970 287
4 2614 137 2545 2611
4 2664 2673 142 2670
4 173 194 2050 190
4 190 194 2049 189
4 2090 192 188 2078
4 2664 2667 124 2672
4 2664 124 2673 2672
4 2664 142 124 2668
4 2445 2398 153 2509
4 2300 2354 2297 155
4 2545 138 137 117
4 2598 123 2599 2554
4 2660 2659 139 2408
4 2505 135 151 134
4 230 243 229 1234
4 2545 137 138 2543
4 197 215 196 1832
4 2362 2407 2359 2392
4 2545 137 2543 2447
4 184 206 205 1864
4 193 188 2078 189
4 2300 2445 153 2447
4 2660 139 140 2408
4 2222 2244 2243 2224
4 266 187 172 1970
4 168 167 2521 2519
4 2233 149 132 649
4 2578 120 119 2575
4 2530 2231 2531 2529
4 2223 2225 96 2541
4 2598 2599 123 2648
4 2544 2545 138 2543
4 2222 114 92 2224
4 228 225 227 2656
4 220 237 219 1810
4 2578 2575 96 120
4 1448 217 1402 320
4 2540 2011 101 2599
4 2297 2408 140 155
4 143 162 157 1013
4 2658 2668 121 2660
4 2225 97 96 2540
4 201 221 220 1953
4 2457 2550 135 2551
4 2668 2670 2664 142
4 2660 2668 2670 2659
4 2225 1772 97 2012
4 169 2521 2407 85
4 2537 2538 119 2598
4 2300 2447 137 2293
4 2598 123 2647 2648
4 2078 194 2049 2050
4 188 2078 189 2049
4 2660 2670 139 2659
4 2293 2447 137 2545
4 2223 92 2224 2222
4 2614 2611 2545 2544
4 2401 170 2362 2364
4 140 137 2614 2611
4 2412 2411 156 2365
4 2553 113 112 2582
4 2522 2527 80 164
4 2538 2225 2541 96
4 2614 117 121 2662
4 2614 2662 121 2658
4 2614 121 117 2658
4 154 141 2412 139
4 2351 154 2412 2408
4 2225 97 1772 1774
4 2066 210 2069 2082
4 2538 2540 2225 96
4 2225 1774 1772 2220
4 2575 119 95 120
4 2575 95 96 120
4 2555 2544 117 118
4 161 147 146 1009
4 2557 2575 119 2554
4 2557 2554 119 2555
4 2520 2509 152 2508
4 2588 2529 2586 2231
4 184 205 183 1864
4 137 150 2447 153
4 227 242 156 2671
4 2578 2575 119 2582
4 2582 2557 2575 119
4 2401 2400 169 2402
4 2412 141 2410 139
4 2589 2578 113 2582
4 2585 113 2582 2589
4 2553 2582 112 2557
4 2559 118 2544 2555
4 2553 112 113 2585
4 2540 2012 102 2014
4 2540 102 101 2014
4 2540 101 102 97
4 2540 97 102 2012
4 2225 2219 2220 1772
4 2568 2222 2589 2578
4 2506 2445 2446 2447
4 2441 2443 131 148
4 2541 2575 96 2578
4 2541 2539 2575 2578
4 2541 95 96 2575
4 2541 2538 95 2575
4 2541 96 95 2538
4 2223 92 93 2224
4 2223 93 97 2224
4 2223 97 1774 2224
4 2223 1774 97 2225
4 2223 2224 1774 2220
4 2223 2220 1774 2225
4 2223 2219 2220 2225
4 2090 210 192 2082
4 139 2412 154 2408
4 2223 2578 96 120
4 2550 2585 112 2553
4 2401 2362 2407 2359
4 2401 85 2407 2362
4 2353 2354 154 2351
4 1002 80 2525 2527
4 2559 2557 118 2555
4 2613 117 2662 2555
4 119 2554 2598 2599
4 2520 2508 152 2519
4 2520 2509 150 153
4 2505 150 151 2511
4 2586 2589 113 2585
4 2506 153 150 2507
4 181 201 1879 202
4 175 1871 2101 270
4 2551 138 135 2446
4 165 164 2527 2492
4 2551 2543 138 2446
4 2551 2553 112 2559
4 1827 215 1929 1953
4 2551 138 2543 2559
4 2613 2662 122 2555
4 2598 2662 123 2613
4 2614 2545 117 2544
4 1009 146 2490 147
4 161 146 160 1009
4 1012 1008 1009 162
4 2412 2411 2410 2409
4 119 2538 2537 2575
4 1022 77 64 1027
4 170 156 242 2358
4 2351 2354 2408 2297
4 2297 2611 140 2408
4 2412 2356 2411 2365
4 2527 1002 80 81
4 237 1725 1810 1727
4 170 86 85 2362
4 170 2364 2365 2366
4 170 86 2390 256
4 170 2358 2366 2365
4 170 2411 156 2358
4 170 2365 2411 2358
4 170 156 2411 2365
4 170 2364 2366 2362
4 170 256 2390 2389
4 170 2389 2390 2366
4 170 2366 2390 2362
4 170 2390 86 2362
4 170 2389 2358 256
4 170 2358 2389 2366
4 208 2069 2066 210
4 2398 2354 155 154
4 2353 154 2354 2352
4 2492 2490 2495 2491
4 2353 2351 154 2412
4 2660 2614 2611 140
4 200 1958 219 199
4 2353 2412 156 170
4 2353 154 156 2412
4 2355 2396 2417 2358
4 2398 2300 155 2354
4 2398 2300 153 155
4 2401 2400 2399 169
4 2398 2300 2354 2352
4 168 2523 84 164
4 2520 150 2509 2507
4 104 125 122 2646
4 2513 2523 2521 168
4 165 81 82 2527
4 2398 152 153 2509
4 119 123 122 2554
4 2508 2400 152 2519
4 2398 2354 154 2352
4 162 1009 147 161
4 79 162 1018 163
4 1007 161 2524 1011
4 2505 2511 151 2493
4 2522 2525 80 2527
4 168 164 2513 2523
4 2521 2504 2501 2404
4 348 350 49 921
4 1054 1052 1070 956
4 1015 165 2527 2524
4 2402 2398 154 2352
4 2402 152 154 2398
4 2402 2352 154 2353
4 169 154 2353 2402
4 1958 219 199 1898
4 2439 129 146 2493
4 2526 2525 80 2500
4 2401 2362 170 169
4 2520 2511 2517 150
4 2401 2364 2360 2402
4 2400 2398 152 2402
4 2506 2457 2505 2446
4 301 316 320 1407
4 2512 2399 2519 2521
4 2401 2399 2521 169
4 2401 2407 2521 2399
4 167 169 85 2521
4 167 2519 152 2400
4 301 316 1407 296
4 168 2521 84 2523
4 167 2400 2399 2519
4 167 169 2399 2400
4 167 169 2521 2399
4 167 2521 2519 2399
4 36 54 35 566
4 2512 2404 2399 2521
4 2400 2398 2509 152
4 2520 2509 2508 2507
4 2520 2519 152 167
4 2522 80 2525 2500
4 2550 2585 136 113
4 122 2646 2645 99
4 2233 132 641 650
4 2505 2493 129 2439
4 2440 130 147 129
4 2517 2516 2513 164
4 2520 168 2513 2519
4 2516 2495 164 2517
4 1012 158 163 157
4 2517 150 164 2520
4 2520 153 152 2509
4 2520 164 2513 168
4 2507 153 150 2509
4 165 150 2495 151
4 301 217 1448 320
4 2668 122 125 2646
4 2493 2495 2517 2511
4 1788 1795 272 292
4 1026 77 1027 64
4 1054 143 144 158
4 2495 2511 151 2517
4 1013 1009 162 1012
4 209 142 2673 228
4 959 956 144 649
4 949 2494 2433 2443
4 1015 81 1002 2527
4 1015 77 82 1016
4 2517 164 2513 2520
4 1012 163 1051 1018
4 2588 2231 2230 2529
4 2494 129 146 2439
4 680 703 686 696
4 1054 158 144 1070
4 2233 131 132 149
4 1015 82 81 2527
4 163 1071 1055 158
4 41 23 19 610
4 889 51 814 52
4 2135 90 88 2132
4 2443 148 147 130
4 160 165 2492 2495
4 1 17 0 1654
4 1448 1402 217 198
4 1012 163 158 1051
4 2550 113 112 2585
4 2490 2524 2495 160
4 78 60 73 1034
4 1011 77 82 166
4 1011 82 77 1016
4 198 216 1447 217
4 2490 1009 2524 161
4 2490 161 2524 160
4 2440 147 2443 2494
4 166 1015 2524 165
4 166 82 2527 165
4 166 165 2527 1015
4 166 2527 82 1015
4 160 2492 165 2524
4 160 2495 2492 2524
4 198 216 197 1447
4 1011 82 1016 1015
4 1011 166 82 1015
4 2456 129 130 2440
4 1054 1051 158 1071
4 2505 2456 135 2457
4 270 1963 172 175
4 161 166 77 1011
4 1010 1018 1016 1011
4 161 1009 2524 1011
4 2443 130 131 148
4 161 166 2524 160
4 161 166 1015 2524
4 161 1015 166 1011
4 1018 1059 79 1055
4 2516 164 2492 2522
4 2504 84 2523 2500
4 1018 1021 79 1059
4 162 148 147 1009
4 2527 2492 164 2522
4 959 143 1054 1013
4 2588 2231 2586 109
4 2494 147 2443 949
4 163 1071 158 1051
4 163 1051 1018 1071
4 163 1018 1055 1071
4 163 79 1055 1018
4 1021 1018 1016 1019
4 2441 131 130 2437
4 2494 147 146 129
4 2494 2439 146 2493
4 119 122 118 2554
4 162 1016 78 1018
4 162 1018 1011 1016
4 959 148 144 143
4 1054 1070 144 956
4 1054 1071 158 1070
4 1754 1122 1121 1755
4 2456 2439 129 2440
4 284 304 203 1974
4 959 144 149 649
4 2588 2589 113 2586
4 2490 2495 2491 2494
4 959 149 144 148
4 2550 136 112 113
4 2433 2490 2494 949
4 1012 1010 1011 1018
4 2588 2586 113 108
4 2457 135 2446 2551
4 680 686 703 687
4 949 147 148 1009
4 949 1009 148 1013
4 949 148 147 2443
4 949 1013 148 2443
4 2588 2243 114 2222
4 2494 147 1009 2490
4 2440 129 147 2494
4 2516 164 2495 2492
4 2505 129 135 2456
4 2494 146 2495 2493
4 2505 2456 2439 129
4 2494 1009 147 949
4 2550 2553 112 2551
4 2441 130 131 2443
4 1009 2494 2490 949
4 2583 2585 136 2550
4 2233 649 132 650
4 2506 2446 134 2447
4 2231 2531 2586 109
4 2457 135 136 2456
4 2459 2456 2439 2505
4 2233 132 131 2234
4 270 172 1963 266
4 2440 147 130 2443
4 207 2066 2068 209
4 2437 2440 130 2443
4 2233 2437 131 2441
4 2069 207 208 2066
4 210 2066 207 209
4 2441 2437 130 2443
4 284 203 182 1974
4 2588 114 113 2589
4 156 170 169 2353
4 2586 2585 113 136
4 2441 649 149 2233
4 2441 957 2443 959
4 132 144 127 649
4 2493 2440 2494 2439
4 154 167 2402 169
4 2583 2456 136 130
4 2457 2456 136 2550
4 2441 131 149 148
4 2441 2233 640 649
4 2441 149 131 2233
4 2441 2443 148 959
4 2588 2230 2243 2222
4 2233 641 132 2234
4 2437 2456 130 2440
4 2437 130 2456 2583
4 2437 2583 2456 2436
4 2531 131 108 109
4 2531 109 108 2586
4 154 2402 167 152
4 2531 2583 130 2437
4 2531 130 131 2437
4 2531 108 131 130
4 2588 2230 2232 2243
4 2231 109 131 2531
4 2231 2531 131 2233
4 2231 131 109 2234
4 2231 2233 131 2234
4 2530 2531 2586 2529
4 2530 2583 2586 2531
4 2530 2436 2583 2437
4 2530 2437 2583 2531
4 2441 148 149 959
4 2441 149 649 959
4 2441 959 649 640
4 2505 146 2493 151
4 132 144 649 149
4 2588 2230 2222 2568
4 2588 2231 2232 2230
4 2588 109 2232 2231
4 2588 2222 114 2589
4 2588 2568 2222 2589
4 2505 2446 135 134
4 2505 2506 2446 134
4 2505 151 150 134
4 2505 134 150 2506
4 2505 2507 150 2511
4 2505 150 2507 2506
4 15 36 14 579
4 2446 2447 137 134
4 341 18 1 1655
4 15 37 36 579
4 9 29 8 918
4 245 6 1299 7
4 1 18 17 1654
4 1800 98 94 1801
4 254 40 2201 250
4 78 161 1016 162
4 803 46 795 47
4 1800 292 98 1801
4 1016 1011 161 77
4 1024 63 45 1026
4 12 34 33 862
4 65 807 66 797
4 63 77 76 1026
4 623 23 19 629
4 48 61 797 43
4 343 4 7 1263
4 91 177 90 2133
4 61 796 1031 797
4 310 291 1133 290
4 610 39 38 576
4 24 19 629 20
4 24 19 23 629
4 41 38 610 39
4 610 38 40 576
4 194 2086 2083 2085
4 96 100 95 2540
4 2540 2599 100 95
4 1051 1070 1071 1054
4 1754 1121 1122 1083
4 1128 1089 1116 1091
4 1220 3 1225 0
4 1706 1097 1705 1098
4 1101 1126 1125 1105
4 1209 1471 1557 1563
4 1236 1319 1320 1235
4 1240 1320 1323 212
4 1249 1667 1244 329
4 331 1423 1422 315
4 1269 1423 1422 331
4 1668 1260 341 1261
4 1268 1422 1431 1269
4 1407 301 1437 1404
4 1447 1448 198 1402
4 1407 1437 301 1438
4 1438 1405 1432 296
4 1450 1449 265 1962
4 1419 1445 1442 1413
4 1444 1413 1454 278
4 1424 1429 295 1428
4 1560 1564 1576 1561
4 1592 1684 318 1583
4 1653 1614 1655 1675
4 1655 1616 1654 1614
4 1657 1655 346 1653
4 1676 329 1668 1682
4 1676 328 1669 329
4 1682 1678 1685 328
4 1695 1693 1688 1687
4 1700 1753 1752 1704
4 2012 2011 2014 2540
4 1779 1773 1778 1775
4 1775 1797 1796 1774
4 2010 89 1778 88
4 2009 89 1778 2010
4 1803 1976 2252 2051
4 1952 1925 1953 1826
4 1929 1927 1923 1829
4 2117 2072 2076 2005
4 2083 2081 2086 2074
4 2132 2114 2133 2117
4 2233 2437 2531 131
4 2250 2244 2251 2238
4 2383 2397 2396 2389
4 2511 2439 2493 2505
4 2492 2490 2524 2495
4 2504 2523 84 2521
4 119 2598 2554 2537
4 100 2554 2599 123
4 123 2662 2647 122
4 2598 2662 2647 123
4 2660 2658 2614 140
4 2614 137 117 2545
4 2667 2645 2669 2646
4 353 354 355 356
4 357 358 359 355
4 357 358 355 360
4 355 357 360 361
4 358 355 360 362
4 363 365 364 356
4 363 356 364 366
4 356 366 363 367
4 364 366 356 362
4 356 368 354 355
4 356 368 355 361
4 355 356 360 362
4 356 355 360 361
4 360 356 366 362
4 356 360 366 369
4 366 356 369 367
4 356 360 369 361
4 369 356 370 367
4 356 369 370 368
4 370 356 368 354
4 356 369 368 361
4 353 372 371 373
4 374 376 375 372
4 374 372 375 377
4 372 377 374 378
4 375 377 372 379
4 380 381 382 373
4 380 381 373 383
4 373 380 383 384
4 381 373 383 379
4 372 385 371 373
4 372 385 373 384
4 373 372 383 379
4 372 373 383 384
4 383 372 377 379
4 372 383 377 386
4 377 372 386 378
4 372 383 386 384
4 386 372 387 378
4 372 386 387 385
4 387 372 385 371
4 372 386 385 384
4 353 356 355 373
4 358 359 355 388
4 358 355 362 388
4 364 365 389 356
4 364 356 389 390
4 356 390 364 362
4 389 390 356 391
4 382 392 373 388
4 392 373 388 391
4 356 355 373 388
4 356 373 391 388
4 390 356 391 388
4 356 390 362 388
4 356 362 355 388
4 393 359 358 388
4 358 394 393 388
4 358 362 394 388
4 393 388 394 395
4 396 392 382 388
4 392 396 397 388
4 392 397 391 388
4 396 397 388 398
4 399 400 401 388
4 400 399 390 388
4 390 399 362 388
4 400 390 391 388
4 400 402 401 388
4 402 400 397 388
4 397 400 391 388
4 402 397 398 388
4 402 403 401 388
4 403 402 404 388
4 404 402 398 388
4 403 404 395 388
4 403 399 401 388
4 399 403 394 388
4 394 403 395 388
4 399 394 362 388
4 353 355 372 373
4 405 355 359 388
4 405 406 355 388
4 407 375 376 372
4 407 375 372 408
4 372 407 408 406
4 375 372 408 379
4 382 373 381 388
4 381 388 373 379
4 372 373 355 388
4 372 379 373 388
4 408 379 372 388
4 372 406 408 388
4 372 355 406 388
4 393 405 359 388
4 405 393 409 388
4 405 409 406 388
4 393 409 388 395
4 396 382 381 388
4 381 410 396 388
4 381 379 410 388
4 396 388 410 398
4 411 413 412 388
4 412 408 411 388
4 408 406 411 388
4 412 379 408 388
4 412 413 414 388
4 414 410 412 388
4 410 379 412 388
4 414 398 410 388
4 414 413 415 388
4 415 404 414 388
4 404 398 414 388
4 415 395 404 388
4 415 413 411 388
4 411 409 415 388
4 409 395 415 388
4 411 406 409 388
4 353 354 356 416
4 363 417 365 356
4 363 417 356 418
4 356 363 418 367
4 417 356 418 419
4 420 422 421 416
4 420 416 421 423
4 416 423 420 424
4 421 423 416 419
4 354 425 356 416
4 425 356 416 419
4 426 425 354 416
4 426 425 416 423
4 416 426 423 424
4 425 416 423 419
4 425 370 354 356
4 370 425 418 356
4 370 418 367 356
4 425 418 356 419
4 353 373 371 427
4 380 382 428 373
4 380 373 428 429
4 373 429 380 384
4 428 429 373 430
4 431 432 433 427
4 431 432 427 434
4 427 431 434 435
4 432 427 434 430
4 371 373 436 427
4 436 427 373 430
4 437 371 436 427
4 437 427 436 434
4 427 434 437 435
4 436 434 427 430
4 436 371 385 373
4 385 429 436 373
4 385 384 429 373
4 436 373 429 430
4 353 416 356 438
4 417 439 365 356
4 417 439 356 440
4 356 417 440 419
4 439 356 440 441
4 421 422 442 416
4 421 416 442 443
4 416 443 421 419
4 442 443 416 444
4 445 446 447 438
4 445 446 438 448
4 438 445 448 441
4 446 438 448 444
4 438 416 356 419
4 416 443 438 444
4 438 443 416 419
4 443 448 438 444
4 438 448 443 440
4 448 440 438 441
4 438 440 443 419
4 438 441 440 356
4 438 356 440 419
4 353 427 416 438
4 449 442 422 416
4 449 442 416 450
4 416 449 450 451
4 442 416 450 444
4 452 433 453 427
4 452 427 453 454
4 427 454 452 451
4 453 454 427 455
4 446 456 447 438
4 446 456 438 457
4 438 446 457 444
4 456 438 457 455
4 416 438 427 455
4 438 457 416 444
4 416 457 438 455
4 457 450 416 444
4 416 450 457 454
4 450 454 416 451
4 416 454 457 455
4 416 451 454 427
4 416 427 454 455
4 353 373 427 438
4 432 453 433 427
4 432 453 427 458
4 427 432 458 430
4 453 427 458 455
4 428 382 459 373
4 428 373 459 460
4 373 460 428 430
4 459 460 373 461
4 456 462 447 438
4 456 462 438 463
4 438 456 463 455
4 462 438 463 461
4 438 373 427 430
4 373 460 438 461
4 438 460 373 430
4 460 463 438 461
4 438 463 460 458
4 463 458 438 455
4 438 458 460 430
4 438 455 458 427
4 438 427 458 430
4 353 356 373 438
4 392 459 382 373
4 392 459 373 464
4 373 392 464 391
4 459 373 464 461
4 389 365 439 356
4 389 356 439 465
4 356 465 389 391
4 439 465 356 441
4 462 445 447 438
4 462 445 438 466
4 438 462 466 461
4 445 438 466 441
4 356 373 438 461
4 438 356 466 441
4 356 438 466 461
4 466 356 465 441
4 356 466 465 464
4 465 356 464 391
4 356 466 464 461
4 356 464 391 373
4 356 464 373 461
4 353 354 416 467
4 420 468 422 416
4 420 468 416 469
4 416 420 469 424
4 468 416 469 470
4 471 473 472 467
4 471 467 472 474
4 467 474 471 475
4 472 474 467 470
4 416 354 476 467
4 416 467 476 475
4 467 474 416 470
4 416 474 467 475
4 474 469 416 470
4 416 469 474 477
4 469 477 416 424
4 416 477 474 475
4 477 426 416 424
4 416 426 477 476
4 426 476 416 354
4 416 476 477 475
4 353 427 371 478
4 431 433 479 427
4 431 427 479 480
4 427 480 431 435
4 479 480 427 481
4 482 483 484 478
4 482 483 478 485
4 478 482 485 486
4 483 478 485 481
4 478 371 437 427
4 478 427 437 435
4 427 480 478 481
4 478 480 427 435
4 480 485 478 481
4 478 485 480 487
4 485 487 478 486
4 478 487 480 435
4 487 488 478 486
4 478 488 487 437
4 488 437 478 371
4 478 437 487 435
4 353 467 416 427
4 472 467 473 489
4 472 470 467 489
4 468 449 422 416
4 468 449 416 490
4 416 468 490 470
4 449 416 490 451
4 433 427 452 489
4 452 489 427 451
4 416 427 467 489
4 416 451 427 489
4 490 451 416 489
4 416 470 490 489
4 416 467 470 489
4 491 472 473 489
4 472 491 492 489
4 472 492 470 489
4 491 492 489 493
4 494 433 452 489
4 452 495 494 489
4 452 451 495 489
4 494 489 495 496
4 497 499 498 489
4 498 490 497 489
4 490 470 497 489
4 498 451 490 489
4 498 499 500 489
4 500 495 498 489
4 495 451 498 489
4 500 496 495 489
4 500 499 501 489
4 501 502 500 489
4 502 496 500 489
4 501 493 502 489
4 501 499 497 489
4 497 492 501 489
4 492 493 501 489
4 497 470 492 489
4 353 478 467 427
4 503 473 467 489
4 503 467 504 489
4 505 484 483 478
4 505 478 483 506
4 478 506 505 504
4 483 506 478 481
4 433 479 427 489
4 479 427 489 481
4 478 467 427 489
4 478 427 481 489
4 506 478 481 489
4 478 506 504 489
4 478 504 467 489
4 491 473 503 489
4 503 507 491 489
4 503 504 507 489
4 491 489 507 493
4 494 479 433 489
4 479 494 508 489
4 479 508 481 489
4 494 508 489 496
4 509 510 511 489
4 510 509 506 489
4 506 509 504 489
4 510 506 481 489
4 510 512 511 489
4 512 510 508 489
4 508 510 481 489
4 512 508 496 489
4 512 513 511 489
4 513 512 502 489
4 502 512 496 489
4 513 502 493 489
4 513 509 511 489
4 509 513 507 489
4 507 513 493 489
4 509 507 504 489
4 353 354 467 355
4 471 514 473 467
4 471 514 467 515
4 467 471 515 475
4 514 467 515 516
4 357 359 517 355
4 357 355 517 518
4 355 518 357 361
4 517 518 355 516
4 354 519 467 355
4 519 467 355 516
4 368 519 354 355
4 368 519 355 518
4 355 368 518 361
4 519 355 518 516
4 519 476 354 467
4 476 519 515 467
4 476 515 475 467
4 519 515 467 516
4 353 478 371 372
4 482 484 520 478
4 482 478 520 521
4 478 521 482 486
4 520 521 478 522
4 374 523 376 372
4 374 523 372 524
4 372 374 524 378
4 523 372 524 522
4 371 478 525 372
4 525 372 478 522
4 387 371 525 372
4 387 372 525 524
4 372 524 387 378
4 525 524 372 522
4 525 371 488 478
4 488 521 525 478
4 488 486 521 478
4 525 478 521 522
4 353 355 467 526
4 514 527 473 467
4 514 527 467 528
4 467 514 528 516
4 527 467 528 529
4 517 359 530 355
4 517 355 530 531
4 355 531 517 516
4 530 531 355 532
4 533 534 535 526
4 533 534 526 536
4 526 533 536 529
4 534 526 536 532
4 526 355 467 516
4 355 531 526 532
4 526 531 355 516
4 531 536 526 532
4 526 536 531 528
4 536 528 526 529
4 526 528 531 516
4 526 529 528 467
4 526 467 528 516
4 353 372 355 526
4 405 530 359 355
4 405 530 355 537
4 355 405 537 406
4 530 355 537 532
4 407 376 538 372
4 407 372 538 539
4 372 539 407 406
4 538 539 372 540
4 534 541 535 526
4 534 541 526 542
4 526 534 542 532
4 541 526 542 540
4 372 355 526 532
4 526 372 542 540
4 372 526 542 532
4 542 372 539 540
4 372 542 539 537
4 539 372 537 406
4 372 542 537 532
4 372 537 406 355
4 372 537 355 532
4 353 478 372 526
4 523 538 376 372
4 523 538 372 543
4 372 523 543 522
4 538 372 543 540
4 520 484 544 478
4 520 478 544 545
4 478 545 520 522
4 544 545 478 546
4 541 547 535 526
4 541 547 526 548
4 526 541 548 540
4 547 526 548 546
4 526 478 372 522
4 478 545 526 546
4 526 545 478 522
4 545 548 526 546
4 526 548 545 543
4 548 543 526 540
4 526 543 545 522
4 526 540 543 372
4 526 372 543 522
4 353 467 478 526
4 505 544 484 478
4 505 544 478 549
4 478 505 549 504
4 544 478 549 546
4 503 473 527 467
4 503 467 527 550
4 467 550 503 504
4 527 550 467 529
4 547 533 535 526
4 547 533 526 551
4 526 547 551 546
4 533 526 551 529
4 478 526 467 529
4 526 551 478 546
4 478 551 526 529
4 551 549 478 546
4 478 549 551 550
4 549 550 478 504
4 478 550 551 529
4 478 504 550 467
4 478 467 550 529
4 552 554 553 555
4 354 553 368 370
4 361 368 554 369
4 367 555 370 369
4 554 553 555 370
4 554 555 369 370
4 554 369 368 370
4 554 368 553 370
4 552 556 557 558
4 559 560 561 562
4 563 564 560 565
4 566 565 562 567
4 561 562 560 565
4 561 567 562 565
4 561 564 567 565
4 561 560 564 565
4 359 569 568 570
4 563 568 571 572
4 573 571 569 574
4 575 570 572 574
4 570 569 568 571
4 570 574 569 571
4 570 572 574 571
4 570 568 572 571
4 573 576 577 578
4 579 581 580 582
4 566 580 583 584
4 575 583 581 585
4 581 580 582 584
4 581 582 585 584
4 581 585 583 584
4 581 583 580 584
4 563 564 565 572
4 566 565 567 583
4 575 586 572 583
4 586 567 564 565
4 586 583 567 565
4 586 572 583 565
4 586 564 572 565
4 566 567 584 583
4 575 586 583 585
4 586 583 585 584
4 586 567 583 584
4 573 578 577 574
4 575 586 585 574
4 586 574 577 578
4 586 585 574 578
4 573 577 571 574
4 563 571 564 572
4 575 586 574 572
4 586 564 577 571
4 586 572 564 571
4 586 574 572 571
4 586 577 574 571
4 365 587 588 589
4 590 591 587 592
4 593 588 591 594
4 595 592 589 594
4 587 588 589 594
4 587 589 592 594
4 587 592 591 594
4 587 591 588 594
4 595 596 597 598
4 590 592 599 600
4 595 597 592 598
4 600 592 599 597
4 600 598 592 597
4 590 591 592 600
4 595 592 594 598
4 600 591 592 594
4 600 592 598 594
4 365 363 364 601
4 367 366 363 602
4 362 364 366 603
4 604 602 601 603
4 601 363 364 366
4 601 364 603 366
4 601 603 602 366
4 601 602 363 366
4 552 554 555 557
4 367 555 369 605
4 361 369 554 606
4 607 557 605 606
4 554 555 557 605
4 554 557 606 605
4 554 606 369 605
4 554 369 555 605
4 359 358 357 569
4 362 360 358 608
4 361 357 360 609
4 573 608 569 609
4 357 569 358 608
4 357 609 569 608
4 357 360 609 608
4 357 358 360 608
4 604 610 611 612
4 573 576 612 613
4 610 612 576 613
4 610 611 612 613
4 604 602 603 614
4 367 366 602 369
4 362 603 366 360
4 361 369 614 360
4 614 602 603 366
4 614 603 360 366
4 614 360 369 366
4 614 369 602 366
4 604 603 612 614
4 362 608 603 360
4 573 612 608 609
4 361 360 614 609
4 614 603 612 608
4 614 612 609 608
4 614 609 360 608
4 614 360 603 608
4 604 612 611 614
4 573 613 612 609
4 607 611 613 606
4 361 609 614 606
4 614 612 611 613
4 614 611 606 613
4 614 606 609 613
4 614 609 612 613
4 604 611 602 614
4 607 605 611 606
4 367 602 605 369
4 361 606 614 369
4 614 611 602 605
4 614 602 369 605
4 614 369 606 605
4 614 606 611 605
4 365 364 589 601
4 362 615 364 603
4 595 589 615 616
4 604 603 601 616
4 601 364 589 615
4 601 589 616 615
4 601 616 603 615
4 601 603 364 615
4 359 570 358 569
4 362 358 617 608
4 575 617 570 574
4 573 569 608 574
4 570 358 569 608
4 570 569 574 608
4 570 574 617 608
4 570 617 358 608
4 579 596 581 582
4 595 618 596 619
4 575 581 618 585
4 581 582 596 619
4 581 585 582 619
4 581 618 585 619
4 581 596 618 619
4 604 610 612 620
4 573 612 576 578
4 610 612 620 578
4 610 576 612 578
4 604 603 616 621
4 362 615 603 617
4 595 616 615 618
4 575 617 621 618
4 621 603 616 615
4 621 616 618 615
4 621 618 617 615
4 621 617 603 615
4 604 616 620 621
4 595 619 616 618
4 575 618 621 585
4 621 616 620 619
4 621 620 585 619
4 621 585 618 619
4 621 618 616 619
4 604 620 612 621
4 573 612 578 574
4 575 585 621 574
4 621 620 612 578
4 621 612 574 578
4 621 574 585 578
4 621 585 620 578
4 604 612 603 621
4 573 608 612 574
4 362 603 608 617
4 575 574 621 617
4 621 612 603 608
4 621 603 617 608
4 621 617 574 608
4 621 574 612 608
4 365 589 588 601
4 595 594 589 616
4 593 588 594 622
4 604 616 601 622
4 601 589 588 594
4 601 588 622 594
4 601 622 616 594
4 601 616 589 594
4 595 596 598 619
4 604 610 620 623
4 604 616 622 624
4 595 594 616 598
4 624 616 622 594
4 624 598 616 594
4 604 622 623 624
4 604 623 620 624
4 604 620 616 624
4 595 616 619 598
4 624 620 616 619
4 624 616 598 619
4 365 588 363 601
4 593 625 588 622
4 367 363 625 602
4 604 622 601 602
4 601 588 363 625
4 601 363 602 625
4 601 602 622 625
4 601 622 588 625
4 552 555 558 557
4 367 626 555 605
4 607 605 557 627
4 558 557 555 605
4 558 627 557 605
4 558 626 627 605
4 558 555 626 605
4 604 610 623 611
4 604 622 602 628
4 593 625 622 629
4 367 602 625 626
4 628 622 602 625
4 628 602 626 625
4 628 626 629 625
4 628 629 622 625
4 604 602 611 628
4 367 605 602 626
4 607 611 605 627
4 628 602 611 605
4 628 611 627 605
4 628 627 626 605
4 628 626 602 605
4 604 611 623 628
4 604 623 622 628
4 630 631 632 633
4 371 387 631 385
4 378 632 387 386
4 384 385 633 386
4 633 631 632 387
4 633 632 386 387
4 633 386 385 387
4 633 385 631 387
4 630 635 634 636
4 376 637 638 639
4 640 641 637 642
4 643 638 641 644
4 645 642 639 644
4 637 638 639 644
4 637 639 642 644
4 637 642 641 644
4 637 641 638 644
4 645 646 647 648
4 640 642 649 650
4 645 647 642 648
4 650 642 649 647
4 650 648 642 647
4 640 641 642 650
4 645 642 644 648
4 650 641 642 644
4 650 642 648 644
4 651 653 652 654
4 655 654 656 657
4 382 659 658 660
4 651 658 661 662
4 663 661 659 664
4 665 660 662 664
4 660 659 658 661
4 660 664 659 661
4 660 662 664 661
4 660 658 662 661
4 663 666 667 668
4 669 671 670 672
4 655 670 673 674
4 665 673 671 675
4 671 670 672 674
4 671 672 675 674
4 671 675 673 674
4 671 673 670 674
4 651 653 654 662
4 655 654 657 673
4 665 676 662 673
4 676 657 653 654
4 676 673 657 654
4 676 662 673 654
4 676 653 662 654
4 655 657 674 673
4 665 676 673 675
4 676 673 675 674
4 676 657 673 674
4 663 668 667 664
4 665 676 675 664
4 676 664 667 668
4 676 675 664 668
4 663 667 661 664
4 651 661 653 662
4 665 676 664 662
4 676 653 667 661
4 676 662 653 661
4 676 664 662 661
4 676 667 664 661
4 376 374 375 677
4 378 377 374 678
4 379 375 377 679
4 680 678 677 679
4 677 374 375 377
4 677 375 679 377
4 677 679 678 377
4 677 678 374 377
4 630 633 632 636
4 378 632 386 681
4 384 386 633 682
4 683 636 681 682
4 633 632 636 681
4 633 636 682 681
4 633 682 386 681
4 633 386 632 681
4 382 381 380 659
4 379 383 381 684
4 384 380 383 685
4 663 684 659 685
4 380 659 381 684
4 380 685 659 684
4 380 383 685 684
4 380 381 383 684
4 680 686 687 688
4 663 666 688 689
4 686 688 666 689
4 686 687 688 689
4 680 678 679 690
4 378 377 678 386
4 379 679 377 383
4 384 386 690 383
4 690 678 679 377
4 690 679 383 377
4 690 383 386 377
4 690 386 678 377
4 680 679 688 690
4 379 684 679 383
4 663 688 684 685
4 384 383 690 685
4 690 679 688 684
4 690 688 685 684
4 690 685 383 684
4 690 383 679 684
4 680 688 687 690
4 663 689 688 685
4 683 687 689 682
4 384 685 690 682
4 690 688 687 689
4 690 687 682 689
4 690 682 685 689
4 690 685 688 689
4 680 687 678 690
4 683 681 687 682
4 378 678 681 386
4 384 682 690 386
4 690 687 678 681
4 690 678 386 681
4 690 386 682 681
4 690 682 687 681
4 376 375 639 677
4 379 691 375 679
4 645 639 691 692
4 680 679 677 692
4 677 375 639 691
4 677 639 692 691
4 677 692 679 691
4 677 679 375 691
4 382 660 381 659
4 379 381 693 684
4 665 693 660 664
4 663 659 684 664
4 660 381 659 684
4 660 659 664 684
4 660 664 693 684
4 660 693 381 684
4 669 646 671 672
4 645 694 646 695
4 665 671 694 675
4 671 672 646 695
4 671 675 672 695
4 671 694 675 695
4 671 646 694 695
4 680 686 688 696
4 663 688 666 668
4 686 688 696 668
4 686 666 688 668
4 680 679 692 697
4 379 691 679 693
4 645 692 691 694
4 665 693 697 694
4 697 679 692 691
4 697 692 694 691
4 697 694 693 691
4 697 693 679 691
4 680 692 696 697
4 645 695 692 694
4 665 694 697 675
4 697 692 696 695
4 697 696 675 695
4 697 675 694 695
4 697 694 692 695
4 680 696 688 697
4 663 688 668 664
4 665 675 697 664
4 697 696 688 668
4 697 688 664 668
4 697 664 675 668
4 697 675 696 668
4 680 688 679 697
4 663 684 688 664
4 379 679 684 693
4 665 664 697 693
4 697 688 679 684
4 697 679 693 684
4 697 693 664 684
4 697 664 688 684
4 376 639 638 677
4 645 644 639 692
4 643 638 644 698
4 680 692 677 698
4 677 639 638 644
4 677 638 698 644
4 677 698 692 644
4 677 692 639 644
4 645 646 648 695
4 680 692 698 699
4 645 644 692 648
4 699 692 698 644
4 699 648 692 644
4 680 696 692 699
4 645 692 695 648
4 699 696 692 695
4 699 692 648 695
4 376 638 374 677
4 643 700 638 698
4 378 374 700 678
4 680 698 677 678
4 677 638 374 700
4 677 374 678 700
4 677 678 698 700
4 677 698 638 700
4 630 632 635 636
4 378 701 632 681
4 683 681 636 702
4 635 636 632 681
4 635 702 636 681
4 635 701 702 681
4 635 632 701 681
4 680 698 678 703
4 643 700 698 704
4 378 678 700 701
4 703 698 678 700
4 703 678 701 700
4 703 701 704 700
4 703 704 698 700
4 680 678 687 703
4 378 681 678 701
4 683 687 681 702
4 703 678 687 681
4 703 687 702 681
4 703 702 701 681
4 703 701 678 681
4 559 560 562 705
4 563 565 560 706
4 566 562 565 707
4 708 706 705 707
4 705 560 562 565
4 705 562 707 565
4 705 707 706 565
4 705 706 560 565
4 359 570 568 393
4 563 568 572 709
4 575 572 570 710
4 395 393 709 710
4 570 568 393 709
4 570 393 710 709
4 570 710 572 709
4 570 572 568 709
4 579 580 581 711
4 566 583 580 712
4 575 581 583 713
4 714 712 711 713
4 581 711 580 712
4 581 713 711 712
4 581 583 713 712
4 581 580 583 712
4 715 717 716 718
4 708 716 719 720
4 395 719 717 721
4 714 718 720 721
4 716 718 717 721
4 716 720 718 721
4 716 719 720 721
4 716 717 719 721
4 708 706 707 722
4 563 565 706 572
4 566 707 565 583
4 575 572 722 583
4 722 706 707 565
4 722 707 583 565
4 722 583 572 565
4 722 572 706 565
4 708 707 720 722
4 566 712 707 583
4 714 720 712 713
4 575 583 722 713
4 722 707 720 712
4 722 720 713 712
4 722 713 583 712
4 722 583 707 712
4 708 720 719 722
4 714 721 720 713
4 395 719 721 710
4 575 713 722 710
4 722 720 719 721
4 722 719 710 721
4 722 710 713 721
4 722 713 720 721
4 708 719 706 722
4 395 709 719 710
4 563 706 709 572
4 575 710 722 572
4 722 719 706 709
4 722 706 572 709
4 722 572 710 709
4 722 710 719 709
4 365 587 589 723
4 590 592 587 724
4 595 589 592 725
4 726 724 723 725
4 587 589 723 725
4 587 723 724 725
4 587 724 592 725
4 587 592 589 725
4 579 596 727 728
4 595 597 596 729
4 730 728 731 729
4 728 596 727 597
4 728 729 596 597
4 728 731 729 597
4 728 727 731 597
4 732 733 734 735
4 736 737 733 738
4 726 734 737 739
4 730 738 735 739
4 735 733 734 737
4 735 734 739 737
4 735 739 738 737
4 735 738 733 737
4 590 740 599 741
4 736 742 740 738
4 730 741 731 738
4 741 740 599 742
4 741 738 740 742
4 741 731 738 742
4 741 599 731 742
4 590 724 740 741
4 736 740 737 738
4 726 737 724 739
4 730 741 738 739
4 741 724 740 737
4 741 739 724 737
4 741 738 739 737
4 741 740 738 737
4 590 592 724 741
4 726 724 725 739
4 595 725 592 729
4 730 741 739 729
4 741 592 724 725
4 741 729 592 725
4 741 739 729 725
4 741 724 739 725
4 590 599 592 741
4 595 592 597 729
4 730 741 729 731
4 741 599 592 597
4 741 731 599 597
4 741 729 731 597
4 741 592 729 597
4 743 652 744 745
4 651 746 652 747
4 748 744 746 749
4 750 747 745 749
4 744 745 652 747
4 744 749 745 747
4 744 746 749 747
4 744 652 746 747
4 382 396 658 751
4 651 658 752 753
4 398 752 396 754
4 755 751 753 754
4 751 396 658 752
4 751 754 396 752
4 751 753 754 752
4 751 658 753 752
4 715 756 757 758
4 748 759 756 760
4 398 757 759 761
4 762 760 758 761
4 756 757 758 761
4 756 758 760 761
4 756 760 759 761
4 756 759 757 761
4 732 764 763 765
4 750 763 766 767
4 755 766 764 768
4 762 765 767 768
4 764 763 765 767
4 764 765 768 767
4 764 768 766 767
4 764 766 763 767
4 748 749 746 769
4 651 746 747 753
4 750 747 749 766
4 755 769 753 766
4 769 749 746 747
4 769 766 749 747
4 769 753 766 747
4 769 746 753 747
4 748 760 749 769
4 750 749 767 766
4 762 767 760 768
4 755 769 766 768
4 769 760 749 767
4 769 768 760 767
4 769 766 768 767
4 769 749 766 767
4 748 759 760 769
4 762 760 761 768
4 398 761 759 754
4 755 769 768 754
4 769 759 760 761
4 769 754 759 761
4 769 768 754 761
4 769 760 768 761
4 748 746 759 769
4 398 759 752 754
4 651 752 746 753
4 755 769 754 753
4 769 746 759 752
4 769 753 746 752
4 769 754 753 752
4 769 759 754 752
4 365 364 389 770
4 362 390 364 399
4 391 389 390 400
4 401 399 770 400
4 770 364 389 390
4 770 389 400 390
4 770 400 399 390
4 770 399 364 390
4 715 717 771 757
4 401 771 403 402
4 395 403 717 404
4 398 757 402 404
4 771 757 717 404
4 771 402 757 404
4 771 403 402 404
4 771 717 403 404
4 365 389 723 770
4 391 772 389 400
4 726 723 772 773
4 401 400 770 773
4 770 389 723 772
4 770 723 773 772
4 770 773 400 772
4 770 400 389 772
4 382 751 392 396
4 391 392 774 397
4 755 774 751 754
4 398 396 397 754
4 751 392 396 397
4 751 396 754 397
4 751 754 774 397
4 751 774 392 397
4 732 734 764 765
4 726 775 734 776
4 755 764 775 768
4 762 776 765 768
4 764 765 734 776
4 764 768 765 776
4 764 775 768 776
4 764 734 775 776
4 715 757 771 758
4 401 771 402 777
4 398 402 757 761
4 762 758 777 761
4 771 758 757 761
4 771 777 758 761
4 771 402 777 761
4 771 757 402 761
4 401 400 773 778
4 391 772 400 774
4 726 773 772 775
4 755 774 778 775
4 778 400 773 772
4 778 773 775 772
4 778 775 774 772
4 778 774 400 772
4 401 773 777 778
4 726 776 773 775
4 762 777 776 768
4 755 775 778 768
4 778 773 777 776
4 778 777 768 776
4 778 768 775 776
4 778 775 773 776
4 401 777 402 778
4 762 761 777 768
4 398 402 761 754
4 755 768 778 754
4 778 777 402 761
4 778 402 754 761
4 778 754 768 761
4 778 768 777 761
4 401 402 400 778
4 398 397 402 754
4 391 400 397 774
4 755 754 778 774
4 778 402 400 397
4 778 400 774 397
4 778 774 754 397
4 778 754 402 397
4 365 723 589 770
4 726 725 723 773
4 595 589 725 779
4 401 773 770 779
4 770 723 589 725
4 770 589 779 725
4 770 779 773 725
4 770 773 723 725
4 732 735 734 765
4 726 734 739 776
4 730 739 735 780
4 762 765 776 780
4 735 734 765 776
4 735 765 780 776
4 735 780 739 776
4 735 739 734 776
4 579 596 728 711
4 595 729 596 781
4 730 728 729 782
4 714 781 711 782
4 728 711 596 781
4 728 782 711 781
4 728 729 782 781
4 728 596 729 781
4 715 758 771 718
4 401 771 777 783
4 762 777 758 784
4 714 718 783 784
4 771 718 758 784
4 771 783 718 784
4 771 777 783 784
4 771 758 777 784
4 401 773 779 785
4 726 725 773 739
4 595 779 725 729
4 730 739 785 729
4 785 773 779 725
4 785 779 729 725
4 785 729 739 725
4 785 739 773 725
4 401 779 783 785
4 595 781 779 729
4 714 783 781 782
4 730 729 785 782
4 785 779 783 781
4 785 783 782 781
4 785 782 729 781
4 785 729 779 781
4 401 783 777 785
4 714 784 783 782
4 762 777 784 780
4 730 782 785 780
4 785 783 777 784
4 785 777 780 784
4 785 780 782 784
4 785 782 783 784
4 401 777 773 785
4 762 776 777 780
4 726 773 776 739
4 730 780 785 739
4 785 777 773 776
4 785 773 739 776
4 785 739 780 776
4 785 780 777 776
4 365 589 364 770
4 595 615 589 779
4 362 364 615 399
4 401 779 770 399
4 770 589 364 615
4 770 364 399 615
4 770 399 779 615
4 770 779 589 615
4 579 581 596 711
4 595 596 618 781
4 575 618 581 713
4 714 711 781 713
4 581 596 711 781
4 581 711 713 781
4 581 713 618 781
4 581 618 596 781
4 359 358 570 393
4 362 617 358 394
4 575 570 617 710
4 395 394 393 710
4 570 393 358 394
4 570 710 393 394
4 570 617 710 394
4 570 358 617 394
4 715 718 771 717
4 401 771 783 403
4 714 783 718 721
4 395 717 403 721
4 771 717 718 721
4 771 403 717 721
4 771 783 403 721
4 771 718 783 721
4 401 779 399 786
4 595 615 779 618
4 362 399 615 617
4 575 618 786 617
4 786 779 399 615
4 786 399 617 615
4 786 617 618 615
4 786 618 779 615
4 401 399 403 786
4 362 394 399 617
4 395 403 394 710
4 575 617 786 710
4 786 399 403 394
4 786 403 710 394
4 786 710 617 394
4 786 617 399 394
4 401 403 783 786
4 395 721 403 710
4 714 783 721 713
4 575 710 786 713
4 786 403 783 721
4 786 783 713 721
4 786 713 710 721
4 786 710 403 721
4 401 783 779 786
4 714 781 783 713
4 595 779 781 618
4 575 713 786 618
4 786 783 779 781
4 786 779 618 781
4 786 618 713 781
4 786 713 783 781
4 787 788 789 790
4 791 789 792 793
4 794 795 790 793
4 789 790 788 795
4 789 793 790 795
4 789 792 793 795
4 789 788 792 795
4 791 797 796 798
4 799 800 801 798
4 796 800 798 801
4 796 798 797 801
4 794 802 803 804
4 799 806 805 804
4 791 807 792 797
4 799 801 806 798
4 791 807 797 798
4 807 798 806 801
4 807 797 798 801
4 799 806 804 798
4 794 804 803 793
4 791 807 798 793
4 807 803 806 804
4 807 793 803 804
4 807 798 793 804
4 807 806 798 804
4 794 803 795 793
4 791 807 793 792
4 807 793 792 795
4 807 803 793 795
4 559 808 705 562
4 809 810 808 811
4 708 705 810 707
4 566 811 562 707
4 705 562 808 811
4 705 707 562 811
4 705 810 707 811
4 705 808 810 811
4 787 813 812 814
4 809 812 815 816
4 817 815 813 818
4 819 814 816 818
4 814 813 812 815
4 814 818 813 815
4 814 816 818 815
4 814 812 816 815
4 715 716 820 718
4 708 821 716 720
4 817 820 821 822
4 714 720 718 822
4 716 820 718 822
4 716 718 720 822
4 716 720 821 822
4 716 821 820 822
4 579 823 580 711
4 566 580 824 712
4 819 824 823 825
4 714 711 712 825
4 823 580 711 712
4 823 711 825 712
4 823 825 824 712
4 823 824 580 712
4 708 707 810 826
4 809 810 811 816
4 566 811 707 824
4 819 826 816 824
4 826 707 810 811
4 826 824 707 811
4 826 816 824 811
4 826 810 816 811
4 708 720 707 826
4 566 707 712 824
4 714 712 720 825
4 819 826 824 825
4 826 720 707 712
4 826 825 720 712
4 826 824 825 712
4 826 707 824 712
4 708 821 720 826
4 714 720 822 825
4 817 822 821 818
4 819 826 825 818
4 826 821 720 822
4 826 818 821 822
4 826 825 818 822
4 826 720 825 822
4 708 810 821 826
4 817 821 815 818
4 809 815 810 816
4 819 826 818 816
4 826 810 821 815
4 826 816 810 815
4 826 818 816 815
4 826 821 818 815
4 743 744 827 745
4 828 827 829 830
4 748 829 744 749
4 750 745 830 749
4 744 827 745 830
4 744 745 749 830
4 744 749 829 830
4 744 829 827 830
4 831 832 833 834
4 828 835 832 836
4 837 833 835 838
4 839 836 834 838
4 834 832 833 835
4 834 833 838 835
4 834 838 836 835
4 834 836 832 835
4 715 840 756 758
4 748 756 841 760
4 837 841 840 842
4 762 758 760 842
4 756 758 840 842
4 756 760 758 842
4 756 841 760 842
4 756 840 841 842
4 732 763 843 765
4 750 844 763 767
4 839 843 844 845
4 762 767 765 845
4 843 765 763 767
4 843 845 765 767
4 843 844 845 767
4 843 763 844 767
4 748 829 749 846
4 828 830 829 836
4 750 749 830 844
4 839 836 846 844
4 846 829 749 830
4 846 749 844 830
4 846 844 836 830
4 846 836 829 830
4 748 749 760 846
4 750 767 749 844
4 762 760 767 845
4 839 844 846 845
4 846 749 760 767
4 846 760 845 767
4 846 845 844 767
4 846 844 749 767
4 748 760 841 846
4 762 842 760 845
4 837 841 842 838
4 839 845 846 838
4 846 760 841 842
4 846 841 838 842
4 846 838 845 842
4 846 845 760 842
4 748 841 829 846
4 837 835 841 838
4 828 829 835 836
4 839 838 846 836
4 846 841 829 835
4 846 829 836 835
4 846 836 838 835
4 846 838 841 835
4 847 849 848 850
4 851 852 853 850
4 579 727 854 728
4 847 854 855 856
4 730 731 728 856
4 728 727 854 855
4 728 854 856 855
4 728 856 731 855
4 728 731 727 855
4 732 857 733 735
4 736 733 858 738
4 851 858 857 859
4 730 735 738 859
4 735 857 733 858
4 735 859 857 858
4 735 738 859 858
4 735 733 738 858
4 736 860 742 738
4 730 731 861 738
4 861 860 738 742
4 861 738 731 742
4 736 858 860 738
4 851 853 858 859
4 730 738 861 859
4 861 860 853 858
4 861 853 859 858
4 861 859 738 858
4 861 738 860 858
4 851 850 853 859
4 847 849 850 856
4 730 859 861 856
4 861 853 849 850
4 861 849 856 850
4 861 856 859 850
4 861 859 853 850
4 847 855 849 856
4 730 856 861 731
4 861 731 856 855
4 861 856 849 855
4 862 805 802 863
4 794 802 804 864
4 799 804 805 865
4 866 863 864 865
4 863 805 802 804
4 863 865 805 804
4 863 864 865 804
4 863 802 864 804
4 787 790 789 813
4 794 793 790 867
4 791 789 793 868
4 817 867 813 868
4 789 813 790 867
4 789 868 813 867
4 789 793 868 867
4 789 790 793 867
4 831 796 800 833
4 799 800 798 869
4 791 798 796 870
4 837 833 869 870
4 796 800 833 869
4 796 833 870 869
4 796 870 798 869
4 796 798 800 869
4 715 871 820 840
4 866 872 871 873
4 817 820 872 874
4 837 873 840 874
4 871 820 840 874
4 871 840 873 874
4 871 873 872 874
4 871 872 820 874
4 866 865 864 875
4 794 864 804 793
4 799 804 865 798
4 791 875 793 798
4 875 865 864 804
4 875 798 865 804
4 875 793 798 804
4 875 864 793 804
4 866 873 865 875
4 799 865 869 798
4 837 869 873 870
4 791 875 798 870
4 875 873 865 869
4 875 870 873 869
4 875 798 870 869
4 875 865 798 869
4 866 872 873 875
4 837 873 874 870
4 817 874 872 868
4 791 875 870 868
4 875 872 873 874
4 875 868 872 874
4 875 870 868 874
4 875 873 870 874
4 866 864 872 875
4 817 872 867 868
4 794 867 864 793
4 791 875 868 793
4 875 864 872 867
4 875 793 864 867
4 875 868 793 867
4 875 872 868 867
4 862 852 805 863
4 799 805 876 865
4 851 876 852 877
4 866 863 865 877
4 863 852 805 876
4 863 877 852 876
4 863 865 877 876
4 863 805 865 876
4 831 800 834 833
4 799 878 800 869
4 839 834 878 838
4 837 869 833 838
4 834 833 800 869
4 834 838 833 869
4 834 878 838 869
4 834 800 878 869
4 732 843 857 765
4 851 857 879 880
4 839 879 843 845
4 762 765 880 845
4 843 857 765 880
4 843 765 845 880
4 843 845 879 880
4 843 879 857 880
4 715 871 840 758
4 866 873 871 881
4 837 840 873 842
4 762 881 758 842
4 871 840 758 842
4 871 758 881 842
4 871 881 873 842
4 871 873 840 842
4 866 877 865 882
4 799 865 876 878
4 851 876 877 879
4 839 882 878 879
4 882 877 865 876
4 882 879 877 876
4 882 878 879 876
4 882 865 878 876
4 866 881 877 882
4 851 877 880 879
4 762 880 881 845
4 839 882 879 845
4 882 881 877 880
4 882 845 881 880
4 882 879 845 880
4 882 877 879 880
4 866 873 881 882
4 762 881 842 845
4 837 842 873 838
4 839 882 845 838
4 882 873 881 842
4 882 838 873 842
4 882 845 838 842
4 882 881 845 842
4 866 865 873 882
4 837 873 869 838
4 799 869 865 878
4 839 882 838 878
4 882 865 873 869
4 882 878 865 869
4 882 838 878 869
4 882 873 838 869
4 862 848 852 863
4 851 852 850 877
4 847 850 848 883
4 866 863 877 883
4 863 848 852 850
4 863 883 848 850
4 863 877 883 850
4 863 852 877 850
4 732 857 735 765
4 851 859 857 880
4 730 735 859 780
4 762 880 765 780
4 735 765 857 880
4 735 780 765 880
4 735 859 780 880
4 735 857 859 880
4 579 728 854 711
4 847 854 856 884
4 730 856 728 782
4 714 711 884 782
4 728 854 711 884
4 728 711 782 884
4 728 782 856 884
4 728 856 854 884
4 715 871 758 718
4 866 881 871 885
4 762 758 881 784
4 714 885 718 784
4 871 758 718 784
4 871 718 885 784
4 871 885 881 784
4 871 881 758 784
4 866 883 877 886
4 851 877 850 859
4 847 850 883 856
4 730 886 859 856
4 886 883 877 850
4 886 856 883 850
4 886 859 856 850
4 886 877 859 850
4 866 885 883 886
4 847 883 884 856
4 714 884 885 782
4 730 886 856 782
4 886 885 883 884
4 886 782 885 884
4 886 856 782 884
4 886 883 856 884
4 866 881 885 886
4 714 885 784 782
4 762 784 881 780
4 730 886 782 780
4 886 881 885 784
4 886 780 881 784
4 886 782 780 784
4 886 885 782 784
4 866 877 881 886
4 762 881 880 780
4 851 880 877 859
4 730 886 780 859
4 886 877 881 880
4 886 859 877 880
4 886 780 859 880
4 886 881 780 880
4 862 802 848 863
4 847 848 887 883
4 794 887 802 864
4 866 863 883 864
4 863 802 848 887
4 863 864 802 887
4 863 883 864 887
4 863 848 883 887
4 579 854 823 711
4 847 888 854 884
4 819 823 888 825
4 714 884 711 825
4 823 711 854 884
4 823 825 711 884
4 823 888 825 884
4 823 854 888 884
4 787 814 790 813
4 794 790 889 867
4 819 889 814 818
4 817 813 867 818
4 814 790 813 867
4 814 813 818 867
4 814 818 889 867
4 814 889 790 867
4 715 871 718 820
4 866 885 871 872
4 714 718 885 822
4 817 872 820 822
4 871 718 820 822
4 871 820 872 822
4 871 872 885 822
4 871 885 718 822
4 866 864 883 890
4 847 883 887 888
4 794 887 864 889
4 819 890 888 889
4 890 864 883 887
4 890 889 864 887
4 890 888 889 887
4 890 883 888 887
4 866 872 864 890
4 794 864 867 889
4 817 867 872 818
4 819 890 889 818
4 890 872 864 867
4 890 818 872 867
4 890 889 818 867
4 890 864 889 867
4 866 885 872 890
4 817 872 822 818
4 714 822 885 825
4 819 890 818 825
4 890 885 872 822
4 890 825 885 822
4 890 818 825 822
4 890 872 818 822
4 866 883 885 890
4 714 885 884 825
4 847 884 883 888
4 819 890 825 888
4 890 883 885 884
4 890 888 883 884
4 890 825 888 884
4 890 885 825 884
4 799 801 800 891
4 799 805 806 892
4 799 892 806 891
4 799 806 801 891
4 743 827 893 745
4 828 894 827 830
4 750 830 745 895
4 893 745 827 830
4 893 895 745 830
4 893 894 895 830
4 893 827 894 830
4 831 896 832 834
4 828 832 897 836
4 839 834 836 898
4 834 896 832 897
4 834 898 896 897
4 834 836 898 897
4 834 832 836 897
4 732 843 763 899
4 750 763 844 900
4 839 844 843 901
4 902 899 900 901
4 843 763 899 900
4 843 899 901 900
4 843 901 844 900
4 843 844 763 900
4 828 894 830 836
4 750 830 895 844
4 839 903 836 844
4 903 895 894 830
4 903 844 895 830
4 903 836 844 830
4 903 894 836 830
4 750 895 900 844
4 902 900 904 901
4 839 903 844 901
4 903 904 895 900
4 903 901 904 900
4 903 844 901 900
4 903 895 844 900
4 902 904 905 901
4 839 903 901 898
4 903 901 898 905
4 903 904 901 905
4 828 897 894 836
4 839 903 898 836
4 903 836 894 897
4 903 898 836 897
4 851 853 852 906
4 732 733 857 907
4 736 858 733 908
4 851 857 858 909
4 910 908 907 909
4 907 733 857 858
4 907 857 909 858
4 907 909 908 858
4 907 908 733 858
4 851 853 906 909
4 851 858 853 909
4 736 860 858 908
4 799 805 892 911
4 912 805 911 892
4 799 891 800 913
4 799 911 892 891
4 799 913 911 891
4 851 906 852 914
4 912 914 852 906
4 732 907 857 899
4 851 857 909 915
4 910 909 907 916
4 902 899 915 916
4 907 857 899 915
4 907 899 916 915
4 907 916 909 915
4 907 909 857 915
4 851 906 914 909
4 917 909 914 906
4 918 919 914 917
4 851 914 915 909
4 902 915 919 916
4 910 917 909 916
4 917 919 914 915
4 917 916 919 915
4 917 909 916 915
4 917 914 909 915
4 862 805 852 912
4 851 852 876 914
4 799 876 805 911
4 918 912 914 911
4 912 805 852 876
4 912 911 805 876
4 912 914 911 876
4 912 852 914 876
4 732 857 843 899
4 851 879 857 915
4 839 843 879 901
4 902 915 899 901
4 843 899 857 915
4 843 901 899 915
4 843 879 901 915
4 843 857 879 915
4 831 834 800 896
4 799 800 878 913
4 839 878 834 898
4 834 800 896 913
4 834 896 898 913
4 834 898 878 913
4 834 878 800 913
4 918 911 914 920
4 851 914 876 879
4 799 876 911 878
4 839 920 879 878
4 920 911 914 876
4 920 878 911 876
4 920 879 878 876
4 920 914 879 876
4 918 921 911 920
4 799 911 913 878
4 839 920 878 898
4 920 921 911 913
4 920 898 921 913
4 920 878 898 913
4 920 911 878 913
4 918 919 921 920
4 902 905 919 901
4 839 920 898 901
4 920 919 921 905
4 920 901 919 905
4 920 898 901 905
4 920 921 898 905
4 918 914 919 920
4 902 919 915 901
4 851 915 914 879
4 839 920 901 879
4 920 914 919 915
4 920 879 914 915
4 920 901 879 915
4 920 919 901 915
4 559 922 560 705
4 563 560 923 706
4 924 923 922 925
4 708 705 706 925
4 705 922 560 923
4 705 925 922 923
4 705 706 925 923
4 705 560 706 923
4 359 568 926 393
4 563 927 568 709
4 928 926 927 929
4 395 709 393 929
4 926 393 568 709
4 926 929 393 709
4 926 927 929 709
4 926 568 927 709
4 930 932 931 933
4 924 931 934 935
4 928 934 932 936
4 937 933 935 936
4 932 931 933 935
4 932 933 936 935
4 932 936 934 935
4 932 934 931 935
4 715 716 717 938
4 708 719 716 939
4 395 717 719 940
4 937 939 938 940
4 716 717 938 940
4 716 938 939 940
4 716 939 719 940
4 716 719 717 940
4 708 925 706 941
4 563 706 923 927
4 924 923 925 934
4 928 941 927 934
4 941 925 706 923
4 941 934 925 923
4 941 927 934 923
4 941 706 927 923
4 708 939 925 941
4 924 925 935 934
4 937 935 939 936
4 928 941 934 936
4 941 939 925 935
4 941 936 939 935
4 941 934 936 935
4 941 925 934 935
4 708 719 939 941
4 937 939 940 936
4 395 940 719 929
4 928 941 936 929
4 941 719 939 940
4 941 929 719 940
4 941 936 929 940
4 941 939 936 940
4 708 706 719 941
4 395 719 709 929
4 563 709 706 927
4 928 941 929 927
4 941 706 719 709
4 941 927 706 709
4 941 929 927 709
4 941 719 929 709
4 376 942 637 639
4 640 637 943 642
4 944 943 942 945
4 645 639 642 945
4 637 639 942 945
4 637 642 639 945
4 637 943 642 945
4 637 942 943 945
4 930 946 947 948
4 949 950 946 951
4 944 947 950 952
4 953 951 948 952
4 948 946 947 950
4 948 947 952 950
4 948 952 951 950
4 948 951 946 950
4 645 647 646 954
4 953 955 956 954
4 955 954 646 647
4 955 956 954 647
4 640 957 649 958
4 949 959 957 951
4 953 951 958 956
4 958 957 649 959
4 958 649 956 959
4 958 956 951 959
4 958 951 957 959
4 640 649 642 958
4 645 642 647 954
4 953 956 958 954
4 958 649 642 647
4 958 642 954 647
4 958 954 956 647
4 958 956 649 647
4 640 642 943 958
4 645 945 642 954
4 944 943 945 952
4 953 954 958 952
4 958 642 943 945
4 958 943 952 945
4 958 952 954 945
4 958 954 642 945
4 640 943 957 958
4 944 950 943 952
4 949 957 950 951
4 953 952 958 951
4 958 943 957 950
4 958 957 951 950
4 958 951 952 950
4 958 952 943 950
4 743 744 652 656
4 651 652 746 654
4 748 746 744 960
4 655 656 654 960
4 744 652 656 654
4 744 656 960 654
4 744 960 746 654
4 744 746 652 654
4 382 658 396 660
4 651 752 658 662
4 398 396 752 961
4 665 662 660 961
4 660 658 396 752
4 660 396 961 752
4 660 961 662 752
4 660 662 658 752
4 715 757 756 962
4 748 756 759 963
4 398 759 757 964
4 965 962 963 964
4 756 962 757 964
4 756 963 962 964
4 756 759 963 964
4 756 757 759 964
4 669 670 671 966
4 655 673 670 967
4 665 671 673 968
4 965 967 966 968
4 671 966 670 967
4 671 968 966 967
4 671 673 968 967
4 671 670 673 967
4 748 746 960 969
4 651 654 746 662
4 655 960 654 673
4 665 662 969 673
4 969 746 960 654
4 969 960 673 654
4 969 673 662 654
4 969 662 746 654
4 748 960 963 969
4 655 967 960 673
4 965 963 967 968
4 665 673 969 968
4 969 960 963 967
4 969 963 968 967
4 969 968 673 967
4 969 673 960 967
4 748 963 759 969
4 965 964 963 968
4 398 759 964 961
4 665 968 969 961
4 969 963 759 964
4 969 759 961 964
4 969 961 968 964
4 969 968 963 964
4 748 759 746 969
4 398 752 759 961
4 651 746 752 662
4 665 961 969 662
4 969 759 746 752
4 969 746 662 752
4 969 662 961 752
4 969 961 759 752
4 376 375 407 970
4 406 407 408 411
4 379 408 375 412
4 413 970 411 412
4 970 375 407 408
4 970 412 375 408
4 970 411 412 408
4 970 407 411 408
4 715 971 717 757
4 413 415 971 414
4 395 717 415 404
4 398 414 757 404
4 971 717 757 404
4 971 757 414 404
4 971 414 415 404
4 971 415 717 404
4 376 639 375 970
4 379 375 691 412
4 645 691 639 972
4 413 970 412 972
4 970 639 375 691
4 970 972 639 691
4 970 412 972 691
4 970 375 412 691
4 382 381 660 396
4 379 693 381 410
4 665 660 693 961
4 398 410 396 961
4 660 396 381 410
4 660 961 396 410
4 660 693 961 410
4 660 381 693 410
4 669 671 646 966
4 645 646 694 973
4 665 694 671 968
4 965 966 973 968
4 671 646 966 973
4 671 966 968 973
4 671 968 694 973
4 671 694 646 973
4 715 971 757 962
4 413 414 971 974
4 398 757 414 964
4 965 974 962 964
4 971 757 962 964
4 971 962 974 964
4 971 974 414 964
4 971 414 757 964
4 413 972 412 975
4 379 412 691 693
4 645 691 972 694
4 665 975 693 694
4 975 972 412 691
4 975 694 972 691
4 975 693 694 691
4 975 412 693 691
4 413 974 972 975
4 645 972 973 694
4 965 973 974 968
4 665 975 694 968
4 975 974 972 973
4 975 968 974 973
4 975 694 968 973
4 975 972 694 973
4 413 414 974 975
4 965 974 964 968
4 398 964 414 961
4 665 975 968 961
4 975 414 974 964
4 975 961 414 964
4 975 968 961 964
4 975 974 968 964
4 413 412 414 975
4 398 414 410 961
4 379 410 412 693
4 665 975 961 693
4 975 412 414 410
4 975 693 412 410
4 975 961 693 410
4 975 414 961 410
4 376 942 639 970
4 645 639 945 972
4 944 945 942 976
4 413 970 972 976
4 970 942 639 945
4 970 976 942 945
4 970 972 976 945
4 970 639 972 945
4 669 646 955 966
4 645 954 646 973
4 953 955 954 977
4 965 973 966 977
4 955 966 646 973
4 955 977 966 973
4 955 954 977 973
4 955 646 954 973
4 930 948 947 933
4 944 947 952 978
4 953 952 948 979
4 937 933 978 979
4 948 947 933 978
4 948 933 979 978
4 948 979 952 978
4 948 952 947 978
4 715 971 962 938
4 413 974 971 980
4 965 962 974 981
4 937 980 938 981
4 971 962 938 981
4 971 938 980 981
4 971 980 974 981
4 971 974 962 981
4 413 976 972 982
4 645 972 945 954
4 944 945 976 952
4 953 982 954 952
4 982 976 972 945
4 982 952 976 945
4 982 954 952 945
4 982 972 954 945
4 413 980 976 982
4 944 976 978 952
4 937 978 980 979
4 953 982 952 979
4 982 980 976 978
4 982 979 980 978
4 982 952 979 978
4 982 976 952 978
4 413 974 980 982
4 937 980 981 979
4 965 981 974 977
4 953 982 979 977
4 982 974 980 981
4 982 977 974 981
4 982 979 977 981
4 982 980 979 981
4 413 972 974 982
4 965 974 973 977
4 645 973 972 954
4 953 982 977 954
4 982 972 974 973
4 982 954 972 973
4 982 977 954 973
4 982 974 977 973
4 376 407 942 970
4 944 942 983 976
4 406 983 407 411
4 413 970 976 411
4 970 407 942 983
4 970 411 407 983
4 970 976 411 983
4 970 942 976 983
4 930 947 932 933
4 944 984 947 978
4 928 932 984 936
4 937 978 933 936
4 932 933 947 978
4 932 936 933 978
4 932 984 936 978
4 932 947 984 978
4 359 926 405 393
4 406 405 985 409
4 928 985 926 929
4 395 393 409 929
4 926 405 393 409
4 926 393 929 409
4 926 929 985 409
4 926 985 405 409
4 715 971 938 717
4 413 980 971 415
4 937 938 980 940
4 395 415 717 940
4 971 938 717 940
4 971 717 415 940
4 971 415 980 940
4 971 980 938 940
4 413 411 976 986
4 944 976 983 984
4 406 983 411 985
4 928 986 984 985
4 986 411 976 983
4 986 985 411 983
4 986 984 985 983
4 986 976 984 983
4 413 415 411 986
4 406 411 409 985
4 395 409 415 929
4 928 986 985 929
4 986 415 411 409
4 986 929 415 409
4 986 985 929 409
4 986 411 985 409
4 413 980 415 986
4 395 415 940 929
4 937 940 980 936
4 928 986 929 936
4 986 980 415 940
4 986 936 980 940
4 986 929 936 940
4 986 415 929 940
4 413 976 980 986
4 937 980 978 936
4 944 978 976 984
4 928 986 936 984
4 986 976 980 978
4 986 984 976 978
4 986 936 984 978
4 986 980 936 978
4 559 808 987 922
4 809 988 808 989
4 924 989 922 990
4 987 922 808 989
4 987 990 922 989
4 987 988 990 989
4 987 808 988 989
4 787 991 812 992
4 809 812 993 994
4 995 992 994 996
4 992 991 812 993
4 992 996 991 993
4 992 994 996 993
4 992 812 994 993
4 930 997 931 998
4 924 931 999 1000
4 995 999 997 1001
4 1002 998 1000 1001
4 997 931 998 1000
4 997 998 1001 1000
4 997 1001 999 1000
4 997 999 931 1000
4 809 988 989 994
4 924 989 990 999
4 995 1003 994 999
4 1003 990 988 989
4 1003 999 990 989
4 1003 994 999 989
4 1003 988 994 989
4 924 990 1000 999
4 1002 1000 1004 1001
4 995 1003 999 1001
4 1003 1004 990 1000
4 1003 1001 1004 1000
4 1003 999 1001 1000
4 1003 990 999 1000
4 1002 1004 1005 1001
4 995 1003 1001 996
4 1003 1001 996 1005
4 1003 1004 1001 1005
4 809 993 988 994
4 995 1003 996 994
4 1003 994 988 993
4 1003 996 994 993
4 930 946 1006 1007
4 949 1008 946 1009
4 1010 1006 1008 1011
4 1007 946 1006 1008
4 1007 1006 1011 1008
4 1007 1011 1009 1008
4 1007 1009 946 1008
4 1010 1008 1012 1011
4 949 1013 1008 1009
4 930 1007 1006 998
4 1010 1006 1011 1014
4 1002 998 1014 1015
4 1007 1006 998 1014
4 1007 998 1015 1014
4 1007 1015 1011 1014
4 1007 1011 1006 1014
4 1010 1016 1014 1011
4 1002 1014 1017 1015
4 1010 1018 1019 1016
4 1020 1019 1021 1022
4 930 1006 997 998
4 1010 1023 1006 1014
4 995 997 1023 1001
4 1002 1014 998 1001
4 997 998 1006 1014
4 997 1001 998 1014
4 997 1023 1001 1014
4 997 1006 1023 1014
4 787 992 1024 991
4 1020 1024 1025 1026
4 995 1025 992 996
4 992 1024 991 1026
4 992 991 996 1026
4 992 996 1025 1026
4 992 1025 1024 1026
4 1010 1016 1019 1023
4 1020 1019 1022 1025
4 995 1027 1023 1025
4 1027 1022 1016 1019
4 1027 1025 1022 1019
4 1027 1023 1025 1019
4 1027 1016 1023 1019
4 1020 1022 1026 1025
4 995 1027 1025 996
4 1027 1025 996 1026
4 1027 1022 1025 1026
4 1002 1005 1017 1001
4 995 1027 996 1001
4 1027 1001 1017 1005
4 1027 996 1001 1005
4 1002 1017 1014 1001
4 1010 1014 1016 1023
4 995 1027 1001 1023
4 1027 1016 1017 1014
4 1027 1023 1016 1014
4 1027 1001 1023 1014
4 1027 1017 1001 1014
4 791 796 797 1028
4 1029 1031 1030 1028
4 796 1028 1030 1031
4 796 797 1028 1031
4 787 789 788 1024
4 791 792 789 1032
4 1020 1024 1033 1032
4 789 788 1024 1033
4 789 1024 1032 1033
4 789 1032 792 1033
4 789 792 788 1033
4 1020 1034 1021 1035
4 791 1036 797 792
4 1020 1033 1034 1032
4 791 1036 792 1032
4 1036 1032 1034 1033
4 1036 792 1032 1033
4 1020 1034 1035 1032
4 791 1036 1032 1028
4 1036 1032 1028 1035
4 1036 1034 1032 1035
4 791 1036 1028 797
4 1036 1028 797 1031
4 743 827 744 656
4 828 829 827 1037
4 748 744 829 960
4 655 1037 656 960
4 744 656 827 1037
4 744 960 656 1037
4 744 829 960 1037
4 744 827 829 1037
4 831 833 832 1038
4 828 832 835 1039
4 837 835 833 1040
4 1041 1038 1039 1040
4 1038 833 832 835
4 1038 1040 833 835
4 1038 1039 1040 835
4 1038 832 1039 835
4 715 756 840 962
4 748 841 756 963
4 837 840 841 1042
4 965 963 962 1042
4 756 840 962 1042
4 756 962 963 1042
4 756 963 841 1042
4 756 841 840 1042
4 669 1043 670 966
4 655 670 1044 967
4 1041 1044 1043 1045
4 965 966 967 1045
4 1043 670 966 967
4 1043 966 1045 967
4 1043 1045 1044 967
4 1043 1044 670 967
4 748 960 829 1046
4 828 829 1037 1039
4 655 1037 960 1044
4 1041 1046 1039 1044
4 1046 960 829 1037
4 1046 1044 960 1037
4 1046 1039 1044 1037
4 1046 829 1039 1037
4 748 963 960 1046
4 655 960 967 1044
4 965 967 963 1045
4 1041 1046 1044 1045
4 1046 963 960 967
4 1046 1045 963 967
4 1046 1044 1045 967
4 1046 960 1044 967
4 748 841 963 1046
4 965 963 1042 1045
4 837 1042 841 1040
4 1041 1046 1045 1040
4 1046 841 963 1042
4 1046 1040 841 1042
4 1046 1045 1040 1042
4 1046 963 1045 1042
4 748 829 841 1046
4 837 841 835 1040
4 828 835 829 1039
4 1041 1046 1040 1039
4 1046 829 841 835
4 1046 1039 829 835
4 1046 1040 1039 835
4 1046 841 1040 835
4 559 705 808 922
4 809 808 810 989
4 708 810 705 925
4 924 922 989 925
4 705 808 922 989
4 705 922 925 989
4 705 925 810 989
4 705 810 808 989
4 787 812 813 992
4 809 815 812 994
4 817 813 815 1047
4 995 994 992 1047
4 992 812 813 815
4 992 813 1047 815
4 992 1047 994 815
4 992 994 812 815
4 715 820 716 938
4 708 716 821 939
4 817 821 820 1048
4 937 938 939 1048
4 716 938 820 1048
4 716 939 938 1048
4 716 821 939 1048
4 716 820 821 1048
4 930 931 997 933
4 924 999 931 935
4 995 997 999 1049
4 937 935 933 1049
4 997 933 931 935
4 997 1049 933 935
4 997 999 1049 935
4 997 931 999 935
4 708 810 925 1050
4 809 989 810 994
4 924 925 989 999
4 995 994 1050 999
4 1050 810 925 989
4 1050 925 999 989
4 1050 999 994 989
4 1050 994 810 989
4 708 925 939 1050
4 924 935 925 999
4 937 939 935 1049
4 995 999 1050 1049
4 1050 925 939 935
4 1050 939 1049 935
4 1050 1049 999 935
4 1050 999 925 935
4 708 939 821 1050
4 937 1048 939 1049
4 817 821 1048 1047
4 995 1049 1050 1047
4 1050 939 821 1048
4 1050 821 1047 1048
4 1050 1047 1049 1048
4 1050 1049 939 1048
4 708 821 810 1050
4 817 815 821 1047
4 809 810 815 994
4 995 1047 1050 994
4 1050 821 810 815
4 1050 810 994 815
4 1050 994 1047 815
4 1050 1047 821 815
4 1010 1018 1012 1051
4 953 956 955 1052
4 930 1006 946 948
4 949 946 1008 951
4 1010 1008 1006 1053
4 953 948 951 1053
4 948 1006 946 1008
4 948 1053 1006 1008
4 948 951 1053 1008
4 948 946 951 1008
4 949 1013 959 951
4 953 956 1054 951
4 1054 1013 951 959
4 1054 951 956 959
4 949 1008 1013 951
4 1010 1012 1008 1053
4 953 951 1054 1053
4 1054 1013 1012 1008
4 1054 1012 1053 1008
4 1054 1053 951 1008
4 1054 951 1013 1008
4 1010 1051 1012 1053
4 953 1053 1054 1052
4 1054 1052 1053 1051
4 1054 1053 1012 1051
4 953 1052 1054 956
4 1029 1055 1035 1056
4 1020 1035 1021 1057
4 1058 1059 1056 1057
4 1059 1021 1055 1035
4 1059 1057 1021 1035
4 1059 1056 1057 1035
4 1059 1055 1056 1035
4 831 1030 796 833
4 1029 1028 1030 1060
4 791 796 1028 870
4 837 1060 833 870
4 796 833 1030 1060
4 796 870 833 1060
4 796 1028 870 1060
4 796 1030 1028 1060
4 787 789 1024 813
4 1020 1024 1032 1061
4 791 1032 789 868
4 817 813 1061 868
4 789 1024 813 1061
4 789 813 868 1061
4 789 868 1032 1061
4 789 1032 1024 1061
4 715 1062 840 820
4 1058 1063 1062 1064
4 837 840 1063 874
4 817 1064 820 874
4 1062 840 820 874
4 1062 820 1064 874
4 1062 1064 1063 874
4 1062 1063 840 874
4 1058 1057 1056 1065
4 1029 1056 1035 1028
4 1020 1035 1057 1032
4 791 1065 1028 1032
4 1065 1057 1056 1035
4 1065 1032 1057 1035
4 1065 1028 1032 1035
4 1065 1056 1028 1035
4 1058 1064 1057 1065
4 1020 1057 1061 1032
4 817 1061 1064 868
4 791 1065 1032 868
4 1065 1064 1057 1061
4 1065 868 1064 1061
4 1065 1032 868 1061
4 1065 1057 1032 1061
4 1058 1063 1064 1065
4 817 1064 874 868
4 837 874 1063 870
4 791 1065 868 870
4 1065 1063 1064 874
4 1065 870 1063 874
4 1065 868 870 874
4 1065 1064 868 874
4 1058 1056 1063 1065
4 837 1063 1060 870
4 1029 1060 1056 1028
4 791 1065 870 1028
4 1065 1056 1063 1060
4 1065 1028 1056 1060
4 1065 870 1028 1060
4 1065 1063 870 1060
4 1020 1021 1019 1057
4 1010 1019 1018 1066
4 1058 1059 1057 1066
4 1059 1018 1021 1019
4 1059 1066 1018 1019
4 1059 1057 1066 1019
4 1059 1021 1057 1019
4 787 1024 992 813
4 1020 1025 1024 1061
4 995 992 1025 1047
4 817 1061 813 1047
4 992 813 1024 1061
4 992 1047 813 1061
4 992 1025 1047 1061
4 992 1024 1025 1061
4 930 997 1006 933
4 1010 1006 1023 1067
4 995 1023 997 1049
4 937 933 1067 1049
4 997 1006 933 1067
4 997 933 1049 1067
4 997 1049 1023 1067
4 997 1023 1006 1067
4 715 1062 820 938
4 1058 1064 1062 1068
4 817 820 1064 1048
4 937 1068 938 1048
4 1062 820 938 1048
4 1062 938 1068 1048
4 1062 1068 1064 1048
4 1062 1064 820 1048
4 1058 1066 1057 1069
4 1020 1057 1019 1025
4 1010 1019 1066 1023
4 995 1069 1025 1023
4 1069 1066 1057 1019
4 1069 1023 1066 1019
4 1069 1025 1023 1019
4 1069 1057 1025 1019
4 1058 1068 1066 1069
4 1010 1066 1067 1023
4 937 1067 1068 1049
4 995 1069 1023 1049
4 1069 1068 1066 1067
4 1069 1049 1068 1067
4 1069 1023 1049 1067
4 1069 1066 1023 1067
4 1058 1064 1068 1069
4 937 1068 1048 1049
4 817 1048 1064 1047
4 995 1069 1049 1047
4 1069 1064 1068 1048
4 1069 1047 1064 1048
4 1069 1049 1047 1048
4 1069 1068 1049 1048
4 1058 1057 1064 1069
4 817 1064 1061 1047
4 1020 1061 1057 1025
4 995 1069 1047 1025
4 1069 1057 1064 1061
4 1069 1025 1057 1061
4 1069 1047 1025 1061
4 1069 1064 1047 1061
4 1010 1018 1051 1066
4 1070 1051 1071 1072
4 1058 1059 1066 1072
4 1059 1071 1018 1051
4 1059 1072 1071 1051
4 1059 1066 1072 1051
4 1059 1018 1066 1051
4 930 1006 948 933
4 1010 1053 1006 1067
4 953 948 1053 979
4 937 1067 933 979
4 948 933 1006 1067
4 948 979 933 1067
4 948 1053 979 1067
4 948 1006 1053 1067
4 669 955 1073 966
4 1070 1073 1052 1074
4 953 1052 955 977
4 965 966 1074 977
4 955 1073 966 1074
4 955 966 977 1074
4 955 977 1052 1074
4 955 1052 1073 1074
4 715 1062 938 962
4 1058 1068 1062 1075
4 937 938 1068 981
4 965 1075 962 981
4 1062 938 962 981
4 1062 962 1075 981
4 1062 1075 1068 981
4 1062 1068 938 981
4 1058 1072 1066 1076
4 1010 1066 1051 1053
4 1070 1051 1072 1052
4 953 1076 1053 1052
4 1076 1072 1066 1051
4 1076 1052 1072 1051
4 1076 1053 1052 1051
4 1076 1066 1053 1051
4 1058 1075 1072 1076
4 1070 1072 1074 1052
4 965 1074 1075 977
4 953 1076 1052 977
4 1076 1075 1072 1074
4 1076 977 1075 1074
4 1076 1052 977 1074
4 1076 1072 1052 1074
4 1058 1068 1075 1076
4 965 1075 981 977
4 937 981 1068 979
4 953 1076 977 979
4 1076 1068 1075 981
4 1076 979 1068 981
4 1076 977 979 981
4 1076 1075 977 981
4 1058 1066 1068 1076
4 937 1068 1067 979
4 1010 1067 1066 1053
4 953 1076 979 1053
4 1076 1066 1068 1067
4 1076 1053 1066 1067
4 1076 979 1053 1067
4 1076 1068 979 1067
4 1070 1071 1077 1072
4 1029 1077 1055 1056
4 1058 1059 1072 1056
4 1059 1055 1071 1077
4 1059 1056 1055 1077
4 1059 1072 1056 1077
4 1059 1071 1072 1077
4 669 1073 1043 966
4 1070 1078 1073 1074
4 1041 1043 1078 1045
4 965 1074 966 1045
4 1043 966 1073 1074
4 1043 1045 966 1074
4 1043 1078 1045 1074
4 1043 1073 1078 1074
4 831 1038 1030 833
4 1029 1030 1079 1060
4 1041 1079 1038 1040
4 837 833 1060 1040
4 1038 1030 833 1060
4 1038 833 1040 1060
4 1038 1040 1079 1060
4 1038 1079 1030 1060
4 715 1062 962 840
4 1058 1075 1062 1063
4 965 962 1075 1042
4 837 1063 840 1042
4 1062 962 840 1042
4 1062 840 1063 1042
4 1062 1063 1075 1042
4 1062 1075 962 1042
4 1058 1056 1072 1080
4 1070 1072 1077 1078
4 1029 1077 1056 1079
4 1041 1080 1078 1079
4 1080 1056 1072 1077
4 1080 1079 1056 1077
4 1080 1078 1079 1077
4 1080 1072 1078 1077
4 1058 1063 1056 1080
4 1029 1056 1060 1079
4 837 1060 1063 1040
4 1041 1080 1079 1040
4 1080 1063 1056 1060
4 1080 1040 1063 1060
4 1080 1079 1040 1060
4 1080 1056 1079 1060
4 1058 1075 1063 1080
4 837 1063 1042 1040
4 965 1042 1075 1045
4 1041 1080 1040 1045
4 1080 1075 1063 1042
4 1080 1045 1075 1042
4 1080 1040 1045 1042
4 1080 1063 1040 1042
4 1058 1072 1075 1080
4 965 1075 1074 1045
4 1070 1074 1072 1078
4 1041 1080 1045 1078
4 1080 1072 1075 1074
4 1080 1078 1072 1074
4 1080 1045 1078 1074
4 1080 1075 1045 1074
4 552 555 553 1081
4 354 553 370 426
4 367 370 555 1082
4 424 1081 426 1082
4 553 1081 555 1082
4 553 426 1081 1082
4 553 370 426 1082
4 553 555 370 1082
4 354 426 370 425
4 424 1082 426 423
4 367 370 1082 418
4 419 423 425 418
4 425 426 370 1082
4 425 370 418 1082
4 425 418 423 1082
4 425 423 426 1082
4 552 556 558 1083
4 556 558 1083 1084
4 365 588 587 1085
4 590 587 591 1086
4 593 591 588 1087
4 1088 1085 1086 1087
4 588 587 1085 1086
4 588 1085 1087 1086
4 588 1087 591 1086
4 588 591 587 1086
4 1088 1090 1089 1091
4 1088 1090 1091 1087
4 1088 1086 1090 1087
4 590 1092 1086 591
4 593 1087 1093 591
4 1093 1090 1092 1086
4 1093 1092 591 1086
4 1093 591 1087 1086
4 1093 1087 1090 1086
4 422 1094 1095 1096
4 1097 1098 1094 1099
4 1100 1095 1098 1101
4 1102 1099 1096 1101
4 1095 1096 1094 1099
4 1095 1101 1096 1099
4 1095 1098 1101 1099
4 1095 1094 1098 1099
4 1102 1103 1104 1105
4 1102 1105 1104 1101
4 1102 1104 1099 1101
4 1097 1099 1106 1098
4 1100 1107 1101 1098
4 1107 1106 1104 1099
4 1107 1098 1106 1099
4 1107 1101 1098 1099
4 1107 1104 1101 1099
4 552 555 1081 1108
4 367 1082 555 1109
4 424 1081 1082 1110
4 1111 1109 1108 1110
4 1108 555 1081 1082
4 1108 1081 1110 1082
4 1108 1110 1109 1082
4 1108 1109 555 1082
4 365 417 363 1085
4 367 363 418 1112
4 419 418 417 1113
4 1088 1085 1112 1113
4 417 363 1085 1112
4 417 1085 1113 1112
4 417 1113 418 1112
4 417 418 363 1112
4 422 420 421 1096
4 424 423 420 1114
4 419 421 423 1115
4 1102 1114 1096 1115
4 421 1096 420 1114
4 421 1115 1096 1114
4 421 423 1115 1114
4 421 420 423 1114
4 1111 1116 1117 1118
4 1088 1117 1089 1119
4 1102 1103 1118 1119
4 1116 1103 1089 1119
4 1116 1118 1103 1119
4 1116 1117 1118 1119
4 1116 1089 1117 1119
4 1111 1109 1110 1120
4 367 1082 1109 418
4 424 1110 1082 423
4 419 418 1120 423
4 1120 1109 1110 1082
4 1120 1110 423 1082
4 1120 423 418 1082
4 1120 418 1109 1082
4 1111 1110 1118 1120
4 424 1114 1110 423
4 1102 1118 1114 1115
4 419 423 1120 1115
4 1110 1118 1120 1115
4 1110 1120 423 1115
4 1110 423 1114 1115
4 1110 1114 1118 1115
4 1111 1118 1117 1120
4 1102 1119 1118 1115
4 1088 1117 1119 1113
4 419 1115 1120 1113
4 1120 1118 1117 1119
4 1120 1117 1113 1119
4 1120 1113 1115 1119
4 1120 1115 1118 1119
4 1111 1117 1109 1120
4 1088 1112 1117 1113
4 367 1109 1112 418
4 419 1113 1120 418
4 1109 1120 1117 1113
4 1109 418 1120 1113
4 1109 1112 418 1113
4 1109 1117 1112 1113
4 552 1081 1083 1108
4 424 1121 1081 1110
4 1111 1110 1108 1122
4 1083 1108 1081 1110
4 1083 1122 1108 1110
4 1083 1121 1122 1110
4 1083 1081 1121 1110
4 422 1095 420 1096
4 424 420 1123 1114
4 1100 1123 1095 1101
4 1102 1096 1114 1101
4 1096 1095 420 1123
4 1096 1101 1095 1123
4 1096 1114 1101 1123
4 1096 420 1114 1123
4 1111 1116 1118 1124
4 1102 1118 1103 1105
4 1103 1105 1118 1124
4 1103 1118 1116 1124
4 424 1121 1110 1114
4 1111 1110 1122 1118
4 1102 1125 1114 1118
4 1125 1122 1121 1110
4 1125 1118 1122 1110
4 1125 1114 1118 1110
4 1125 1121 1114 1110
4 1111 1122 1124 1118
4 1102 1125 1118 1105
4 1125 1118 1105 1124
4 1125 1122 1118 1124
4 1102 1125 1105 1101
4 1100 1126 1123 1101
4 424 1123 1121 1114
4 1102 1125 1101 1114
4 1125 1121 1126 1123
4 1125 1114 1121 1123
4 1125 1101 1114 1123
4 1125 1126 1101 1123
4 552 1083 558 1108
4 1111 1122 1108 1127
4 1108 1083 558 1084
4 1108 558 1127 1084
4 1108 1127 1122 1084
4 1108 1122 1083 1084
4 1111 1116 1124 1128
4 552 558 555 1108
4 367 555 626 1109
4 1111 1127 1108 1109
4 558 555 1108 1109
4 558 1108 1127 1109
4 558 1127 626 1109
4 558 626 555 1109
4 365 363 588 1085
4 367 625 363 1112
4 593 588 625 1087
4 1088 1112 1085 1087
4 1085 363 588 625
4 1085 588 1087 625
4 1085 1087 1112 625
4 1085 1112 363 625
4 1111 1116 1128 1117
4 1088 1089 1117 1091
4 1089 1117 1091 1128
4 1089 1116 1117 1128
4 367 1109 626 1112
4 1111 1127 1109 1117
4 1088 1112 1129 1117
4 1129 626 1127 1109
4 1129 1127 1117 1109
4 1129 1117 1112 1109
4 1129 1112 626 1109
4 1111 1128 1127 1117
4 1088 1117 1129 1091
4 1129 1091 1117 1128
4 1129 1117 1127 1128
4 1088 1091 1129 1087
4 593 625 629 1087
4 367 626 625 1112
4 1088 1087 1129 1112
4 1129 629 626 625
4 1129 626 1112 625
4 1129 1112 1087 625
4 1129 1087 629 625
4 630 631 633 1130
4 371 385 631 437
4 384 633 385 1131
4 435 437 1130 1131
4 631 633 1130 1131
4 631 1130 437 1131
4 631 437 385 1131
4 631 385 633 1131
4 371 385 437 436
4 435 437 1131 434
4 384 1131 385 429
4 430 436 434 429
4 436 385 437 1131
4 436 429 385 1131
4 436 434 429 1131
4 436 437 434 1131
4 630 636 634 1132
4 634 1132 636 1133
4 651 652 653 1134
4 1135 1136 1134 1137
4 1136 1134 1137 653
4 1136 652 1134 653
4 382 658 659 1138
4 651 661 658 1139
4 663 659 661 1140
4 1141 1139 1138 1140
4 659 1138 658 1139
4 659 1140 1138 1139
4 659 661 1140 1139
4 659 658 661 1139
4 663 667 666 1142
4 666 1142 667 1143
4 1144 1145 1146 1147
4 1135 1148 1145 1149
4 1141 1146 1148 1150
4 1151 1149 1147 1150
4 1145 1146 1147 1150
4 1145 1147 1149 1150
4 1145 1149 1148 1150
4 1145 1148 1146 1150
4 1135 1137 1134 1152
4 651 1134 653 661
4 663 1152 661 667
4 1137 1134 1152 661
4 1137 1152 667 661
4 1137 667 653 661
4 1137 653 1134 661
4 1135 1149 1137 1152
4 1151 1143 1149 1142
4 663 1152 667 1142
4 1152 1149 1137 1143
4 1152 1142 1149 1143
4 1152 667 1142 1143
4 1152 1137 667 1143
4 1135 1148 1149 1152
4 1151 1149 1150 1142
4 1141 1150 1148 1140
4 663 1152 1142 1140
4 1149 1152 1148 1140
4 1149 1142 1152 1140
4 1149 1150 1142 1140
4 1149 1148 1150 1140
4 1135 1134 1148 1152
4 1141 1148 1139 1140
4 651 1139 1134 661
4 663 1152 1140 661
4 1152 1134 1148 1139
4 1152 661 1134 1139
4 1152 1140 661 1139
4 1152 1148 1140 1139
4 1153 1155 1154 1156
4 1157 1156 1158 1159
4 1158 1159 1156 1155
4 1158 1156 1154 1155
4 433 1161 1160 1162
4 1153 1160 1163 1164
4 1165 1163 1161 1166
4 1167 1162 1164 1166
4 1161 1160 1162 1164
4 1161 1162 1166 1164
4 1161 1166 1163 1164
4 1161 1163 1160 1164
4 1144 1169 1168 1170
4 1157 1168 1171 1172
4 1167 1171 1169 1173
4 1174 1170 1172 1173
4 1168 1170 1169 1173
4 1168 1172 1170 1173
4 1168 1171 1172 1173
4 1168 1169 1171 1173
4 1157 1156 1159 1175
4 1153 1155 1156 1163
4 1165 1163 1175 1176
4 1159 1175 1156 1163
4 1159 1176 1175 1163
4 1159 1155 1176 1163
4 1159 1156 1155 1163
4 1157 1159 1172 1175
4 1165 1176 1175 1177
4 1157 1172 1171 1175
4 1174 1173 1172 1177
4 1167 1171 1173 1166
4 1165 1177 1175 1166
4 1172 1171 1175 1166
4 1172 1175 1177 1166
4 1172 1177 1173 1166
4 1172 1173 1171 1166
4 1157 1171 1156 1175
4 1167 1164 1171 1166
4 1153 1156 1164 1163
4 1165 1166 1175 1163
4 1175 1171 1156 1164
4 1175 1156 1163 1164
4 1175 1163 1166 1164
4 1175 1166 1171 1164
4 630 1130 633 1178
4 384 633 1131 1179
4 435 1131 1130 1180
4 1181 1178 1179 1180
4 1178 1130 633 1131
4 1178 1180 1130 1131
4 1178 1179 1180 1131
4 1178 633 1179 1131
4 382 380 428 1138
4 384 429 380 1182
4 430 428 429 1183
4 1141 1182 1138 1183
4 428 1138 380 1182
4 428 1183 1138 1182
4 428 429 1183 1182
4 428 380 429 1182
4 433 432 431 1162
4 435 431 434 1184
4 430 434 432 1185
4 1167 1162 1184 1185
4 432 431 1162 1184
4 432 1162 1185 1184
4 432 1185 434 1184
4 432 434 431 1184
4 1144 1186 1146 1169
4 1181 1187 1186 1188
4 1141 1146 1187 1189
4 1167 1188 1169 1189
4 1186 1146 1169 1189
4 1186 1169 1188 1189
4 1186 1188 1187 1189
4 1186 1187 1146 1189
4 1181 1180 1179 1190
4 384 1179 1131 429
4 435 1131 1180 434
4 430 1190 429 434
4 1190 1180 1179 1131
4 1190 434 1180 1131
4 1190 429 434 1131
4 1190 1179 429 1131
4 1181 1188 1180 1190
4 435 1180 1184 434
4 1167 1184 1188 1185
4 430 1190 434 1185
4 1188 1180 1190 434
4 1188 1190 1185 434
4 1188 1185 1184 434
4 1188 1184 1180 434
4 1181 1187 1188 1190
4 1167 1188 1189 1185
4 1141 1189 1187 1183
4 430 1190 1185 1183
4 1190 1187 1188 1189
4 1190 1183 1187 1189
4 1190 1185 1183 1189
4 1190 1188 1185 1189
4 1181 1179 1187 1190
4 1141 1187 1182 1183
4 384 1182 1179 429
4 430 1190 1183 429
4 1187 1190 1179 429
4 1187 1183 1190 429
4 1187 1182 1183 429
4 1187 1179 1182 429
4 630 1132 1130 1178
4 435 1130 1191 1180
4 1192 1191 1132 1193
4 1181 1178 1180 1193
4 1130 1178 1132 1193
4 1130 1180 1178 1193
4 1130 1191 1180 1193
4 1130 1132 1191 1193
4 433 431 1161 1162
4 435 1194 431 1184
4 1165 1161 1194 1166
4 1167 1184 1162 1166
4 431 1161 1162 1166
4 431 1162 1184 1166
4 431 1184 1194 1166
4 431 1194 1161 1166
4 1144 1186 1169 1170
4 1181 1188 1186 1195
4 1167 1169 1188 1173
4 1174 1195 1170 1173
4 1170 1186 1169 1188
4 1170 1169 1173 1188
4 1170 1173 1195 1188
4 1170 1195 1186 1188
4 435 1180 1191 1196
4 1192 1191 1193 1197
4 1181 1193 1180 1195
4 1174 1196 1197 1195
4 1196 1180 1191 1193
4 1196 1195 1180 1193
4 1196 1197 1195 1193
4 1196 1191 1197 1193
4 435 1184 1180 1196
4 1181 1180 1188 1195
4 1167 1188 1184 1173
4 1174 1196 1195 1173
4 1196 1184 1180 1188
4 1196 1173 1184 1188
4 1196 1195 1173 1188
4 1196 1180 1195 1188
4 435 1194 1184 1196
4 1167 1184 1166 1173
4 1165 1166 1194 1177
4 1174 1196 1173 1177
4 1196 1194 1184 1166
4 1196 1177 1194 1166
4 1196 1173 1177 1166
4 1196 1184 1173 1166
4 435 1191 1194 1196
4 1165 1194 1198 1177
4 1192 1198 1191 1197
4 1174 1196 1177 1197
4 1196 1191 1194 1198
4 1196 1197 1191 1198
4 1196 1177 1197 1198
4 1196 1194 1177 1198
4 630 636 1132 1178
4 1192 1132 1133 1193
4 683 1133 636 1199
4 1181 1178 1193 1199
4 1178 636 1132 1133
4 1178 1199 636 1133
4 1178 1193 1199 1133
4 1178 1132 1193 1133
4 1144 1186 1170 1147
4 1181 1195 1186 1200
4 1174 1170 1195 1201
4 1151 1200 1147 1201
4 1186 1170 1147 1201
4 1186 1147 1200 1201
4 1186 1200 1195 1201
4 1186 1195 1170 1201
4 1181 1199 1193 1202
4 1202 1199 1193 1133
4 1181 1200 1199 1202
4 1181 1195 1200 1202
4 1202 1195 1200 1201
4 1181 1193 1195 1202
4 630 633 636 1178
4 683 636 682 1199
4 384 682 633 1179
4 1181 1178 1199 1179
4 633 636 1178 1199
4 633 1178 1179 1199
4 633 1179 682 1199
4 633 682 636 1199
4 663 666 689 1142
4 382 659 380 1138
4 384 380 685 1182
4 663 685 659 1140
4 1141 1138 1182 1140
4 380 1138 659 1140
4 380 1182 1138 1140
4 380 685 1182 1140
4 380 659 685 1140
4 1144 1186 1147 1146
4 1181 1200 1186 1187
4 1151 1147 1200 1150
4 1141 1187 1146 1150
4 1147 1146 1186 1187
4 1147 1150 1146 1187
4 1147 1200 1150 1187
4 1147 1186 1200 1187
4 384 682 1179 1203
4 683 1199 682 1204
4 1181 1179 1199 1200
4 1151 1204 1203 1200
4 1203 682 1179 1199
4 1203 1179 1200 1199
4 1203 1200 1204 1199
4 1203 1204 682 1199
4 384 1179 1182 1203
4 1181 1187 1179 1200
4 1141 1182 1187 1150
4 1151 1200 1203 1150
4 1203 1179 1182 1187
4 1203 1182 1150 1187
4 1203 1150 1200 1187
4 1203 1200 1179 1187
4 384 1182 685 1203
4 1141 1140 1182 1150
4 663 685 1140 1142
4 1151 1150 1203 1142
4 1203 1182 685 1140
4 1203 685 1142 1140
4 1203 1142 1150 1140
4 1203 1150 1182 1140
4 384 685 682 1203
4 663 689 685 1142
4 683 682 689 1204
4 1151 1142 1203 1204
4 1203 685 682 689
4 1203 682 1204 689
4 1203 1204 1142 689
4 1203 1142 685 689
4 1157 1159 1158 1205
4 1144 1170 1168 1206
4 1157 1168 1172 1207
4 1174 1172 1170 1208
4 1168 1206 1170 1208
4 1168 1207 1206 1208
4 1168 1172 1207 1208
4 1168 1170 1172 1208
4 1135 1136 1137 1209
4 1144 1145 1147 1210
4 1135 1149 1145 1211
4 1151 1147 1149 1212
4 1145 1147 1210 1212
4 1145 1210 1211 1212
4 1145 1211 1149 1212
4 1145 1149 1147 1212
4 1144 1170 1213 1147
4 1213 1147 1170 1201
4 1144 1147 1213 1210
4 1144 1210 1213 1206
4 1144 1206 1213 1170
4 365 1085 587 1214
4 590 587 1086 1215
4 1088 1086 1085 1216
4 1217 1214 1215 1216
4 1214 1085 587 1086
4 1214 1216 1085 1086
4 1214 1215 1216 1086
4 1214 587 1215 1086
4 1088 1089 1090 1218
4 1217 1220 1219 1221
4 1222 1223 1224 1221
4 1219 1223 1221 1224
4 1219 1221 1220 1224
4 590 1092 1225 1215
4 1217 1226 1215 1220
4 1092 1215 1226 1220
4 1092 1225 1215 1220
4 1217 1226 1220 1221
4 1226 1220 1221 1224
4 1088 1218 1090 1216
4 1217 1226 1221 1216
4 1090 1226 1216 1221
4 1090 1216 1218 1221
4 1088 1090 1086 1216
4 590 1086 1092 1215
4 1217 1226 1216 1215
4 1226 1092 1090 1086
4 1226 1215 1092 1086
4 1226 1216 1215 1086
4 1226 1090 1216 1086
4 422 1094 1096 1227
4 1097 1099 1094 1228
4 1102 1096 1099 1229
4 1230 1228 1227 1229
4 1227 1094 1096 1099
4 1227 1096 1229 1099
4 1227 1229 1228 1099
4 1227 1228 1094 1099
4 1102 1104 1103 1231
4 1232 1233 1234 1231
4 1230 1235 1236 1237
4 1232 1239 1238 1237
4 1235 1237 1238 1239
4 1235 1236 1237 1239
4 1097 1240 1106 1228
4 1230 1228 1241 1236
4 1106 1241 1228 1236
4 1106 1228 1240 1236
4 1232 1234 1239 1237
4 1230 1236 1241 1237
4 1241 1234 1237 1239
4 1241 1237 1236 1239
4 1232 1231 1234 1237
4 1102 1104 1231 1229
4 1230 1237 1241 1229
4 1104 1241 1234 1237
4 1104 1229 1241 1237
4 1104 1231 1229 1237
4 1104 1234 1231 1237
4 1102 1099 1104 1229
4 1097 1106 1099 1228
4 1230 1229 1241 1228
4 1241 1104 1106 1099
4 1241 1106 1228 1099
4 1241 1228 1229 1099
4 1241 1229 1104 1099
4 1242 1243 1244 1245
4 1246 1247 1243 1248
4 1249 1244 1247 1250
4 1251 1248 1245 1250
4 1243 1244 1245 1250
4 1243 1245 1248 1250
4 1243 1248 1247 1250
4 1243 1247 1244 1250
4 447 1253 1252 1254
4 1246 1252 1255 1256
4 1257 1255 1253 1258
4 1259 1254 1256 1258
4 1252 1254 1253 1258
4 1252 1256 1254 1258
4 1252 1255 1256 1258
4 1252 1253 1255 1258
4 1260 1261 1262 1263
4 1249 1264 1261 1265
4 1257 1262 1264 1266
4 1267 1265 1263 1266
4 1263 1261 1262 1264
4 1263 1262 1266 1264
4 1263 1266 1265 1264
4 1263 1265 1261 1264
4 1268 1270 1269 1271
4 1251 1269 1272 1273
4 1259 1272 1270 1274
4 1267 1271 1273 1274
4 1271 1270 1269 1272
4 1271 1274 1270 1272
4 1271 1273 1274 1272
4 1271 1269 1273 1272
4 1246 1247 1248 1275
4 1249 1250 1247 1265
4 1251 1248 1250 1273
4 1267 1265 1275 1273
4 1275 1247 1248 1250
4 1275 1248 1273 1250
4 1275 1273 1265 1250
4 1275 1265 1247 1250
4 1246 1248 1256 1275
4 1251 1272 1248 1273
4 1259 1256 1272 1274
4 1267 1273 1275 1274
4 1248 1256 1275 1274
4 1248 1275 1273 1274
4 1248 1273 1272 1274
4 1248 1272 1256 1274
4 1246 1256 1255 1275
4 1259 1258 1256 1274
4 1257 1255 1258 1266
4 1267 1274 1275 1266
4 1275 1256 1255 1258
4 1275 1255 1266 1258
4 1275 1266 1274 1258
4 1275 1274 1256 1258
4 1246 1255 1247 1275
4 1257 1264 1255 1266
4 1249 1247 1264 1265
4 1267 1266 1275 1265
4 1247 1275 1255 1266
4 1247 1265 1275 1266
4 1247 1264 1265 1266
4 1247 1255 1264 1266
4 447 446 445 1276
4 441 445 448 1277
4 444 448 446 1278
4 1279 1276 1277 1278
4 1276 446 445 448
4 1276 1278 446 448
4 1276 1277 1278 448
4 1276 445 1277 448
4 365 439 417 1085
4 441 440 439 1280
4 419 417 440 1113
4 1088 1280 1085 1113
4 417 1085 439 1280
4 417 1113 1085 1280
4 417 440 1113 1280
4 417 439 440 1280
4 422 421 442 1096
4 444 442 443 1281
4 419 443 421 1115
4 1102 1096 1281 1115
4 421 442 1096 1281
4 421 1096 1115 1281
4 421 1115 443 1281
4 421 443 442 1281
4 1279 1283 1282 1284
4 1088 1089 1283 1119
4 1102 1284 1103 1119
4 1282 1089 1103 1119
4 1282 1103 1284 1119
4 1282 1284 1283 1119
4 1282 1283 1089 1119
4 1279 1278 1277 1285
4 441 1277 448 440
4 444 448 1278 443
4 419 1285 440 443
4 1285 1278 1277 448
4 1285 443 1278 448
4 1285 440 443 448
4 1285 1277 440 448
4 1279 1284 1278 1285
4 444 1278 1281 443
4 1102 1281 1284 1115
4 419 1285 443 1115
4 1278 1285 1284 1115
4 1278 443 1285 1115
4 1278 1281 443 1115
4 1278 1284 1281 1115
4 1279 1283 1284 1285
4 1102 1284 1119 1115
4 1088 1119 1283 1113
4 419 1285 1115 1113
4 1285 1283 1284 1119
4 1285 1113 1283 1119
4 1285 1115 1113 1119
4 1285 1284 1115 1119
4 1279 1277 1283 1285
4 1088 1283 1280 1113
4 441 1280 1277 440
4 419 1285 1113 440
4 1277 1283 1285 1113
4 1277 1285 440 1113
4 1277 440 1280 1113
4 1277 1280 1283 1113
4 447 1254 446 1276
4 444 446 1286 1278
4 1259 1286 1254 1287
4 1279 1276 1278 1287
4 1254 446 1276 1278
4 1254 1276 1287 1278
4 1254 1287 1286 1278
4 1254 1286 446 1278
4 422 442 1227 1096
4 444 1288 442 1281
4 1230 1227 1288 1229
4 1102 1281 1096 1229
4 1096 442 1227 1288
4 1096 1227 1229 1288
4 1096 1229 1281 1288
4 1096 1281 442 1288
4 1268 1235 1270 1238
4 1259 1270 1289 1290
4 1230 1289 1235 1237
4 1232 1238 1290 1237
4 1270 1238 1235 1237
4 1270 1290 1238 1237
4 1270 1289 1290 1237
4 1270 1235 1289 1237
4 1279 1284 1282 1291
4 1102 1103 1284 1231
4 1232 1291 1233 1231
4 1103 1233 1282 1291
4 1103 1231 1233 1291
4 1103 1284 1231 1291
4 1103 1282 1284 1291
4 1259 1286 1287 1292
4 444 1278 1286 1281
4 1279 1287 1278 1284
4 1102 1281 1292 1284
4 1292 1286 1287 1278
4 1292 1287 1284 1278
4 1292 1284 1281 1278
4 1292 1281 1286 1278
4 1259 1287 1290 1292
4 1279 1291 1287 1284
4 1232 1290 1291 1231
4 1102 1284 1292 1231
4 1292 1287 1290 1291
4 1292 1290 1231 1291
4 1292 1231 1284 1291
4 1292 1284 1287 1291
4 1259 1290 1289 1292
4 1232 1237 1290 1231
4 1230 1289 1237 1229
4 1102 1231 1292 1229
4 1292 1290 1289 1237
4 1292 1289 1229 1237
4 1292 1229 1231 1237
4 1292 1231 1290 1237
4 1259 1289 1286 1292
4 1230 1288 1289 1229
4 444 1286 1288 1281
4 1102 1229 1292 1281
4 1292 1289 1286 1288
4 1292 1286 1281 1288
4 1292 1281 1229 1288
4 1292 1229 1289 1288
4 447 1253 1254 1276
4 1259 1254 1258 1287
4 1257 1258 1253 1293
4 1279 1276 1287 1293
4 1276 1253 1254 1258
4 1276 1293 1253 1258
4 1276 1287 1293 1258
4 1276 1254 1287 1258
4 1268 1270 1271 1238
4 1259 1274 1270 1290
4 1267 1271 1274 1294
4 1232 1290 1238 1294
4 1271 1238 1270 1290
4 1271 1294 1238 1290
4 1271 1274 1294 1290
4 1271 1270 1274 1290
4 1260 1263 1262 1223
4 1257 1262 1266 1295
4 1267 1266 1263 1296
4 1222 1223 1295 1296
4 1263 1262 1223 1295
4 1263 1223 1296 1295
4 1263 1296 1266 1295
4 1263 1266 1262 1295
4 1279 1291 1282 1297
4 1232 1233 1291 1298
4 1222 1297 1299 1298
4 1282 1233 1299 1298
4 1282 1299 1297 1298
4 1282 1297 1291 1298
4 1282 1291 1233 1298
4 1279 1293 1287 1300
4 1259 1287 1258 1274
4 1257 1258 1293 1266
4 1267 1300 1274 1266
4 1300 1293 1287 1258
4 1300 1266 1293 1258
4 1300 1274 1266 1258
4 1300 1287 1274 1258
4 1279 1297 1293 1300
4 1257 1293 1295 1266
4 1222 1295 1297 1296
4 1267 1300 1266 1296
4 1297 1293 1300 1266
4 1297 1300 1296 1266
4 1297 1296 1295 1266
4 1297 1295 1293 1266
4 1279 1291 1297 1300
4 1222 1297 1298 1296
4 1232 1298 1291 1294
4 1267 1300 1296 1294
4 1300 1291 1297 1298
4 1300 1294 1291 1298
4 1300 1296 1294 1298
4 1300 1297 1296 1298
4 1279 1287 1291 1300
4 1232 1291 1290 1294
4 1259 1290 1287 1274
4 1267 1300 1294 1274
4 1291 1300 1287 1274
4 1291 1294 1300 1274
4 1291 1290 1294 1274
4 1291 1287 1290 1274
4 447 445 1253 1276
4 1257 1253 1301 1293
4 441 1301 445 1277
4 1279 1276 1293 1277
4 1253 1276 445 1277
4 1253 1293 1276 1277
4 1253 1301 1293 1277
4 1253 445 1301 1277
4 1260 1262 1219 1223
4 1257 1302 1262 1295
4 1217 1219 1302 1221
4 1222 1295 1223 1221
4 1262 1219 1223 1221
4 1262 1223 1295 1221
4 1262 1295 1302 1221
4 1262 1302 1219 1221
4 365 1214 439 1085
4 441 439 1303 1280
4 1217 1303 1214 1216
4 1088 1085 1280 1216
4 1085 1214 439 1303
4 1085 1216 1214 1303
4 1085 1280 1216 1303
4 1085 439 1280 1303
4 1279 1297 1282 1283
4 1222 1299 1297 1218
4 1088 1283 1089 1218
4 1089 1282 1299 1297
4 1089 1299 1218 1297
4 1089 1218 1283 1297
4 1089 1283 1282 1297
4 1257 1293 1301 1304
4 441 1301 1277 1280
4 1279 1277 1293 1283
4 1088 1304 1280 1283
4 1304 1293 1301 1277
4 1304 1283 1293 1277
4 1304 1280 1283 1277
4 1304 1301 1280 1277
4 1257 1295 1293 1304
4 1279 1293 1297 1283
4 1222 1297 1295 1218
4 1088 1304 1283 1218
4 1304 1295 1293 1297
4 1304 1218 1295 1297
4 1304 1283 1218 1297
4 1304 1293 1283 1297
4 1257 1302 1295 1304
4 1222 1295 1221 1218
4 1217 1221 1302 1216
4 1088 1304 1218 1216
4 1304 1302 1295 1221
4 1304 1216 1302 1221
4 1304 1218 1216 1221
4 1304 1295 1218 1221
4 1257 1301 1302 1304
4 1217 1302 1303 1216
4 441 1303 1301 1280
4 1088 1304 1216 1280
4 1304 1301 1302 1303
4 1304 1280 1301 1303
4 1304 1216 1280 1303
4 1304 1302 1216 1303
4 422 1305 1094 1227
4 1097 1094 1306 1228
4 1307 1306 1305 1308
4 1230 1227 1228 1308
4 1094 1227 1305 1308
4 1094 1228 1227 1308
4 1094 1306 1228 1308
4 1094 1305 1306 1308
4 1309 1310 1311 1312
4 1313 1314 1310 1315
4 1307 1311 1314 1316
4 1317 1315 1312 1316
4 1312 1310 1311 1314
4 1312 1311 1316 1314
4 1312 1316 1315 1314
4 1312 1315 1310 1314
4 1230 1236 1235 1318
4 1317 1319 1320 1318
4 1319 1318 1235 1236
4 1319 1320 1318 1236
4 1097 1321 1240 1322
4 1313 1323 1321 1315
4 1317 1315 1322 1320
4 1322 1321 1240 1323
4 1322 1240 1320 1323
4 1322 1320 1315 1323
4 1322 1315 1321 1323
4 1097 1240 1228 1322
4 1230 1228 1236 1318
4 1317 1320 1322 1318
4 1322 1240 1228 1236
4 1322 1228 1318 1236
4 1322 1318 1320 1236
4 1322 1320 1240 1236
4 1097 1228 1306 1322
4 1230 1308 1228 1318
4 1307 1306 1308 1316
4 1317 1318 1322 1316
4 1322 1228 1306 1308
4 1322 1306 1316 1308
4 1322 1316 1318 1308
4 1322 1318 1228 1308
4 1097 1306 1321 1322
4 1307 1314 1306 1316
4 1313 1321 1314 1315
4 1317 1316 1322 1315
4 1322 1306 1321 1314
4 1322 1321 1315 1314
4 1322 1315 1316 1314
4 1322 1316 1306 1314
4 1324 1325 1154 1326
4 1153 1154 1327 1328
4 1329 1327 1325 1330
4 1331 1326 1328 1330
4 1326 1325 1154 1327
4 1326 1330 1325 1327
4 1326 1328 1330 1327
4 1326 1154 1328 1327
4 433 1160 1332 1333
4 1153 1334 1160 1335
4 1336 1332 1334 1337
4 1338 1335 1333 1337
4 1332 1333 1160 1335
4 1332 1337 1333 1335
4 1332 1334 1337 1335
4 1332 1160 1334 1335
4 1309 1340 1339 1341
4 1329 1339 1342 1343
4 1336 1342 1340 1344
4 1345 1341 1343 1344
4 1340 1339 1341 1343
4 1340 1341 1344 1343
4 1340 1344 1342 1343
4 1340 1342 1339 1343
4 1346 1347 1348 1349
4 1331 1350 1347 1351
4 1338 1348 1350 1352
4 1345 1351 1349 1352
4 1347 1348 1349 1352
4 1347 1349 1351 1352
4 1347 1351 1350 1352
4 1347 1350 1348 1352
4 1331 1330 1328 1353
4 1153 1328 1327 1334
4 1329 1327 1330 1342
4 1336 1353 1334 1342
4 1353 1330 1328 1327
4 1353 1342 1330 1327
4 1353 1334 1342 1327
4 1353 1328 1334 1327
4 1331 1351 1330 1353
4 1329 1330 1343 1342
4 1345 1343 1351 1344
4 1336 1353 1342 1344
4 1353 1351 1330 1343
4 1353 1344 1351 1343
4 1353 1342 1344 1343
4 1353 1330 1342 1343
4 1331 1350 1351 1353
4 1345 1351 1352 1344
4 1338 1352 1350 1337
4 1336 1353 1344 1337
4 1353 1350 1351 1352
4 1353 1337 1350 1352
4 1353 1344 1337 1352
4 1353 1351 1344 1352
4 1331 1328 1350 1353
4 1338 1350 1335 1337
4 1153 1335 1328 1334
4 1336 1353 1337 1334
4 1353 1328 1350 1335
4 1353 1334 1328 1335
4 1353 1337 1334 1335
4 1353 1350 1337 1335
4 1242 1243 1245 1354
4 1246 1248 1243 1355
4 1251 1245 1248 1356
4 1357 1355 1354 1356
4 1354 1243 1245 1248
4 1354 1245 1356 1248
4 1354 1356 1355 1248
4 1354 1355 1243 1248
4 447 1254 1252 1358
4 1246 1252 1256 1359
4 1259 1256 1254 1360
4 1361 1358 1359 1360
4 1254 1252 1358 1359
4 1254 1358 1360 1359
4 1254 1360 1256 1359
4 1254 1256 1252 1359
4 1268 1269 1270 1362
4 1251 1272 1269 1363
4 1259 1270 1272 1364
4 1365 1363 1362 1364
4 1270 1362 1269 1363
4 1270 1364 1362 1363
4 1270 1272 1364 1363
4 1270 1269 1272 1363
4 1346 1367 1366 1368
4 1357 1366 1369 1370
4 1361 1369 1367 1371
4 1365 1368 1370 1371
4 1366 1368 1367 1371
4 1366 1370 1368 1371
4 1366 1369 1370 1371
4 1366 1367 1369 1371
4 1357 1355 1356 1372
4 1246 1248 1355 1256
4 1251 1356 1248 1272
4 1259 1256 1372 1272
4 1372 1355 1356 1248
4 1372 1356 1272 1248
4 1372 1272 1256 1248
4 1372 1256 1355 1248
4 1357 1356 1370 1372
4 1251 1363 1356 1272
4 1365 1370 1363 1364
4 1259 1272 1372 1364
4 1372 1356 1370 1363
4 1372 1370 1364 1363
4 1372 1364 1272 1363
4 1372 1272 1356 1363
4 1357 1370 1369 1372
4 1365 1371 1370 1364
4 1361 1369 1371 1360
4 1259 1364 1372 1360
4 1372 1370 1369 1371
4 1372 1369 1360 1371
4 1372 1360 1364 1371
4 1372 1364 1370 1371
4 1357 1369 1355 1372
4 1361 1359 1369 1360
4 1246 1355 1359 1256
4 1259 1360 1372 1256
4 1372 1369 1355 1359
4 1372 1355 1256 1359
4 1372 1256 1360 1359
4 1372 1360 1369 1359
4 422 442 449 1373
4 451 449 450 1374
4 444 450 442 1375
4 1376 1373 1374 1375
4 1373 442 449 450
4 1373 1375 442 450
4 1373 1374 1375 450
4 1373 449 1374 450
4 433 452 453 1333
4 451 454 452 1377
4 455 453 454 1378
4 1338 1377 1333 1378
4 453 1333 452 1377
4 453 1378 1333 1377
4 453 454 1378 1377
4 453 452 454 1377
4 447 456 446 1358
4 444 446 457 1379
4 455 457 456 1380
4 1361 1358 1379 1380
4 456 446 1358 1379
4 456 1358 1380 1379
4 456 1380 457 1379
4 456 457 446 1379
4 1346 1381 1348 1367
4 1376 1382 1381 1383
4 1338 1348 1382 1384
4 1361 1383 1367 1384
4 1381 1348 1367 1384
4 1381 1367 1383 1384
4 1381 1383 1382 1384
4 1381 1382 1348 1384
4 1376 1375 1374 1385
4 451 1374 450 454
4 444 450 1375 457
4 455 1385 454 457
4 1385 1375 1374 450
4 1385 457 1375 450
4 1385 454 457 450
4 1385 1374 454 450
4 1376 1383 1375 1385
4 444 1375 1379 457
4 1361 1379 1383 1380
4 455 1385 457 1380
4 1385 1383 1375 1379
4 1385 1380 1383 1379
4 1385 457 1380 1379
4 1385 1375 457 1379
4 1376 1382 1383 1385
4 1361 1383 1384 1380
4 1338 1384 1382 1378
4 455 1385 1380 1378
4 1385 1382 1383 1384
4 1385 1378 1382 1384
4 1385 1380 1378 1384
4 1385 1383 1380 1384
4 1376 1374 1382 1385
4 1338 1382 1377 1378
4 451 1377 1374 454
4 455 1385 1378 454
4 1385 1374 1382 1377
4 1385 454 1374 1377
4 1385 1378 454 1377
4 1385 1382 1378 1377
4 422 1227 442 1373
4 444 442 1288 1375
4 1230 1288 1227 1386
4 1376 1373 1375 1386
4 1373 1227 442 1288
4 1373 1386 1227 1288
4 1373 1375 1386 1288
4 1373 442 1375 1288
4 447 446 1254 1358
4 444 1286 446 1379
4 1259 1254 1286 1360
4 1361 1379 1358 1360
4 1254 1358 446 1379
4 1254 1360 1358 1379
4 1254 1286 1360 1379
4 1254 446 1286 1379
4 1268 1270 1235 1362
4 1230 1235 1289 1387
4 1259 1289 1270 1364
4 1365 1362 1387 1364
4 1270 1235 1362 1387
4 1270 1362 1364 1387
4 1270 1364 1289 1387
4 1270 1289 1235 1387
4 1346 1381 1367 1368
4 1376 1383 1381 1388
4 1361 1367 1383 1371
4 1365 1388 1368 1371
4 1381 1367 1368 1371
4 1381 1368 1388 1371
4 1381 1388 1383 1371
4 1381 1383 1367 1371
4 1376 1386 1375 1389
4 444 1375 1288 1286
4 1230 1288 1386 1289
4 1259 1389 1286 1289
4 1389 1386 1375 1288
4 1389 1289 1386 1288
4 1389 1286 1289 1288
4 1389 1375 1286 1288
4 1376 1388 1386 1389
4 1230 1386 1387 1289
4 1365 1387 1388 1364
4 1259 1389 1289 1364
4 1389 1388 1386 1387
4 1389 1364 1388 1387
4 1389 1289 1364 1387
4 1389 1386 1289 1387
4 1376 1383 1388 1389
4 1365 1388 1371 1364
4 1361 1371 1383 1360
4 1259 1389 1364 1360
4 1389 1383 1388 1371
4 1389 1360 1383 1371
4 1389 1364 1360 1371
4 1389 1388 1364 1371
4 1376 1375 1383 1389
4 1361 1383 1379 1360
4 444 1379 1375 1286
4 1259 1389 1360 1286
4 1389 1375 1383 1379
4 1389 1286 1375 1379
4 1389 1360 1286 1379
4 1389 1383 1360 1379
4 422 1305 1227 1373
4 1230 1227 1308 1386
4 1307 1308 1305 1390
4 1376 1373 1386 1390
4 1373 1305 1227 1308
4 1373 1390 1305 1308
4 1373 1386 1390 1308
4 1373 1227 1386 1308
4 1268 1235 1319 1362
4 1230 1318 1235 1387
4 1317 1319 1318 1391
4 1365 1387 1362 1391
4 1319 1362 1235 1387
4 1319 1391 1362 1387
4 1319 1318 1391 1387
4 1319 1235 1318 1387
4 1309 1312 1311 1341
4 1307 1311 1316 1392
4 1317 1316 1312 1393
4 1345 1341 1392 1393
4 1312 1311 1341 1392
4 1312 1341 1393 1392
4 1312 1393 1316 1392
4 1312 1316 1311 1392
4 1346 1381 1368 1349
4 1376 1388 1381 1394
4 1365 1368 1388 1395
4 1345 1394 1349 1395
4 1381 1368 1349 1395
4 1381 1349 1394 1395
4 1381 1394 1388 1395
4 1381 1388 1368 1395
4 1376 1390 1386 1396
4 1230 1386 1308 1318
4 1307 1308 1390 1316
4 1317 1396 1318 1316
4 1396 1390 1386 1308
4 1396 1316 1390 1308
4 1396 1318 1316 1308
4 1396 1386 1318 1308
4 1376 1394 1390 1396
4 1307 1390 1392 1316
4 1345 1392 1394 1393
4 1317 1396 1316 1393
4 1396 1394 1390 1392
4 1396 1393 1394 1392
4 1396 1316 1393 1392
4 1396 1390 1316 1392
4 1376 1388 1394 1396
4 1345 1394 1395 1393
4 1365 1395 1388 1391
4 1317 1396 1393 1391
4 1396 1388 1394 1395
4 1396 1391 1388 1395
4 1396 1393 1391 1395
4 1396 1394 1393 1395
4 1376 1386 1388 1396
4 1365 1388 1387 1391
4 1230 1387 1386 1318
4 1317 1396 1391 1318
4 1396 1386 1388 1387
4 1396 1318 1386 1387
4 1396 1391 1318 1387
4 1396 1388 1391 1387
4 422 449 1305 1373
4 1307 1305 1397 1390
4 451 1397 449 1374
4 1376 1373 1390 1374
4 1373 449 1305 1397
4 1373 1374 449 1397
4 1373 1390 1374 1397
4 1373 1305 1390 1397
4 1309 1311 1340 1341
4 1307 1398 1311 1392
4 1336 1340 1398 1344
4 1345 1392 1341 1344
4 1340 1341 1311 1392
4 1340 1344 1341 1392
4 1340 1398 1344 1392
4 1340 1311 1398 1392
4 433 1332 452 1333
4 451 452 1399 1377
4 1336 1399 1332 1337
4 1338 1333 1377 1337
4 1332 452 1333 1377
4 1332 1333 1337 1377
4 1332 1337 1399 1377
4 1332 1399 452 1377
4 1346 1381 1349 1348
4 1376 1394 1381 1382
4 1345 1349 1394 1352
4 1338 1382 1348 1352
4 1381 1349 1348 1352
4 1381 1348 1382 1352
4 1381 1382 1394 1352
4 1381 1394 1349 1352
4 1376 1374 1390 1400
4 1307 1390 1397 1398
4 451 1397 1374 1399
4 1336 1400 1398 1399
4 1400 1374 1390 1397
4 1400 1399 1374 1397
4 1400 1398 1399 1397
4 1400 1390 1398 1397
4 1376 1382 1374 1400
4 451 1374 1377 1399
4 1338 1377 1382 1337
4 1336 1400 1399 1337
4 1400 1382 1374 1377
4 1400 1337 1382 1377
4 1400 1399 1337 1377
4 1400 1374 1399 1377
4 1376 1394 1382 1400
4 1338 1382 1352 1337
4 1345 1352 1394 1344
4 1336 1400 1337 1344
4 1400 1394 1382 1352
4 1400 1344 1394 1352
4 1400 1337 1344 1352
4 1400 1382 1337 1352
4 1376 1390 1394 1400
4 1345 1394 1392 1344
4 1307 1392 1390 1398
4 1336 1400 1344 1398
4 1400 1390 1394 1392
4 1400 1398 1390 1392
4 1400 1344 1398 1392
4 1400 1394 1344 1392
4 1309 1310 1312 1401
4 1313 1315 1310 1402
4 1317 1312 1315 1403
4 1404 1402 1401 1403
4 1312 1401 1310 1402
4 1312 1403 1401 1402
4 1312 1315 1403 1402
4 1312 1310 1315 1402
4 1317 1320 1319 1405
4 1317 1406 1315 1320
4 1406 1315 1320 1323
4 1317 1406 1320 1405
4 1317 1406 1405 1403
4 1406 1405 1403 1407
4 1317 1406 1403 1315
4 1406 1403 1315 1402
4 1329 1330 1325 1408
4 1331 1326 1330 1409
4 1326 1330 1409 1408
4 1326 1325 1330 1408
4 1309 1341 1339 1410
4 1329 1339 1343 1411
4 1345 1343 1341 1412
4 1413 1410 1411 1412
4 1410 1341 1339 1343
4 1410 1412 1341 1343
4 1410 1411 1412 1343
4 1410 1339 1411 1343
4 1346 1347 1349 1414
4 1331 1351 1347 1415
4 1345 1349 1351 1416
4 1347 1349 1414 1416
4 1347 1414 1415 1416
4 1347 1415 1351 1416
4 1347 1351 1349 1416
4 1331 1409 1330 1417
4 1329 1330 1408 1411
4 1413 1417 1411 1418
4 1417 1409 1330 1408
4 1417 1418 1409 1408
4 1417 1411 1418 1408
4 1417 1330 1411 1408
4 1331 1415 1409 1417
4 1413 1417 1418 1419
4 1331 1351 1415 1417
4 1345 1416 1351 1412
4 1413 1417 1419 1412
4 1417 1351 1415 1416
4 1417 1412 1351 1416
4 1417 1419 1412 1416
4 1417 1415 1419 1416
4 1331 1330 1351 1417
4 1345 1351 1343 1412
4 1329 1343 1330 1411
4 1413 1417 1412 1411
4 1417 1330 1351 1343
4 1417 1411 1330 1343
4 1417 1412 1411 1343
4 1417 1351 1412 1343
4 1251 1245 1356 1420
4 1357 1356 1354 1421
4 1354 1421 1356 1420
4 1354 1356 1245 1420
4 1268 1269 1362 1422
4 1251 1363 1269 1423
4 1365 1362 1363 1424
4 1422 1269 1362 1363
4 1422 1362 1424 1363
4 1422 1424 1423 1363
4 1422 1423 1269 1363
4 1346 1368 1366 1425
4 1357 1366 1370 1426
4 1365 1370 1368 1427
4 1366 1425 1368 1427
4 1366 1426 1425 1427
4 1366 1370 1426 1427
4 1366 1368 1370 1427
4 1357 1356 1421 1428
4 1251 1420 1356 1423
4 1428 1356 1421 1420
4 1428 1423 1356 1420
4 1357 1421 1426 1428
4 1357 1426 1370 1428
4 1365 1370 1427 1424
4 1428 1426 1370 1427
4 1428 1370 1424 1427
4 1428 1424 1429 1427
4 1428 1429 1426 1427
4 1357 1370 1356 1428
4 1365 1363 1370 1424
4 1251 1356 1363 1423
4 1428 1370 1356 1363
4 1428 1356 1423 1363
4 1428 1423 1424 1363
4 1428 1424 1370 1363
4 1309 1401 1312 1341
4 1404 1403 1401 1430
4 1317 1312 1403 1393
4 1345 1430 1341 1393
4 1312 1341 1401 1430
4 1312 1393 1341 1430
4 1312 1403 1393 1430
4 1312 1401 1403 1430
4 1268 1319 1431 1362
4 1317 1405 1319 1391
4 1365 1362 1432 1391
4 1319 1431 1362 1432
4 1319 1362 1391 1432
4 1319 1391 1405 1432
4 1319 1405 1431 1432
4 1346 1433 1349 1368
4 1434 1435 1433 1436
4 1345 1349 1435 1395
4 1365 1436 1368 1395
4 1433 1349 1368 1395
4 1433 1368 1436 1395
4 1433 1436 1435 1395
4 1433 1435 1349 1395
4 1434 1438 1437 1439
4 1404 1437 1407 1403
4 1317 1439 1403 1405
4 1439 1438 1437 1407
4 1439 1405 1438 1407
4 1439 1403 1405 1407
4 1439 1437 1403 1407
4 1434 1436 1438 1439
4 1365 1432 1436 1391
4 1317 1439 1405 1391
4 1439 1436 1438 1432
4 1439 1391 1436 1432
4 1439 1405 1391 1432
4 1439 1438 1405 1432
4 1434 1435 1436 1439
4 1365 1436 1395 1391
4 1345 1395 1435 1393
4 1317 1439 1391 1393
4 1439 1435 1436 1395
4 1439 1393 1435 1395
4 1439 1391 1393 1395
4 1439 1436 1391 1395
4 1434 1437 1435 1439
4 1345 1435 1430 1393
4 1404 1430 1437 1403
4 1317 1439 1393 1403
4 1439 1437 1435 1430
4 1439 1403 1437 1430
4 1439 1393 1403 1430
4 1439 1435 1393 1430
4 1268 1431 1422 1362
4 1365 1432 1362 1424
4 1422 1362 1431 1432
4 1422 1424 1362 1432
4 1346 1433 1368 1425
4 1434 1436 1433 1440
4 1365 1368 1436 1427
4 1433 1368 1425 1427
4 1433 1425 1440 1427
4 1433 1440 1436 1427
4 1433 1436 1368 1427
4 1434 1436 1440 1441
4 1365 1427 1436 1424
4 1441 1436 1440 1427
4 1441 1424 1436 1427
4 1441 1429 1424 1427
4 1441 1440 1429 1427
4 1434 1438 1436 1441
4 1365 1436 1432 1424
4 1441 1438 1436 1432
4 1441 1436 1424 1432
4 1346 1433 1425 1414
4 1434 1440 1433 1442
4 1433 1425 1414 1443
4 1433 1414 1442 1443
4 1433 1442 1440 1443
4 1433 1440 1425 1443
4 1309 1410 1401 1341
4 1404 1401 1444 1430
4 1413 1444 1410 1412
4 1345 1341 1430 1412
4 1410 1401 1341 1430
4 1410 1341 1412 1430
4 1410 1412 1444 1430
4 1410 1444 1401 1430
4 1346 1433 1414 1349
4 1434 1442 1433 1435
4 1345 1435 1349 1416
4 1433 1414 1349 1416
4 1433 1349 1435 1416
4 1433 1435 1442 1416
4 1433 1442 1414 1416
4 1434 1435 1437 1445
4 1404 1437 1430 1444
4 1345 1430 1435 1412
4 1413 1445 1444 1412
4 1445 1435 1437 1430
4 1445 1412 1435 1430
4 1445 1444 1412 1430
4 1445 1437 1444 1430
4 1434 1442 1435 1445
4 1345 1435 1416 1412
4 1413 1445 1412 1419
4 1445 1442 1435 1416
4 1445 1419 1442 1416
4 1445 1412 1419 1416
4 1445 1435 1412 1416
4 1309 1446 1310 1401
4 1313 1310 1447 1402
4 1404 1401 1402 1448
4 1446 1310 1401 1402
4 1446 1401 1448 1402
4 1446 1448 1447 1402
4 1446 1447 1310 1402
4 1329 1325 1449 1408
4 1450 1449 1325 1408
4 1309 1339 1451 1410
4 1329 1452 1339 1411
4 1453 1451 1452 1454
4 1413 1411 1410 1454
4 1410 1339 1451 1452
4 1410 1451 1454 1452
4 1410 1454 1411 1452
4 1410 1411 1339 1452
4 1329 1408 1449 1411
4 1413 1411 1455 1418
4 1455 1418 1411 1408
4 1455 1411 1449 1408
4 1453 1452 1456 1454
4 1329 1449 1452 1411
4 1413 1454 1455 1411
4 1455 1456 1449 1452
4 1455 1449 1411 1452
4 1455 1411 1454 1452
4 1455 1454 1456 1452
4 1309 1446 1401 1451
4 1404 1401 1448 1457
4 1453 1451 1457 1458
4 1446 1401 1451 1457
4 1446 1451 1458 1457
4 1446 1458 1448 1457
4 1446 1448 1401 1457
4 1309 1401 1410 1451
4 1404 1444 1401 1457
4 1413 1410 1444 1454
4 1453 1457 1451 1454
4 1410 1451 1401 1457
4 1410 1454 1451 1457
4 1410 1444 1454 1457
4 1410 1401 1444 1457
4 1324 1154 1158 1326
4 1153 1156 1154 1328
4 1157 1158 1156 1459
4 1331 1328 1326 1459
4 1158 1326 1154 1328
4 1158 1459 1326 1328
4 1158 1156 1459 1328
4 1158 1154 1156 1328
4 433 1162 1160 1333
4 1153 1160 1164 1335
4 1167 1164 1162 1460
4 1338 1333 1335 1460
4 1333 1162 1160 1164
4 1333 1460 1162 1164
4 1333 1335 1460 1164
4 1333 1160 1335 1164
4 1144 1168 1169 1461
4 1157 1171 1168 1462
4 1167 1169 1171 1463
4 1464 1462 1461 1463
4 1168 1169 1461 1463
4 1168 1461 1462 1463
4 1168 1462 1171 1463
4 1168 1171 1169 1463
4 1346 1348 1347 1465
4 1331 1347 1350 1466
4 1338 1350 1348 1467
4 1464 1465 1466 1467
4 1348 1347 1465 1466
4 1348 1465 1467 1466
4 1348 1467 1350 1466
4 1348 1350 1347 1466
4 1157 1459 1156 1468
4 1153 1156 1328 1335
4 1331 1328 1459 1350
4 1338 1468 1335 1350
4 1459 1156 1468 1335
4 1459 1468 1350 1335
4 1459 1350 1328 1335
4 1459 1328 1156 1335
4 1157 1462 1459 1468
4 1331 1459 1466 1350
4 1464 1466 1462 1467
4 1338 1468 1350 1467
4 1468 1462 1459 1466
4 1468 1467 1462 1466
4 1468 1350 1467 1466
4 1468 1459 1350 1466
4 1157 1171 1462 1468
4 1464 1462 1463 1467
4 1167 1463 1171 1460
4 1338 1468 1467 1460
4 1462 1468 1171 1460
4 1462 1467 1468 1460
4 1462 1463 1467 1460
4 1462 1171 1463 1460
4 1157 1156 1171 1468
4 1167 1171 1164 1460
4 1153 1164 1156 1335
4 1338 1468 1460 1335
4 1468 1156 1171 1164
4 1468 1335 1156 1164
4 1468 1460 1335 1164
4 1468 1171 1460 1164
4 743 1136 652 1469
4 651 652 1134 1470
4 1135 1134 1136 1471
4 1472 1469 1470 1471
4 1136 652 1469 1470
4 1136 1469 1471 1470
4 1136 1471 1134 1470
4 1136 1134 652 1470
4 382 658 1138 1473
4 651 1139 658 1474
4 1141 1138 1139 1475
4 1476 1474 1473 1475
4 1473 658 1138 1139
4 1473 1138 1475 1139
4 1473 1475 1474 1139
4 1473 1474 658 1139
4 1144 1146 1145 1477
4 1135 1145 1148 1478
4 1141 1148 1146 1479
4 1480 1477 1478 1479
4 1145 1477 1146 1479
4 1145 1478 1477 1479
4 1145 1148 1478 1479
4 1145 1146 1148 1479
4 1481 1482 1483 1484
4 1472 1485 1482 1486
4 1476 1483 1485 1487
4 1480 1486 1484 1487
4 1483 1484 1482 1486
4 1483 1487 1484 1486
4 1483 1485 1487 1486
4 1483 1482 1485 1486
4 1135 1134 1471 1488
4 651 1470 1134 1474
4 1472 1471 1470 1485
4 1476 1474 1488 1485
4 1471 1488 1134 1474
4 1471 1485 1488 1474
4 1471 1470 1485 1474
4 1471 1134 1470 1474
4 1135 1471 1478 1488
4 1472 1486 1471 1485
4 1480 1478 1486 1487
4 1476 1485 1488 1487
4 1488 1471 1478 1486
4 1488 1478 1487 1486
4 1488 1487 1485 1486
4 1488 1485 1471 1486
4 1135 1478 1148 1488
4 1480 1479 1478 1487
4 1141 1148 1479 1475
4 1476 1487 1488 1475
4 1478 1148 1488 1475
4 1478 1488 1487 1475
4 1478 1487 1479 1475
4 1478 1479 1148 1475
4 1135 1148 1134 1488
4 1141 1139 1148 1475
4 651 1134 1139 1474
4 1476 1475 1488 1474
4 1488 1148 1134 1139
4 1488 1134 1474 1139
4 1488 1474 1475 1139
4 1488 1475 1148 1139
4 1242 1243 1354 1489
4 1246 1355 1243 1490
4 1357 1354 1355 1491
4 1492 1490 1489 1491
4 1243 1354 1489 1491
4 1243 1489 1490 1491
4 1243 1490 1355 1491
4 1243 1355 1354 1491
4 447 1358 1252 1493
4 1246 1252 1359 1494
4 1361 1359 1358 1495
4 1496 1493 1494 1495
4 1252 1493 1358 1495
4 1252 1494 1493 1495
4 1252 1359 1494 1495
4 1252 1358 1359 1495
4 1346 1366 1367 1497
4 1357 1369 1366 1498
4 1361 1367 1369 1499
4 1500 1498 1497 1499
4 1497 1366 1367 1369
4 1497 1367 1499 1369
4 1497 1499 1498 1369
4 1497 1498 1366 1369
4 1481 1502 1501 1503
4 1492 1501 1504 1505
4 1496 1504 1502 1506
4 1500 1503 1505 1506
4 1503 1502 1501 1504
4 1503 1506 1502 1504
4 1503 1505 1506 1504
4 1503 1501 1505 1504
4 1246 1355 1490 1507
4 1357 1491 1355 1498
4 1492 1490 1491 1505
4 1500 1498 1507 1505
4 1507 1355 1490 1491
4 1507 1490 1505 1491
4 1507 1505 1498 1491
4 1507 1498 1355 1491
4 1246 1490 1494 1507
4 1492 1504 1490 1505
4 1496 1494 1504 1506
4 1500 1505 1507 1506
4 1494 1507 1490 1505
4 1494 1506 1507 1505
4 1494 1504 1506 1505
4 1494 1490 1504 1505
4 1246 1494 1359 1507
4 1496 1495 1494 1506
4 1361 1359 1495 1499
4 1500 1506 1507 1499
4 1507 1494 1359 1495
4 1507 1359 1499 1495
4 1507 1499 1506 1495
4 1507 1506 1494 1495
4 1246 1359 1355 1507
4 1361 1369 1359 1499
4 1357 1355 1369 1498
4 1500 1499 1507 1498
4 1359 1355 1507 1498
4 1359 1507 1499 1498
4 1359 1499 1369 1498
4 1359 1369 1355 1498
4 447 462 456 1508
4 455 456 463 1509
4 461 463 462 1510
4 1511 1508 1509 1510
4 1508 462 456 463
4 1508 1510 462 463
4 1508 1509 1510 463
4 1508 456 1509 463
4 433 453 432 1162
4 455 458 453 1512
4 430 432 458 1185
4 1167 1512 1162 1185
4 432 1162 453 1512
4 432 1185 1162 1512
4 432 458 1185 1512
4 432 453 458 1512
4 382 428 459 1138
4 461 459 460 1513
4 430 460 428 1183
4 1141 1138 1513 1183
4 428 459 1138 1513
4 428 1138 1183 1513
4 428 1183 460 1513
4 428 460 459 1513
4 1144 1514 1169 1146
4 1511 1515 1514 1516
4 1167 1169 1515 1189
4 1141 1516 1146 1189
4 1514 1169 1146 1189
4 1514 1146 1516 1189
4 1514 1516 1515 1189
4 1514 1515 1169 1189
4 1511 1510 1509 1517
4 455 1509 463 458
4 461 463 1510 460
4 430 1517 458 460
4 1517 1510 1509 463
4 1517 460 1510 463
4 1517 458 460 463
4 1517 1509 458 463
4 1511 1516 1510 1517
4 461 1510 1513 460
4 1141 1513 1516 1183
4 430 1517 460 1183
4 1516 1510 1517 460
4 1516 1517 1183 460
4 1516 1183 1513 460
4 1516 1513 1510 460
4 1511 1515 1516 1517
4 1141 1516 1189 1183
4 1167 1189 1515 1185
4 430 1517 1183 1185
4 1517 1515 1516 1189
4 1517 1185 1515 1189
4 1517 1183 1185 1189
4 1517 1516 1183 1189
4 1511 1509 1515 1517
4 1167 1515 1512 1185
4 455 1512 1509 458
4 430 1517 1185 458
4 1515 1517 1509 458
4 1515 1185 1517 458
4 1515 1512 1185 458
4 1515 1509 1512 458
4 447 1493 462 1508
4 461 462 1518 1510
4 1496 1518 1493 1519
4 1511 1508 1510 1519
4 462 1508 1493 1519
4 462 1510 1508 1519
4 462 1518 1510 1519
4 462 1493 1518 1519
4 382 459 1473 1138
4 461 1520 459 1513
4 1476 1473 1520 1475
4 1141 1513 1138 1475
4 459 1473 1138 1475
4 459 1138 1513 1475
4 459 1513 1520 1475
4 459 1520 1473 1475
4 1481 1483 1502 1484
4 1496 1502 1521 1522
4 1476 1521 1483 1487
4 1480 1484 1522 1487
4 1484 1483 1502 1521
4 1484 1487 1483 1521
4 1484 1522 1487 1521
4 1484 1502 1522 1521
4 1144 1514 1146 1477
4 1511 1516 1514 1523
4 1141 1146 1516 1479
4 1480 1523 1477 1479
4 1477 1514 1146 1516
4 1477 1146 1479 1516
4 1477 1479 1523 1516
4 1477 1523 1514 1516
4 461 1510 1518 1524
4 1496 1518 1519 1522
4 1511 1519 1510 1523
4 1480 1524 1522 1523
4 1524 1510 1518 1519
4 1524 1523 1510 1519
4 1524 1522 1523 1519
4 1524 1518 1522 1519
4 461 1513 1510 1524
4 1511 1510 1516 1523
4 1141 1516 1513 1479
4 1480 1524 1523 1479
4 1524 1513 1510 1516
4 1524 1479 1513 1516
4 1524 1523 1479 1516
4 1524 1510 1523 1516
4 461 1520 1513 1524
4 1141 1513 1475 1479
4 1476 1475 1520 1487
4 1480 1524 1479 1487
4 1524 1520 1513 1475
4 1524 1487 1520 1475
4 1524 1479 1487 1475
4 1524 1513 1479 1475
4 461 1518 1520 1524
4 1476 1520 1521 1487
4 1496 1521 1518 1522
4 1480 1524 1487 1522
4 1524 1518 1520 1521
4 1524 1522 1518 1521
4 1524 1487 1522 1521
4 1524 1520 1487 1521
4 447 1358 1493 1508
4 1496 1493 1495 1519
4 1361 1495 1358 1525
4 1511 1508 1519 1525
4 1508 1358 1493 1495
4 1508 1525 1358 1495
4 1508 1519 1525 1495
4 1508 1493 1519 1495
4 1481 1502 1503 1484
4 1496 1506 1502 1522
4 1500 1503 1506 1526
4 1480 1522 1484 1526
4 1503 1484 1502 1522
4 1503 1526 1484 1522
4 1503 1506 1526 1522
4 1503 1502 1506 1522
4 1346 1497 1367 1465
4 1361 1367 1499 1527
4 1500 1499 1497 1528
4 1464 1465 1527 1528
4 1497 1367 1465 1527
4 1497 1465 1528 1527
4 1497 1528 1499 1527
4 1497 1499 1367 1527
4 1144 1514 1477 1461
4 1511 1523 1514 1529
4 1480 1477 1523 1530
4 1464 1529 1461 1530
4 1514 1477 1461 1530
4 1514 1461 1529 1530
4 1514 1529 1523 1530
4 1514 1523 1477 1530
4 1511 1525 1519 1531
4 1496 1519 1495 1506
4 1361 1495 1525 1499
4 1500 1531 1506 1499
4 1531 1525 1519 1495
4 1531 1499 1525 1495
4 1531 1506 1499 1495
4 1531 1519 1506 1495
4 1511 1529 1525 1531
4 1361 1525 1527 1499
4 1464 1527 1529 1528
4 1500 1531 1499 1528
4 1525 1531 1529 1528
4 1525 1499 1531 1528
4 1525 1527 1499 1528
4 1525 1529 1527 1528
4 1511 1523 1529 1531
4 1464 1529 1530 1528
4 1480 1530 1523 1526
4 1500 1531 1528 1526
4 1531 1523 1529 1530
4 1531 1526 1523 1530
4 1531 1528 1526 1530
4 1531 1529 1528 1530
4 1511 1519 1523 1531
4 1480 1523 1522 1526
4 1496 1522 1519 1506
4 1500 1531 1526 1506
4 1519 1523 1531 1526
4 1519 1531 1506 1526
4 1519 1506 1522 1526
4 1519 1522 1523 1526
4 447 456 1358 1508
4 1361 1358 1380 1525
4 455 1380 456 1509
4 1511 1508 1525 1509
4 456 1358 1508 1525
4 456 1508 1509 1525
4 456 1509 1380 1525
4 456 1380 1358 1525
4 1346 1367 1348 1465
4 1361 1384 1367 1527
4 1338 1348 1384 1467
4 1464 1527 1465 1467
4 1465 1367 1348 1384
4 1465 1348 1467 1384
4 1465 1467 1527 1384
4 1465 1527 1367 1384
4 433 1333 453 1162
4 455 453 1378 1512
4 1338 1378 1333 1460
4 1167 1162 1512 1460
4 453 1162 1333 1460
4 453 1512 1162 1460
4 453 1378 1512 1460
4 453 1333 1378 1460
4 1144 1514 1461 1169
4 1511 1529 1514 1515
4 1464 1461 1529 1463
4 1167 1515 1169 1463
4 1461 1169 1514 1515
4 1461 1463 1169 1515
4 1461 1529 1463 1515
4 1461 1514 1529 1515
4 455 1380 1509 1532
4 1361 1525 1380 1527
4 1511 1509 1525 1529
4 1464 1527 1532 1529
4 1532 1380 1509 1525
4 1532 1509 1529 1525
4 1532 1529 1527 1525
4 1532 1527 1380 1525
4 455 1509 1512 1532
4 1511 1515 1509 1529
4 1167 1512 1515 1463
4 1464 1529 1532 1463
4 1532 1509 1512 1515
4 1532 1512 1463 1515
4 1532 1463 1529 1515
4 1532 1529 1509 1515
4 455 1512 1378 1532
4 1167 1460 1512 1463
4 1338 1378 1460 1467
4 1464 1463 1532 1467
4 1532 1512 1378 1460
4 1532 1378 1467 1460
4 1532 1467 1463 1460
4 1532 1463 1512 1460
4 455 1378 1380 1532
4 1338 1384 1378 1467
4 1361 1380 1384 1527
4 1464 1467 1532 1527
4 1532 1378 1380 1384
4 1532 1380 1527 1384
4 1532 1527 1467 1384
4 1532 1467 1378 1384
4 1242 1489 1354 1533
4 1357 1354 1491 1534
4 1492 1491 1489 1535
4 1536 1533 1534 1535
4 1533 1489 1354 1491
4 1533 1535 1489 1491
4 1533 1534 1535 1491
4 1533 1354 1534 1491
4 1346 1366 1497 1537
4 1357 1498 1366 1538
4 1500 1497 1498 1539
4 1540 1538 1537 1539
4 1497 1537 1366 1538
4 1497 1539 1537 1538
4 1497 1498 1539 1538
4 1497 1366 1498 1538
4 1481 1503 1501 1541
4 1492 1501 1505 1542
4 1500 1505 1503 1543
4 1544 1541 1542 1543
4 1503 1501 1541 1542
4 1503 1541 1543 1542
4 1503 1543 1505 1542
4 1503 1505 1501 1542
4 1536 1535 1534 1545
4 1357 1534 1491 1498
4 1492 1491 1535 1505
4 1500 1545 1498 1505
4 1545 1535 1534 1491
4 1545 1505 1535 1491
4 1545 1498 1505 1491
4 1545 1534 1498 1491
4 1536 1546 1535 1545
4 1492 1535 1542 1505
4 1544 1542 1546 1543
4 1500 1545 1505 1543
4 1546 1535 1545 1505
4 1546 1545 1543 1505
4 1546 1543 1542 1505
4 1546 1542 1535 1505
4 1536 1547 1546 1545
4 1544 1546 1548 1543
4 1540 1548 1547 1539
4 1500 1545 1543 1539
4 1545 1547 1546 1548
4 1545 1539 1547 1548
4 1545 1543 1539 1548
4 1545 1546 1543 1548
4 1536 1534 1547 1545
4 1540 1547 1538 1539
4 1357 1538 1534 1498
4 1500 1545 1539 1498
4 1547 1545 1534 1498
4 1547 1539 1545 1498
4 1547 1538 1539 1498
4 1547 1534 1538 1498
4 1331 1459 1326 1549
4 1157 1158 1459 1205
4 1158 1459 1205 1549
4 1158 1326 1459 1549
4 1346 1465 1347 1550
4 1331 1347 1466 1551
4 1464 1466 1465 1552
4 1553 1550 1551 1552
4 1550 1465 1347 1466
4 1550 1552 1465 1466
4 1550 1551 1552 1466
4 1550 1347 1551 1466
4 1144 1168 1461 1206
4 1157 1462 1168 1207
4 1464 1461 1462 1554
4 1168 1461 1206 1554
4 1168 1206 1207 1554
4 1168 1207 1462 1554
4 1168 1462 1461 1554
4 1157 1205 1459 1555
4 1331 1459 1549 1551
4 1157 1207 1205 1555
4 1157 1462 1207 1555
4 1464 1554 1462 1552
4 1553 1555 1556 1552
4 1462 1207 1555 1556
4 1462 1555 1552 1556
4 1462 1552 1554 1556
4 1462 1554 1207 1556
4 1157 1459 1462 1555
4 1464 1462 1466 1552
4 1331 1466 1459 1551
4 1553 1555 1552 1551
4 1555 1459 1462 1466
4 1555 1551 1459 1466
4 1555 1552 1551 1466
4 1555 1462 1552 1466
4 1472 1469 1471 1557
4 1135 1471 1136 1209
4 1136 1209 1471 1557
4 1136 1471 1469 1557
4 1481 1482 1484 1558
4 1472 1486 1482 1559
4 1480 1484 1486 1560
4 1561 1559 1558 1560
4 1558 1482 1484 1486
4 1558 1484 1560 1486
4 1558 1560 1559 1486
4 1558 1559 1482 1486
4 1144 1477 1145 1210
4 1135 1145 1478 1211
4 1480 1478 1477 1562
4 1145 1210 1477 1562
4 1145 1211 1210 1562
4 1145 1478 1211 1562
4 1145 1477 1478 1562
4 1135 1471 1209 1563
4 1472 1557 1471 1559
4 1135 1209 1211 1563
4 1135 1211 1478 1563
4 1480 1478 1562 1560
4 1561 1564 1563 1560
4 1478 1563 1211 1564
4 1478 1560 1563 1564
4 1478 1562 1560 1564
4 1478 1211 1562 1564
4 1135 1478 1471 1563
4 1480 1486 1478 1560
4 1472 1471 1486 1559
4 1561 1560 1563 1559
4 1563 1478 1471 1486
4 1563 1471 1559 1486
4 1563 1559 1560 1486
4 1563 1560 1478 1486
4 1346 1537 1497 1465
4 1540 1539 1537 1565
4 1500 1497 1539 1528
4 1464 1565 1465 1528
4 1497 1465 1537 1565
4 1497 1528 1465 1565
4 1497 1539 1528 1565
4 1497 1537 1539 1565
4 1481 1503 1541 1484
4 1544 1541 1543 1566
4 1500 1543 1503 1526
4 1480 1484 1566 1526
4 1503 1541 1484 1566
4 1503 1484 1526 1566
4 1503 1526 1543 1566
4 1503 1543 1541 1566
4 1144 1567 1461 1477
4 1568 1569 1567 1570
4 1464 1461 1569 1530
4 1480 1570 1477 1530
4 1567 1461 1477 1530
4 1567 1477 1570 1530
4 1567 1570 1569 1530
4 1567 1569 1461 1530
4 1568 1572 1571 1573
4 1540 1571 1548 1539
4 1544 1548 1572 1543
4 1500 1573 1539 1543
4 1573 1572 1571 1548
4 1573 1543 1572 1548
4 1573 1539 1543 1548
4 1573 1571 1539 1548
4 1568 1570 1572 1573
4 1544 1572 1566 1543
4 1480 1566 1570 1526
4 1500 1573 1543 1526
4 1572 1573 1570 1526
4 1572 1543 1573 1526
4 1572 1566 1543 1526
4 1572 1570 1566 1526
4 1568 1569 1570 1573
4 1480 1570 1530 1526
4 1464 1530 1569 1528
4 1500 1573 1526 1528
4 1573 1569 1570 1530
4 1573 1528 1569 1530
4 1573 1526 1528 1530
4 1573 1570 1526 1530
4 1568 1571 1569 1573
4 1464 1569 1565 1528
4 1540 1565 1571 1539
4 1500 1573 1528 1539
4 1571 1569 1573 1528
4 1571 1573 1539 1528
4 1571 1539 1565 1528
4 1571 1565 1569 1528
4 1481 1541 1558 1484
4 1544 1574 1541 1566
4 1561 1558 1574 1560
4 1480 1566 1484 1560
4 1484 1541 1558 1574
4 1484 1558 1560 1574
4 1484 1560 1566 1574
4 1484 1566 1541 1574
4 1144 1567 1477 1210
4 1568 1570 1567 1575
4 1480 1477 1570 1562
4 1477 1210 1567 1575
4 1477 1562 1210 1575
4 1477 1570 1562 1575
4 1477 1567 1570 1575
4 1480 1566 1576 1570
4 1576 1570 1566 1572
4 1480 1570 1576 1562
4 1576 1562 1570 1575
4 1480 1562 1576 1560
4 1576 1560 1562 1564
4 1480 1560 1576 1566
4 1576 1566 1560 1574
4 1144 1567 1210 1206
4 1568 1575 1567 1577
4 1346 1550 1537 1465
4 1540 1537 1578 1565
4 1553 1578 1550 1552
4 1464 1465 1565 1552
4 1465 1550 1537 1578
4 1465 1552 1550 1578
4 1465 1565 1552 1578
4 1465 1537 1565 1578
4 1144 1567 1206 1461
4 1568 1577 1567 1569
4 1464 1569 1461 1554
4 1461 1567 1206 1577
4 1461 1206 1554 1577
4 1461 1554 1569 1577
4 1461 1569 1567 1577
4 1464 1579 1565 1569
4 1579 1565 1569 1571
4 1464 1579 1569 1554
4 1579 1569 1554 1577
4 1464 1579 1554 1552
4 1579 1554 1552 1556
4 1464 1579 1552 1565
4 1579 1552 1565 1578
4 1492 1489 1580 1535
4 1481 1501 1581 1541
4 1492 1582 1501 1542
4 1583 1581 1582 1584
4 1544 1542 1541 1584
4 1501 1581 1541 1584
4 1501 1541 1542 1584
4 1501 1542 1582 1584
4 1501 1582 1581 1584
4 1492 1535 1580 1585
4 1492 1542 1535 1585
4 1585 1542 1535 1546
4 1492 1582 1542 1585
4 1585 1582 1542 1584
4 1492 1580 1582 1585
4 1472 1586 1469 1557
4 1481 1587 1482 1558
4 1472 1482 1588 1559
4 1589 1588 1587 1590
4 1561 1558 1559 1590
4 1482 1558 1587 1590
4 1482 1559 1558 1590
4 1482 1588 1559 1590
4 1482 1587 1588 1590
4 1481 1541 1581 1591
4 1591 1541 1581 1584
4 1481 1558 1541 1591
4 1591 1558 1541 1574
4 1481 1587 1558 1591
4 1591 1587 1558 1590
4 1481 1581 1587 1591
4 1591 1581 1587 1592
4 1357 1421 1354 1534
4 1346 1425 1366 1537
4 1357 1366 1426 1538
4 1540 1537 1538 1593
4 1366 1537 1425 1593
4 1366 1538 1537 1593
4 1366 1426 1538 1593
4 1366 1425 1426 1593
4 1357 1421 1534 1594
4 1357 1534 1538 1594
4 1594 1534 1538 1547
4 1357 1538 1426 1594
4 1594 1538 1426 1593
4 1357 1426 1421 1594
4 1331 1326 1409 1549
4 1346 1347 1414 1550
4 1331 1415 1347 1551
4 1553 1551 1550 1595
4 1347 1414 1550 1595
4 1347 1550 1551 1595
4 1347 1551 1415 1595
4 1347 1415 1414 1595
4 1346 1425 1537 1596
4 1596 1425 1537 1593
4 1346 1537 1550 1596
4 1596 1537 1550 1578
4 1346 1550 1414 1596
4 1596 1550 1414 1595
4 1346 1414 1425 1596
4 1596 1414 1425 1443
4 743 652 745 1469
4 651 747 652 1470
4 750 745 747 1597
4 1472 1470 1469 1597
4 1469 652 745 747
4 1469 745 1597 747
4 1469 1597 1470 747
4 1469 1470 652 747
4 382 751 658 1473
4 651 658 753 1474
4 755 753 751 1598
4 1476 1473 1474 1598
4 751 658 1473 1474
4 751 1473 1598 1474
4 751 1598 753 1474
4 751 753 658 1474
4 732 763 764 1599
4 750 766 763 1600
4 755 764 766 1601
4 1602 1600 1599 1601
4 764 1599 763 1600
4 764 1601 1599 1600
4 764 766 1601 1600
4 764 763 766 1600
4 1481 1483 1482 1603
4 1472 1482 1485 1604
4 1476 1485 1483 1605
4 1602 1603 1604 1605
4 1482 1603 1483 1605
4 1482 1604 1603 1605
4 1482 1485 1604 1605
4 1482 1483 1485 1605
4 1472 1470 1597 1606
4 651 747 1470 753
4 750 1597 747 766
4 755 753 1606 766
4 1606 1470 1597 747
4 1606 1597 766 747
4 1606 766 753 747
4 1606 753 1470 747
4 1472 1597 1604 1606
4 750 1600 1597 766
4 1602 1604 1600 1601
4 755 766 1606 1601
4 1606 1597 1604 1600
4 1606 1604 1601 1600
4 1606 1601 766 1600
4 1606 766 1597 1600
4 1472 1604 1485 1606
4 1602 1605 1604 1601
4 1476 1485 1605 1598
4 755 1601 1606 1598
4 1606 1604 1485 1605
4 1606 1485 1598 1605
4 1606 1598 1601 1605
4 1606 1601 1604 1605
4 1472 1485 1470 1606
4 1476 1474 1485 1598
4 651 1470 1474 753
4 755 1598 1606 753
4 1606 1485 1470 1474
4 1606 1470 753 1474
4 1606 753 1598 1474
4 1606 1598 1485 1474
4 365 587 723 1214
4 590 724 587 1215
4 726 723 724 1607
4 1217 1215 1214 1607
4 587 723 1214 1607
4 587 1214 1215 1607
4 587 1215 724 1607
4 587 724 723 1607
4 732 734 733 1608
4 736 733 737 1609
4 726 737 734 1610
4 1611 1608 1609 1610
4 1608 734 733 737
4 1608 1610 734 737
4 1608 1609 1610 737
4 1608 733 1609 737
4 1217 1219 1220 1612
4 1611 1614 1613 1612
4 1613 1219 1612 1220
4 1613 1612 1614 1220
4 590 1225 740 1615
4 736 740 1616 1609
4 1611 1615 1609 1614
4 1615 1225 740 1616
4 1615 1614 1225 1616
4 1615 1609 1614 1616
4 1615 740 1609 1616
4 590 1215 1225 1615
4 1217 1220 1215 1612
4 1611 1615 1614 1612
4 1615 1215 1225 1220
4 1615 1612 1215 1220
4 1615 1614 1612 1220
4 1615 1225 1614 1220
4 590 724 1215 1615
4 1217 1215 1607 1612
4 726 1607 724 1610
4 1611 1615 1612 1610
4 1615 724 1215 1607
4 1615 1610 724 1607
4 1615 1612 1610 1607
4 1615 1215 1612 1607
4 590 740 724 1615
4 726 724 737 1610
4 736 737 740 1609
4 1611 1615 1610 1609
4 1615 740 724 737
4 1615 1609 740 737
4 1615 1610 1609 737
4 1615 724 1610 737
4 1242 1243 1489 1244
4 1246 1490 1243 1247
4 1492 1489 1490 1617
4 1249 1247 1244 1617
4 1489 1244 1243 1247
4 1489 1617 1244 1247
4 1489 1490 1617 1247
4 1489 1243 1490 1247
4 447 1493 1252 1253
4 1246 1252 1494 1255
4 1496 1494 1493 1618
4 1257 1253 1255 1618
4 1253 1493 1252 1494
4 1253 1618 1493 1494
4 1253 1255 1618 1494
4 1253 1252 1255 1494
4 1481 1501 1502 1619
4 1492 1504 1501 1620
4 1496 1502 1504 1621
4 1622 1620 1619 1621
4 1501 1502 1619 1621
4 1501 1619 1620 1621
4 1501 1620 1504 1621
4 1501 1504 1502 1621
4 1260 1262 1261 1623
4 1249 1261 1264 1624
4 1257 1264 1262 1625
4 1622 1623 1624 1625
4 1262 1261 1623 1624
4 1262 1623 1625 1624
4 1262 1625 1264 1624
4 1262 1264 1261 1624
4 1492 1617 1490 1626
4 1246 1490 1247 1255
4 1249 1247 1617 1264
4 1257 1626 1255 1264
4 1626 1617 1490 1247
4 1626 1264 1617 1247
4 1626 1255 1264 1247
4 1626 1490 1255 1247
4 1492 1620 1617 1626
4 1249 1617 1624 1264
4 1622 1624 1620 1625
4 1257 1626 1264 1625
4 1626 1620 1617 1624
4 1626 1625 1620 1624
4 1626 1264 1625 1624
4 1626 1617 1264 1624
4 1492 1504 1620 1626
4 1622 1620 1621 1625
4 1496 1621 1504 1618
4 1257 1626 1625 1618
4 1626 1504 1620 1621
4 1626 1618 1504 1621
4 1626 1625 1618 1621
4 1626 1620 1625 1621
4 1492 1490 1504 1626
4 1496 1504 1494 1618
4 1246 1494 1490 1255
4 1257 1626 1618 1255
4 1626 1490 1504 1494
4 1626 1255 1490 1494
4 1626 1618 1255 1494
4 1626 1504 1618 1494
4 365 389 439 1627
4 391 465 389 1628
4 441 439 465 1629
4 1630 1628 1627 1629
4 1627 389 439 465
4 1627 439 1629 465
4 1627 1629 1628 465
4 1627 1628 389 465
4 382 459 392 1473
4 391 392 464 1631
4 461 464 459 1520
4 1476 1473 1631 1520
4 459 392 1473 1631
4 459 1473 1520 1631
4 459 1520 464 1631
4 459 464 392 1631
4 447 445 462 1493
4 441 466 445 1632
4 461 462 466 1518
4 1496 1632 1493 1518
4 462 1493 445 1632
4 462 1518 1493 1632
4 462 466 1518 1632
4 462 445 466 1632
4 1481 1483 1633 1502
4 1630 1633 1634 1635
4 1476 1634 1483 1521
4 1496 1502 1635 1521
4 1633 1502 1483 1521
4 1633 1635 1502 1521
4 1633 1634 1635 1521
4 1633 1483 1634 1521
4 1630 1628 1629 1636
4 391 465 1628 464
4 441 1629 465 466
4 461 464 1636 466
4 1636 1628 1629 465
4 1636 1629 466 465
4 1636 466 464 465
4 1636 464 1628 465
4 1630 1629 1635 1636
4 441 1632 1629 466
4 1496 1635 1632 1518
4 461 466 1636 1518
4 1636 1629 1635 1632
4 1636 1635 1518 1632
4 1636 1518 466 1632
4 1636 466 1629 1632
4 1630 1635 1634 1636
4 1496 1521 1635 1518
4 1476 1634 1521 1520
4 461 1518 1636 1520
4 1636 1635 1634 1521
4 1636 1634 1520 1521
4 1636 1520 1518 1521
4 1636 1518 1635 1521
4 1630 1634 1628 1636
4 1476 1631 1634 1520
4 391 1628 1631 464
4 461 1520 1636 464
4 1636 1634 1628 1631
4 1636 1628 464 1631
4 1636 464 1520 1631
4 1636 1520 1634 1631
4 365 439 1214 1627
4 441 1303 439 1629
4 1217 1214 1303 1637
4 1630 1629 1627 1637
4 1627 439 1214 1303
4 1627 1214 1637 1303
4 1627 1637 1629 1303
4 1627 1629 439 1303
4 447 1253 445 1493
4 441 445 1301 1632
4 1257 1301 1253 1618
4 1496 1493 1632 1618
4 1253 445 1493 1632
4 1253 1493 1618 1632
4 1253 1618 1301 1632
4 1253 1301 445 1632
4 1260 1219 1262 1623
4 1217 1302 1219 1638
4 1257 1262 1302 1625
4 1622 1638 1623 1625
4 1262 1623 1219 1638
4 1262 1625 1623 1638
4 1262 1302 1625 1638
4 1262 1219 1302 1638
4 1481 1502 1633 1619
4 1630 1633 1635 1639
4 1496 1635 1502 1621
4 1622 1619 1639 1621
4 1633 1619 1502 1621
4 1633 1639 1619 1621
4 1633 1635 1639 1621
4 1633 1502 1635 1621
4 1630 1629 1637 1640
4 441 1303 1629 1301
4 1217 1637 1303 1302
4 1257 1301 1640 1302
4 1640 1629 1637 1303
4 1640 1637 1302 1303
4 1640 1302 1301 1303
4 1640 1301 1629 1303
4 1630 1637 1639 1640
4 1217 1638 1637 1302
4 1622 1639 1638 1625
4 1257 1302 1640 1625
4 1640 1637 1639 1638
4 1640 1639 1625 1638
4 1640 1625 1302 1638
4 1640 1302 1637 1638
4 1630 1639 1635 1640
4 1622 1621 1639 1625
4 1496 1635 1621 1618
4 1257 1625 1640 1618
4 1640 1639 1635 1621
4 1640 1635 1618 1621
4 1640 1618 1625 1621
4 1640 1625 1639 1621
4 1630 1635 1629 1640
4 1496 1632 1635 1618
4 441 1629 1632 1301
4 1257 1618 1640 1301
4 1640 1635 1629 1632
4 1640 1629 1301 1632
4 1640 1301 1618 1632
4 1640 1618 1635 1632
4 365 1214 723 1627
4 1217 1607 1214 1637
4 726 723 1607 1641
4 1630 1637 1627 1641
4 1627 1214 723 1607
4 1627 723 1641 1607
4 1627 1641 1637 1607
4 1627 1637 1214 1607
4 1260 1613 1219 1623
4 1217 1219 1612 1638
4 1611 1612 1613 1642
4 1622 1623 1638 1642
4 1613 1219 1623 1638
4 1613 1623 1642 1638
4 1613 1642 1612 1638
4 1613 1612 1219 1638
4 732 734 1608 1599
4 726 1610 734 1643
4 1611 1608 1610 1644
4 1602 1643 1599 1644
4 1608 1599 734 1643
4 1608 1644 1599 1643
4 1608 1610 1644 1643
4 1608 734 1610 1643
4 1481 1619 1633 1603
4 1630 1633 1639 1645
4 1622 1639 1619 1646
4 1602 1603 1645 1646
4 1633 1603 1619 1646
4 1633 1645 1603 1646
4 1633 1639 1645 1646
4 1633 1619 1639 1646
4 1630 1637 1641 1647
4 1217 1607 1637 1612
4 726 1641 1607 1610
4 1611 1612 1647 1610
4 1647 1637 1641 1607
4 1647 1641 1610 1607
4 1647 1610 1612 1607
4 1647 1612 1637 1607
4 1630 1641 1645 1647
4 726 1643 1641 1610
4 1602 1645 1643 1644
4 1611 1610 1647 1644
4 1647 1641 1645 1643
4 1647 1645 1644 1643
4 1647 1644 1610 1643
4 1647 1610 1641 1643
4 1630 1645 1639 1647
4 1602 1646 1645 1644
4 1622 1639 1646 1642
4 1611 1644 1647 1642
4 1647 1645 1639 1646
4 1647 1639 1642 1646
4 1647 1642 1644 1646
4 1647 1644 1645 1646
4 1630 1639 1637 1647
4 1622 1638 1639 1642
4 1217 1637 1638 1612
4 1611 1642 1647 1612
4 1647 1639 1637 1638
4 1647 1637 1612 1638
4 1647 1612 1642 1638
4 1647 1642 1639 1638
4 365 723 389 1627
4 726 772 723 1641
4 391 389 772 1628
4 1630 1641 1627 1628
4 1627 723 389 772
4 1627 389 1628 772
4 1627 1628 1641 772
4 1627 1641 723 772
4 732 764 734 1599
4 726 734 775 1643
4 755 775 764 1601
4 1602 1599 1643 1601
4 764 734 1599 1643
4 764 1599 1601 1643
4 764 1601 775 1643
4 764 775 734 1643
4 382 392 751 1473
4 391 774 392 1631
4 755 751 774 1598
4 1476 1631 1473 1598
4 751 1473 392 1631
4 751 1598 1473 1631
4 751 774 1598 1631
4 751 392 774 1631
4 1481 1603 1633 1483
4 1630 1633 1645 1634
4 1602 1645 1603 1605
4 1476 1483 1634 1605
4 1633 1483 1603 1605
4 1633 1634 1483 1605
4 1633 1645 1634 1605
4 1633 1603 1645 1605
4 1630 1641 1628 1648
4 726 772 1641 775
4 391 1628 772 774
4 755 775 1648 774
4 1648 1641 1628 772
4 1648 1628 774 772
4 1648 774 775 772
4 1648 775 1641 772
4 1630 1628 1634 1648
4 391 1631 1628 774
4 1476 1634 1631 1598
4 755 774 1648 1598
4 1648 1628 1634 1631
4 1648 1634 1598 1631
4 1648 1598 774 1631
4 1648 774 1628 1631
4 1630 1634 1645 1648
4 1476 1605 1634 1598
4 1602 1645 1605 1601
4 755 1598 1648 1601
4 1648 1634 1645 1605
4 1648 1645 1601 1605
4 1648 1601 1598 1605
4 1648 1598 1634 1605
4 1630 1645 1641 1648
4 1602 1643 1645 1601
4 726 1641 1643 775
4 755 1601 1648 775
4 1648 1645 1641 1643
4 1648 1641 775 1643
4 1648 775 1601 1643
4 1648 1601 1645 1643
4 732 1608 733 1649
4 736 733 1609 1650
4 1611 1609 1608 1651
4 1652 1649 1650 1651
4 1608 733 1649 1650
4 1608 1649 1651 1650
4 1608 1651 1609 1650
4 1608 1609 733 1650
4 1611 1613 1614 1653
4 736 1616 1654 1609
4 1611 1609 1655 1614
4 1655 1614 1609 1616
4 1655 1609 1654 1616
4 1611 1614 1655 1653
4 1652 1656 1657 1651
4 1611 1653 1655 1651
4 1655 1656 1651 1657
4 1655 1651 1653 1657
4 1652 1650 1656 1651
4 736 1654 1650 1609
4 1611 1651 1655 1609
4 1655 1656 1654 1650
4 1655 1654 1609 1650
4 1655 1609 1651 1650
4 1655 1651 1656 1650
4 750 745 1597 1658
4 1472 1597 1469 1586
4 1469 1586 1597 1658
4 1469 1597 745 1658
4 732 763 1599 1659
4 750 1600 763 1660
4 1602 1599 1600 1661
4 1662 1660 1659 1661
4 1659 763 1599 1600
4 1659 1599 1661 1600
4 1659 1661 1660 1600
4 1659 1660 763 1600
4 1481 1603 1482 1587
4 1472 1482 1604 1588
4 1602 1604 1603 1663
4 1589 1587 1588 1663
4 1482 1587 1603 1663
4 1482 1588 1587 1663
4 1482 1604 1588 1663
4 1482 1603 1604 1663
4 1472 1597 1586 1664
4 750 1658 1597 1660
4 1662 1660 1664 1665
4 1664 1597 1586 1658
4 1664 1586 1665 1658
4 1664 1665 1660 1658
4 1664 1660 1597 1658
4 1472 1586 1588 1664
4 1662 1665 1664 1666
4 1472 1588 1604 1664
4 1589 1663 1588 1666
4 1602 1604 1663 1661
4 1662 1666 1664 1661
4 1664 1588 1604 1663
4 1664 1604 1661 1663
4 1664 1661 1666 1663
4 1664 1666 1588 1663
4 1472 1604 1597 1664
4 1602 1600 1604 1661
4 750 1597 1600 1660
4 1662 1661 1664 1660
4 1664 1604 1597 1600
4 1664 1597 1660 1600
4 1664 1660 1661 1600
4 1664 1661 1604 1600
4 1249 1617 1244 1667
4 1492 1489 1617 1580
4 1489 1617 1580 1667
4 1489 1244 1617 1667
4 1260 1623 1261 1668
4 1249 1261 1624 1669
4 1622 1624 1623 1670
4 1668 1623 1261 1624
4 1668 1670 1623 1624
4 1668 1669 1670 1624
4 1668 1261 1669 1624
4 1481 1501 1619 1581
4 1492 1620 1501 1582
4 1622 1619 1620 1671
4 1583 1582 1581 1671
4 1501 1619 1581 1671
4 1501 1581 1582 1671
4 1501 1582 1620 1671
4 1501 1620 1619 1671
4 1492 1580 1617 1672
4 1249 1617 1667 1669
4 1672 1580 1617 1667
4 1672 1617 1669 1667
4 1492 1582 1580 1672
4 1492 1620 1582 1672
4 1583 1582 1671 1673
4 1622 1671 1620 1670
4 1672 1620 1582 1671
4 1672 1670 1620 1671
4 1672 1673 1670 1671
4 1672 1582 1673 1671
4 1492 1617 1620 1672
4 1622 1620 1624 1670
4 1249 1624 1617 1669
4 1672 1617 1620 1624
4 1672 1669 1617 1624
4 1672 1670 1669 1624
4 1672 1620 1670 1624
4 732 1608 1649 1599
4 1652 1649 1651 1674
4 1611 1651 1608 1644
4 1602 1599 1674 1644
4 1608 1649 1599 1674
4 1608 1599 1644 1674
4 1608 1644 1651 1674
4 1608 1651 1649 1674
4 1260 1675 1613 1623
4 1611 1613 1653 1642
4 1622 1676 1623 1642
4 1613 1623 1675 1676
4 1613 1642 1623 1676
4 1613 1653 1642 1676
4 1613 1675 1653 1676
4 1481 1603 1677 1619
4 1678 1677 1679 1680
4 1602 1679 1603 1646
4 1622 1619 1680 1646
4 1677 1619 1603 1646
4 1677 1680 1619 1646
4 1677 1679 1680 1646
4 1677 1603 1679 1646
4 1678 1681 1682 1683
4 1652 1657 1681 1651
4 1611 1651 1683 1653
4 1683 1681 1682 1657
4 1683 1682 1653 1657
4 1683 1653 1651 1657
4 1683 1651 1681 1657
4 1678 1682 1680 1683
4 1622 1680 1676 1642
4 1611 1653 1683 1642
4 1683 1682 1680 1676
4 1683 1680 1642 1676
4 1683 1642 1653 1676
4 1683 1653 1682 1676
4 1678 1680 1679 1683
4 1622 1646 1680 1642
4 1602 1679 1646 1644
4 1611 1642 1683 1644
4 1683 1680 1679 1646
4 1683 1679 1644 1646
4 1683 1644 1642 1646
4 1683 1642 1680 1646
4 1678 1679 1681 1683
4 1602 1674 1679 1644
4 1652 1681 1674 1651
4 1611 1644 1683 1651
4 1683 1679 1681 1674
4 1683 1681 1651 1674
4 1683 1651 1644 1674
4 1683 1644 1679 1674
4 1260 1668 1675 1623
4 1622 1623 1676 1670
4 1668 1675 1623 1676
4 1668 1623 1670 1676
4 1481 1619 1677 1581
4 1678 1677 1680 1684
4 1622 1680 1619 1671
4 1583 1581 1684 1671
4 1677 1581 1619 1671
4 1677 1684 1581 1671
4 1677 1680 1684 1671
4 1677 1619 1680 1671
4 1678 1684 1680 1685
4 1583 1671 1684 1673
4 1622 1680 1671 1670
4 1685 1684 1680 1671
4 1685 1680 1670 1671
4 1685 1670 1673 1671
4 1685 1673 1684 1671
4 1678 1680 1682 1685
4 1622 1676 1680 1670
4 1685 1680 1682 1676
4 1685 1670 1680 1676
4 1481 1581 1677 1587
4 1678 1677 1684 1686
4 1583 1684 1581 1592
4 1589 1587 1686 1592
4 1677 1587 1581 1592
4 1677 1686 1587 1592
4 1677 1684 1686 1592
4 1677 1581 1684 1592
4 732 1649 1659 1599
4 1652 1687 1649 1674
4 1662 1659 1687 1661
4 1602 1674 1599 1661
4 1659 1599 1649 1674
4 1659 1661 1599 1674
4 1659 1687 1661 1674
4 1659 1649 1687 1674
4 1481 1587 1677 1603
4 1678 1677 1686 1679
4 1589 1686 1587 1663
4 1602 1603 1679 1663
4 1677 1603 1587 1663
4 1677 1679 1603 1663
4 1677 1686 1679 1663
4 1677 1587 1686 1663
4 1652 1681 1688 1687
4 1689 1681 1687 1688
4 1678 1681 1679 1689
4 1652 1674 1681 1687
4 1602 1679 1674 1661
4 1662 1687 1689 1661
4 1689 1681 1679 1674
4 1689 1679 1661 1674
4 1689 1661 1687 1674
4 1689 1687 1681 1674
4 1678 1679 1686 1689
4 1602 1663 1679 1661
4 1589 1686 1663 1666
4 1662 1661 1689 1666
4 1689 1679 1686 1663
4 1689 1686 1666 1663
4 1689 1666 1661 1663
4 1689 1661 1679 1663
4 732 733 907 1649
4 736 908 733 1650
4 910 907 908 1690
4 1652 1650 1649 1690
4 907 1649 733 1650
4 907 1690 1649 1650
4 907 908 1690 1650
4 907 733 908 1650
4 736 1650 1654 908
4 1652 1656 1650 1690
4 750 895 745 1658
4 893 745 895 1658
4 732 899 763 1659
4 750 763 900 1660
4 902 900 899 1691
4 1662 1659 1660 1691
4 1659 899 763 900
4 1659 1691 899 900
4 1659 1660 1691 900
4 1659 763 1660 900
4 750 895 1658 1660
4 1662 1692 1660 1665
4 1692 1660 1665 1658
4 1692 895 1660 1658
4 902 904 900 1691
4 750 900 895 1660
4 1662 1692 1691 1660
4 1692 895 904 900
4 1692 1660 895 900
4 1692 1691 1660 900
4 1692 904 1691 900
4 732 1649 907 899
4 1652 1690 1649 1693
4 910 907 1690 916
4 902 1693 899 916
4 907 899 1649 1693
4 907 916 899 1693
4 907 1690 916 1693
4 907 1649 1690 1693
4 902 1694 1693 916
4 732 1659 1649 899
4 1652 1649 1687 1693
4 1662 1687 1659 1691
4 902 899 1693 1691
4 1659 1649 899 1693
4 1659 899 1691 1693
4 1659 1691 1687 1693
4 1659 1687 1649 1693
4 902 1693 1694 1691
4 1662 1691 1695 1687
4 1695 1687 1691 1693
4 1695 1691 1694 1693
4 552 1081 553 1696
4 354 553 426 476
4 424 426 1081 477
4 475 1696 476 477
4 1696 1081 553 426
4 1696 477 1081 426
4 1696 476 477 426
4 1696 553 476 426
4 552 556 1083 1697
4 422 1095 1094 1698
4 1097 1094 1098 1699
4 1100 1098 1095 1700
4 1701 1698 1699 1700
4 1094 1698 1095 1700
4 1094 1699 1698 1700
4 1094 1098 1699 1700
4 1094 1095 1098 1700
4 1701 1703 1702 1704
4 1097 1705 1699 1706
4 1701 1699 1703 1704
4 1706 1705 1699 1703
4 1706 1699 1704 1703
4 1097 1699 1098 1706
4 1701 1700 1699 1704
4 1706 1699 1098 1700
4 1706 1704 1699 1700
4 1707 1708 1709 1710
4 1711 1712 1710 1713
4 473 1714 1715 1716
4 1707 1717 1714 1718
4 1719 1715 1717 1720
4 1721 1718 1716 1720
4 1716 1714 1715 1717
4 1716 1715 1720 1717
4 1716 1720 1718 1717
4 1716 1718 1714 1717
4 1719 1723 1722 1724
4 1711 1726 1725 1727
4 1721 1728 1726 1729
4 1728 1726 1729 1727
4 1728 1725 1726 1727
4 1707 1710 1709 1718
4 1711 1713 1710 1726
4 1721 1718 1730 1726
4 1730 1709 1713 1710
4 1730 1713 1726 1710
4 1730 1726 1718 1710
4 1730 1718 1709 1710
4 1711 1727 1713 1726
4 1721 1726 1730 1729
4 1730 1729 1726 1727
4 1730 1726 1713 1727
4 1719 1723 1724 1720
4 1721 1729 1730 1720
4 1730 1723 1720 1724
4 1730 1720 1729 1724
4 1719 1717 1723 1720
4 1707 1709 1717 1718
4 1721 1720 1730 1718
4 1730 1723 1709 1717
4 1730 1709 1718 1717
4 1730 1718 1720 1717
4 1730 1720 1723 1717
4 422 468 420 1731
4 424 420 469 1732
4 470 469 468 1733
4 1734 1731 1732 1733
4 1731 468 420 469
4 1731 1733 468 469
4 1731 1732 1733 469
4 1731 420 1732 469
4 552 1081 1696 1697
4 424 477 1081 1735
4 475 1696 477 1736
4 1737 1735 1697 1736
4 1696 1697 1081 1735
4 1696 1736 1697 1735
4 1696 477 1736 1735
4 1696 1081 477 1735
4 473 471 472 1715
4 470 472 474 1738
4 475 474 471 1739
4 1719 1715 1738 1739
4 471 472 1715 1738
4 471 1715 1739 1738
4 471 1739 474 1738
4 471 474 472 1738
4 1734 1741 1740 1742
4 1719 1742 1722 1743
4 1740 1722 1742 1743
4 1740 1742 1741 1743
4 1734 1733 1732 1744
4 424 1732 469 477
4 470 469 1733 474
4 475 1744 477 474
4 1744 1733 1732 469
4 1744 474 1733 469
4 1744 477 474 469
4 1744 1732 477 469
4 1734 1742 1733 1744
4 470 1733 1738 474
4 1719 1738 1742 1739
4 475 1744 474 1739
4 1744 1742 1733 1738
4 1744 1739 1742 1738
4 1744 474 1739 1738
4 1744 1733 474 1738
4 1734 1741 1742 1744
4 1719 1742 1743 1739
4 1737 1743 1741 1736
4 475 1744 1739 1736
4 1744 1741 1742 1743
4 1744 1736 1741 1743
4 1744 1739 1736 1743
4 1744 1742 1739 1743
4 1734 1732 1741 1744
4 1737 1741 1735 1736
4 424 1735 1732 477
4 475 1744 1736 477
4 1744 1732 1741 1735
4 1744 477 1732 1735
4 1744 1736 477 1735
4 1744 1741 1736 1735
4 422 1698 468 1731
4 470 468 1745 1733
4 1701 1745 1698 1746
4 1734 1731 1733 1746
4 1731 1698 468 1745
4 1731 1746 1698 1745
4 1731 1733 1746 1745
4 1731 468 1733 1745
4 473 472 1716 1715
4 470 1747 472 1738
4 1721 1716 1747 1720
4 1719 1738 1715 1720
4 1716 1715 472 1738
4 1716 1720 1715 1738
4 1716 1747 1720 1738
4 1716 472 1747 1738
4 1701 1702 1748 1749
4 1721 1748 1728 1729
4 1728 1729 1748 1749
4 1728 1748 1702 1749
4 1734 1742 1740 1750
4 1719 1722 1742 1724
4 1740 1750 1742 1724
4 1740 1742 1722 1724
4 1734 1746 1733 1751
4 470 1733 1745 1747
4 1701 1745 1746 1748
4 1721 1751 1747 1748
4 1751 1746 1733 1745
4 1751 1748 1746 1745
4 1751 1747 1748 1745
4 1751 1733 1747 1745
4 1734 1750 1746 1751
4 1701 1746 1749 1748
4 1721 1751 1748 1729
4 1751 1750 1746 1749
4 1751 1729 1750 1749
4 1751 1748 1729 1749
4 1751 1746 1748 1749
4 1734 1742 1750 1751
4 1719 1724 1742 1720
4 1721 1751 1729 1720
4 1751 1742 1750 1724
4 1751 1720 1742 1724
4 1751 1729 1720 1724
4 1751 1750 1729 1724
4 1734 1733 1742 1751
4 1719 1742 1738 1720
4 470 1738 1733 1747
4 1721 1751 1720 1747
4 1751 1733 1742 1738
4 1751 1747 1733 1738
4 1751 1720 1747 1738
4 1751 1742 1720 1738
4 422 1095 1698 1731
4 1701 1698 1700 1746
4 1100 1700 1095 1752
4 1734 1731 1746 1752
4 1731 1095 1698 1700
4 1731 1752 1095 1700
4 1731 1746 1752 1700
4 1731 1698 1746 1700
4 1701 1704 1702 1749
4 1734 1752 1746 1753
4 1701 1746 1700 1704
4 1753 1752 1746 1700
4 1753 1746 1704 1700
4 1734 1746 1750 1753
4 1701 1749 1746 1704
4 1753 1746 1750 1749
4 1753 1704 1746 1749
4 422 420 1095 1731
4 1100 1095 1123 1752
4 424 1123 420 1732
4 1734 1731 1752 1732
4 1731 420 1095 1123
4 1731 1732 420 1123
4 1731 1752 1732 1123
4 1731 1095 1752 1123
4 552 1083 1081 1697
4 424 1081 1121 1735
4 1737 1697 1735 1754
4 1083 1081 1697 1735
4 1083 1697 1754 1735
4 1083 1754 1121 1735
4 1083 1121 1081 1735
4 1734 1732 1752 1755
4 1100 1752 1123 1126
4 424 1123 1732 1121
4 1755 1732 1752 1123
4 1755 1121 1732 1123
4 1755 1126 1121 1123
4 1755 1752 1126 1123
4 1734 1741 1732 1755
4 424 1732 1735 1121
4 1737 1735 1741 1754
4 1755 1741 1732 1735
4 1755 1754 1741 1735
4 1755 1121 1754 1735
4 1755 1732 1121 1735
4 630 631 1130 1756
4 371 437 631 488
4 435 1130 437 487
4 486 488 1756 487
4 1130 1756 631 488
4 1130 487 1756 488
4 1130 437 487 488
4 1130 631 437 488
4 630 1132 634 1757
4 1153 1154 1155 1758
4 433 1160 1161 1759
4 1153 1163 1160 1760
4 1165 1161 1163 1761
4 1762 1760 1759 1761
4 1759 1160 1161 1163
4 1759 1161 1761 1163
4 1759 1761 1760 1163
4 1759 1760 1160 1163
4 1762 1763 1764 1765
4 1153 1758 1155 1760
4 1762 1760 1766 1764
4 1766 1764 1760 1758
4 1766 1760 1155 1758
4 1762 1764 1766 1765
4 1165 1176 1767 1761
4 1762 1765 1766 1761
4 1766 1176 1761 1767
4 1766 1761 1765 1767
4 1165 1163 1176 1761
4 1153 1155 1163 1760
4 1762 1761 1766 1760
4 1766 1176 1155 1163
4 1766 1155 1760 1163
4 1766 1760 1761 1163
4 1766 1761 1176 1163
4 484 1769 1768 1770
4 1771 1768 1772 1773
4 1774 1772 1769 1775
4 1776 1770 1773 1775
4 1768 1770 1769 1775
4 1768 1773 1770 1775
4 1768 1772 1773 1775
4 1768 1769 1772 1775
4 1776 1778 1777 1779
4 1776 1773 1778 1779
4 1776 1775 1773 1779
4 484 483 482 1780
4 486 482 485 1781
4 481 485 483 1782
4 1783 1780 1781 1782
4 1780 483 482 485
4 1780 1782 483 485
4 1780 1781 1782 485
4 1780 482 1781 485
4 630 1756 1130 1132
4 486 487 1756 1784
4 435 1130 487 1191
4 1192 1784 1132 1191
4 1130 1132 1756 1784
4 1130 1191 1132 1784
4 1130 487 1191 1784
4 1130 1756 487 1784
4 433 431 479 1161
4 481 479 480 1785
4 435 480 431 1194
4 1165 1161 1785 1194
4 431 479 1161 1785
4 431 1161 1194 1785
4 431 1194 480 1785
4 431 480 479 1785
4 1783 1782 1781 1786
4 486 1781 485 487
4 481 485 1782 480
4 435 1786 487 480
4 1786 1782 1781 485
4 1786 480 1782 485
4 1786 487 480 485
4 1786 1781 487 485
4 1783 1787 1782 1786
4 481 1782 1785 480
4 1165 1785 1787 1194
4 435 1786 480 1194
4 1786 1787 1782 1785
4 1786 1194 1787 1785
4 1786 480 1194 1785
4 1786 1782 480 1785
4 1783 1788 1787 1786
4 1165 1787 1198 1194
4 1192 1198 1788 1191
4 435 1786 1194 1191
4 1786 1788 1787 1198
4 1786 1191 1788 1198
4 1786 1194 1191 1198
4 1786 1787 1194 1198
4 1783 1781 1788 1786
4 1192 1788 1784 1191
4 486 1784 1781 487
4 435 1786 1191 487
4 1786 1781 1788 1784
4 1786 487 1781 1784
4 1786 1191 487 1784
4 1786 1788 1191 1784
4 484 1770 483 1780
4 481 483 1789 1782
4 1776 1789 1770 1790
4 1783 1780 1782 1790
4 1780 1770 483 1789
4 1780 1790 1770 1789
4 1780 1782 1790 1789
4 1780 483 1782 1789
4 433 479 1759 1161
4 481 1791 479 1785
4 1762 1759 1791 1761
4 1165 1785 1161 1761
4 1759 1161 479 1785
4 1759 1761 1161 1785
4 1759 1791 1761 1785
4 1759 479 1791 1785
4 1776 1777 1792 1793
4 1762 1792 1763 1765
4 1763 1765 1792 1793
4 1763 1792 1777 1793
4 1783 1790 1782 1794
4 481 1782 1789 1791
4 1776 1789 1790 1792
4 1762 1794 1791 1792
4 1794 1790 1782 1789
4 1794 1792 1790 1789
4 1794 1791 1792 1789
4 1794 1782 1791 1789
4 1783 1795 1790 1794
4 1776 1790 1793 1792
4 1762 1794 1792 1765
4 1794 1795 1790 1793
4 1794 1765 1795 1793
4 1794 1792 1765 1793
4 1794 1790 1792 1793
4 1783 1787 1795 1794
4 1165 1767 1787 1761
4 1762 1794 1765 1761
4 1794 1787 1795 1767
4 1794 1761 1787 1767
4 1794 1765 1761 1767
4 1794 1795 1765 1767
4 1783 1782 1787 1794
4 1165 1787 1785 1761
4 481 1785 1782 1791
4 1762 1794 1761 1791
4 1794 1782 1787 1785
4 1794 1791 1782 1785
4 1794 1761 1791 1785
4 1794 1787 1761 1785
4 484 1769 1770 1780
4 1776 1770 1775 1790
4 1774 1775 1769 1796
4 1783 1780 1790 1796
4 1780 1769 1770 1775
4 1780 1796 1769 1775
4 1780 1790 1796 1775
4 1780 1770 1790 1775
4 1776 1779 1777 1793
4 1783 1796 1790 1797
4 1776 1790 1775 1779
4 1797 1796 1790 1775
4 1797 1790 1779 1775
4 1783 1790 1795 1797
4 1776 1793 1790 1779
4 1797 1790 1795 1793
4 1797 1779 1790 1793
4 484 482 1769 1780
4 1774 1769 1798 1796
4 486 1798 482 1781
4 1783 1780 1796 1781
4 1780 482 1769 1798
4 1780 1781 482 1798
4 1780 1796 1781 1798
4 1780 1769 1796 1798
4 630 1757 1756 1132
4 486 1756 1799 1784
4 1192 1132 1784 1800
4 1757 1756 1132 1784
4 1757 1132 1800 1784
4 1757 1800 1799 1784
4 1757 1799 1756 1784
4 1783 1781 1796 1801
4 1774 1796 1798 1802
4 486 1798 1781 1799
4 1801 1781 1796 1798
4 1801 1799 1781 1798
4 1801 1802 1799 1798
4 1801 1796 1802 1798
4 1783 1788 1781 1801
4 486 1781 1784 1799
4 1192 1784 1788 1800
4 1801 1788 1781 1784
4 1801 1800 1788 1784
4 1801 1799 1800 1784
4 1801 1781 1799 1784
4 1803 1712 1708 1804
4 1707 1708 1710 1805
4 1711 1710 1712 1806
4 1807 1804 1805 1806
4 1804 1712 1708 1710
4 1804 1806 1712 1710
4 1804 1805 1806 1710
4 1804 1708 1805 1710
4 473 1714 1716 491
4 1707 1718 1714 1808
4 1721 1716 1718 1809
4 493 1808 491 1809
4 1716 491 1714 1808
4 1716 1809 491 1808
4 1716 1718 1809 1808
4 1716 1714 1718 1808
4 1810 1728 1725 1811
4 1711 1725 1726 1812
4 1721 1726 1728 1813
4 1814 1811 1812 1813
4 1728 1725 1811 1812
4 1728 1811 1813 1812
4 1728 1813 1726 1812
4 1728 1726 1725 1812
4 1815 1816 1817 1818
4 1807 1819 1816 1820
4 493 1817 1819 1821
4 1814 1820 1818 1821
4 1816 1817 1818 1821
4 1816 1818 1820 1821
4 1816 1820 1819 1821
4 1816 1819 1817 1821
4 1807 1806 1805 1822
4 1707 1805 1710 1718
4 1711 1710 1806 1726
4 1721 1822 1718 1726
4 1822 1806 1805 1710
4 1822 1726 1806 1710
4 1822 1718 1726 1710
4 1822 1805 1718 1710
4 1807 1820 1806 1822
4 1711 1806 1812 1726
4 1814 1812 1820 1813
4 1721 1822 1726 1813
4 1822 1820 1806 1812
4 1822 1813 1820 1812
4 1822 1726 1813 1812
4 1822 1806 1726 1812
4 1807 1819 1820 1822
4 1814 1820 1821 1813
4 493 1821 1819 1809
4 1721 1822 1813 1809
4 1822 1819 1820 1821
4 1822 1809 1819 1821
4 1822 1813 1809 1821
4 1822 1820 1813 1821
4 1807 1805 1819 1822
4 493 1819 1808 1809
4 1707 1808 1805 1718
4 1721 1822 1809 1718
4 1822 1805 1819 1808
4 1822 1718 1805 1808
4 1822 1809 1718 1808
4 1822 1819 1809 1808
4 422 1698 1094 1305
4 1097 1094 1699 1306
4 1701 1699 1698 1823
4 1307 1305 1306 1823
4 1094 1305 1698 1823
4 1094 1306 1305 1823
4 1094 1699 1306 1823
4 1094 1698 1699 1823
4 1701 1702 1703 1824
4 1825 1827 1826 1824
4 1826 1702 1824 1703
4 1826 1824 1827 1703
4 1309 1311 1310 1828
4 1313 1310 1314 1829
4 1307 1314 1311 1830
4 1825 1828 1829 1830
4 1828 1311 1310 1314
4 1828 1830 1311 1314
4 1828 1829 1830 1314
4 1828 1310 1829 1314
4 1097 1705 1321 1831
4 1313 1321 1832 1829
4 1825 1827 1831 1829
4 1831 1705 1321 1832
4 1831 1321 1829 1832
4 1831 1829 1827 1832
4 1831 1827 1705 1832
4 1097 1321 1306 1831
4 1313 1314 1321 1829
4 1307 1306 1314 1830
4 1825 1829 1831 1830
4 1831 1321 1306 1314
4 1831 1306 1830 1314
4 1831 1830 1829 1314
4 1831 1829 1321 1314
4 1097 1306 1699 1831
4 1307 1823 1306 1830
4 1701 1699 1823 1824
4 1825 1830 1831 1824
4 1831 1306 1699 1823
4 1831 1699 1824 1823
4 1831 1824 1830 1823
4 1831 1830 1306 1823
4 1097 1699 1705 1831
4 1701 1703 1699 1824
4 1825 1824 1831 1827
4 1831 1699 1705 1703
4 1831 1705 1827 1703
4 1831 1827 1824 1703
4 1831 1824 1699 1703
4 1324 1833 1154 1325
4 1153 1154 1834 1327
4 1835 1834 1833 1836
4 1329 1325 1327 1836
4 1833 1154 1325 1327
4 1833 1325 1836 1327
4 1833 1836 1834 1327
4 1833 1834 1154 1327
4 433 1160 494 1332
4 1153 1837 1160 1334
4 496 494 1837 1838
4 1336 1334 1332 1838
4 1332 1160 494 1837
4 1332 494 1838 1837
4 1332 1838 1334 1837
4 1332 1334 1160 1837
4 1815 1840 1839 1841
4 1835 1839 1842 1843
4 496 1842 1840 1844
4 1845 1841 1843 1844
4 1839 1841 1840 1844
4 1839 1843 1841 1844
4 1839 1842 1843 1844
4 1839 1840 1842 1844
4 1309 1339 1340 1846
4 1329 1342 1339 1847
4 1336 1340 1342 1848
4 1845 1847 1846 1848
4 1340 1846 1339 1847
4 1340 1848 1846 1847
4 1340 1342 1848 1847
4 1340 1339 1342 1847
4 1835 1834 1836 1849
4 1153 1327 1834 1334
4 1329 1836 1327 1342
4 1336 1334 1849 1342
4 1849 1834 1836 1327
4 1849 1836 1342 1327
4 1849 1342 1334 1327
4 1849 1334 1834 1327
4 1835 1836 1843 1849
4 1329 1847 1836 1342
4 1845 1843 1847 1848
4 1336 1342 1849 1848
4 1849 1836 1843 1847
4 1849 1843 1848 1847
4 1849 1848 1342 1847
4 1849 1342 1836 1847
4 1835 1843 1842 1849
4 1845 1844 1843 1848
4 496 1842 1844 1838
4 1336 1848 1849 1838
4 1849 1843 1842 1844
4 1849 1842 1838 1844
4 1849 1838 1848 1844
4 1849 1848 1843 1844
4 1835 1842 1834 1849
4 496 1837 1842 1838
4 1153 1834 1837 1334
4 1336 1838 1849 1334
4 1849 1842 1834 1837
4 1849 1834 1334 1837
4 1849 1334 1838 1837
4 1849 1838 1842 1837
4 422 449 468 1850
4 470 468 490 497
4 451 490 449 498
4 499 1850 497 498
4 1850 449 468 490
4 1850 498 449 490
4 1850 497 498 490
4 1850 468 497 490
4 1815 1851 1817 1840
4 499 501 1851 500
4 493 1817 501 502
4 496 500 1840 502
4 1851 1817 1840 502
4 1851 1840 500 502
4 1851 500 501 502
4 1851 501 1817 502
4 422 1305 449 1850
4 451 449 1397 498
4 1307 1397 1305 1852
4 499 1850 498 1852
4 1850 1305 449 1397
4 1850 1852 1305 1397
4 1850 498 1852 1397
4 1850 449 498 1397
4 433 452 1332 494
4 451 1399 452 495
4 1336 1332 1399 1838
4 496 495 494 1838
4 1332 494 452 495
4 1332 1838 494 495
4 1332 1399 1838 495
4 1332 452 1399 495
4 1309 1340 1311 1846
4 1307 1311 1398 1853
4 1336 1398 1340 1848
4 1845 1846 1853 1848
4 1340 1311 1846 1853
4 1340 1846 1848 1853
4 1340 1848 1398 1853
4 1340 1398 1311 1853
4 1815 1851 1840 1841
4 499 500 1851 1854
4 496 1840 500 1844
4 1845 1854 1841 1844
4 1851 1840 1841 1844
4 1851 1841 1854 1844
4 1851 1854 500 1844
4 1851 500 1840 1844
4 499 1852 498 1855
4 451 498 1397 1399
4 1307 1397 1852 1398
4 1336 1855 1399 1398
4 1855 1852 498 1397
4 1855 1398 1852 1397
4 1855 1399 1398 1397
4 1855 498 1399 1397
4 499 1854 1852 1855
4 1307 1852 1853 1398
4 1845 1853 1854 1848
4 1336 1855 1398 1848
4 1855 1854 1852 1853
4 1855 1848 1854 1853
4 1855 1398 1848 1853
4 1855 1852 1398 1853
4 499 500 1854 1855
4 1845 1854 1844 1848
4 496 1844 500 1838
4 1336 1855 1848 1838
4 1855 500 1854 1844
4 1855 1838 500 1844
4 1855 1848 1838 1844
4 1855 1854 1848 1844
4 499 498 500 1855
4 496 500 495 1838
4 451 495 498 1399
4 1336 1855 1838 1399
4 1855 498 500 495
4 1855 1399 498 495
4 1855 1838 1399 495
4 1855 500 1838 495
4 422 1698 1305 1850
4 1307 1305 1823 1852
4 1701 1823 1698 1856
4 499 1850 1852 1856
4 1850 1698 1305 1823
4 1850 1856 1698 1823
4 1850 1852 1856 1823
4 1850 1305 1852 1823
4 1309 1311 1828 1846
4 1307 1830 1311 1853
4 1825 1828 1830 1857
4 1845 1853 1846 1857
4 1828 1846 1311 1853
4 1828 1857 1846 1853
4 1828 1830 1857 1853
4 1828 1311 1830 1853
4 1810 1826 1702 1811
4 1701 1702 1824 1858
4 1825 1824 1826 1859
4 1814 1811 1858 1859
4 1826 1702 1811 1858
4 1826 1811 1859 1858
4 1826 1859 1824 1858
4 1826 1824 1702 1858
4 1815 1851 1841 1818
4 499 1854 1851 1860
4 1845 1841 1854 1861
4 1814 1860 1818 1861
4 1851 1841 1818 1861
4 1851 1818 1860 1861
4 1851 1860 1854 1861
4 1851 1854 1841 1861
4 499 1856 1852 1862
4 1307 1852 1823 1830
4 1701 1823 1856 1824
4 1825 1862 1830 1824
4 1862 1856 1852 1823
4 1862 1824 1856 1823
4 1862 1830 1824 1823
4 1862 1852 1830 1823
4 499 1860 1856 1862
4 1701 1856 1858 1824
4 1814 1858 1860 1859
4 1825 1862 1824 1859
4 1862 1860 1856 1858
4 1862 1859 1860 1858
4 1862 1824 1859 1858
4 1862 1856 1824 1858
4 499 1854 1860 1862
4 1814 1860 1861 1859
4 1845 1861 1854 1857
4 1825 1862 1859 1857
4 1862 1854 1860 1861
4 1862 1857 1854 1861
4 1862 1859 1857 1861
4 1862 1860 1859 1861
4 499 1852 1854 1862
4 1845 1854 1853 1857
4 1307 1853 1852 1830
4 1825 1862 1857 1830
4 1862 1852 1854 1853
4 1862 1830 1852 1853
4 1862 1857 1830 1853
4 1862 1854 1857 1853
4 422 468 1698 1850
4 1701 1698 1745 1856
4 470 1745 468 497
4 499 1850 1856 497
4 1850 468 1698 1745
4 1850 497 468 1745
4 1850 1856 497 1745
4 1850 1698 1856 1745
4 1810 1702 1728 1811
4 1701 1748 1702 1858
4 1721 1728 1748 1813
4 1814 1858 1811 1813
4 1728 1811 1702 1858
4 1728 1813 1811 1858
4 1728 1748 1813 1858
4 1728 1702 1748 1858
4 473 1716 472 491
4 470 472 1747 492
4 1721 1747 1716 1809
4 493 491 492 1809
4 1716 472 491 492
4 1716 491 1809 492
4 1716 1809 1747 492
4 1716 1747 472 492
4 1815 1851 1818 1817
4 499 1860 1851 501
4 1814 1818 1860 1821
4 493 501 1817 1821
4 1851 1818 1817 1821
4 1851 1817 501 1821
4 1851 501 1860 1821
4 1851 1860 1818 1821
4 499 497 1856 1863
4 1701 1856 1745 1748
4 470 1745 497 1747
4 1721 1863 1748 1747
4 1863 497 1856 1745
4 1863 1747 497 1745
4 1863 1748 1747 1745
4 1863 1856 1748 1745
4 499 501 497 1863
4 470 497 492 1747
4 493 492 501 1809
4 1721 1863 1747 1809
4 1863 501 497 492
4 1863 1809 501 492
4 1863 1747 1809 492
4 1863 497 1747 492
4 499 1860 501 1863
4 493 501 1821 1809
4 1814 1821 1860 1813
4 1721 1863 1809 1813
4 1863 1860 501 1821
4 1863 1813 1860 1821
4 1863 1809 1813 1821
4 1863 501 1809 1821
4 499 1856 1860 1863
4 1814 1860 1858 1813
4 1701 1858 1856 1748
4 1721 1863 1813 1748
4 1863 1856 1860 1858
4 1863 1748 1856 1858
4 1863 1813 1748 1858
4 1863 1860 1813 1858
4 1864 1866 1865 1867
4 1868 1869 1866 1870
4 1871 1872 1873 1874
4 1868 1873 1875 1876
4 1877 1878 1874 1876
4 1873 1874 1872 1878
4 1873 1876 1874 1878
4 1873 1875 1876 1878
4 1873 1872 1875 1878
4 1877 1879 1880 1881
4 1868 1869 1882 1875
4 1877 1880 1878 1876
4 1868 1875 1882 1876
4 1882 1880 1876 1878
4 1882 1876 1875 1878
4 1877 1881 1880 1876
4 1868 1876 1882 1870
4 1882 1870 1876 1881
4 1882 1876 1880 1881
4 1868 1870 1882 1869
4 1803 1804 1883 1712
4 1884 1883 1885 1886
4 1807 1885 1804 1806
4 1711 1712 1886 1806
4 1804 1883 1712 1886
4 1804 1712 1806 1886
4 1804 1806 1885 1886
4 1804 1885 1883 1886
4 1864 1887 1888 1889
4 1884 1890 1887 1891
4 1892 1888 1890 1893
4 1894 1891 1889 1893
4 1889 1887 1888 1890
4 1889 1888 1893 1890
4 1889 1893 1891 1890
4 1889 1891 1887 1890
4 1815 1895 1816 1818
4 1807 1816 1896 1820
4 1892 1896 1895 1897
4 1814 1818 1820 1897
4 1816 1818 1895 1897
4 1816 1820 1818 1897
4 1816 1896 1820 1897
4 1816 1895 1896 1897
4 1810 1725 1898 1811
4 1711 1899 1725 1812
4 1894 1898 1899 1900
4 1814 1812 1811 1900
4 1898 1811 1725 1812
4 1898 1900 1811 1812
4 1898 1899 1900 1812
4 1898 1725 1899 1812
4 1807 1885 1806 1901
4 1884 1886 1885 1891
4 1711 1806 1886 1899
4 1894 1891 1901 1899
4 1901 1885 1806 1886
4 1901 1806 1899 1886
4 1901 1899 1891 1886
4 1901 1891 1885 1886
4 1807 1806 1820 1901
4 1711 1812 1806 1899
4 1814 1820 1812 1900
4 1894 1899 1901 1900
4 1901 1806 1820 1812
4 1901 1820 1900 1812
4 1901 1900 1899 1812
4 1901 1899 1806 1812
4 1807 1820 1896 1901
4 1814 1897 1820 1900
4 1892 1896 1897 1893
4 1894 1900 1901 1893
4 1901 1820 1896 1897
4 1901 1896 1893 1897
4 1901 1893 1900 1897
4 1901 1900 1820 1897
4 1807 1896 1885 1901
4 1892 1890 1896 1893
4 1884 1885 1890 1891
4 1894 1893 1901 1891
4 1901 1896 1885 1890
4 1901 1885 1891 1890
4 1901 1891 1893 1890
4 1901 1893 1896 1890
4 1324 1902 1833 1325
4 1903 1904 1902 1905
4 1835 1833 1904 1836
4 1329 1905 1325 1836
4 1833 1325 1902 1905
4 1833 1836 1325 1905
4 1833 1904 1836 1905
4 1833 1902 1904 1905
4 1871 1907 1906 1908
4 1903 1906 1909 1910
4 1911 1909 1907 1912
4 1913 1908 1910 1912
4 1908 1907 1906 1909
4 1908 1912 1907 1909
4 1908 1910 1912 1909
4 1908 1906 1910 1909
4 1815 1839 1914 1841
4 1835 1915 1839 1843
4 1911 1914 1915 1916
4 1845 1843 1841 1916
4 1839 1914 1841 1916
4 1839 1841 1843 1916
4 1839 1843 1915 1916
4 1839 1915 1914 1916
4 1309 1917 1339 1846
4 1329 1339 1918 1847
4 1913 1918 1917 1919
4 1845 1846 1847 1919
4 1917 1339 1846 1847
4 1917 1846 1919 1847
4 1917 1919 1918 1847
4 1917 1918 1339 1847
4 1835 1836 1904 1920
4 1903 1904 1905 1910
4 1329 1905 1836 1918
4 1913 1920 1910 1918
4 1920 1836 1904 1905
4 1920 1918 1836 1905
4 1920 1910 1918 1905
4 1920 1904 1910 1905
4 1835 1843 1836 1920
4 1329 1836 1847 1918
4 1845 1847 1843 1919
4 1913 1920 1918 1919
4 1920 1843 1836 1847
4 1920 1919 1843 1847
4 1920 1918 1919 1847
4 1920 1836 1918 1847
4 1835 1915 1843 1920
4 1845 1843 1916 1919
4 1911 1916 1915 1912
4 1913 1920 1919 1912
4 1920 1915 1843 1916
4 1920 1912 1915 1916
4 1920 1919 1912 1916
4 1920 1843 1919 1916
4 1835 1904 1915 1920
4 1911 1915 1909 1912
4 1903 1909 1904 1910
4 1913 1920 1912 1910
4 1920 1904 1915 1909
4 1920 1910 1904 1909
4 1920 1912 1910 1909
4 1920 1915 1912 1909
4 1921 1923 1922 1924
4 1825 1826 1827 1925
4 1309 1310 1926 1828
4 1313 1927 1310 1829
4 1921 1926 1927 1928
4 1825 1829 1828 1928
4 1828 1310 1926 1927
4 1828 1926 1928 1927
4 1828 1928 1829 1927
4 1828 1829 1310 1927
4 1825 1929 1827 1829
4 1929 1827 1829 1832
4 1921 1927 1923 1928
4 1825 1929 1829 1928
4 1929 1928 1923 1927
4 1929 1829 1928 1927
4 1921 1923 1924 1928
4 1825 1929 1928 1925
4 1929 1928 1925 1924
4 1929 1923 1928 1924
4 1825 1929 1925 1827
4 1877 1879 1881 1930
4 1931 1933 1932 1930
4 1932 1879 1930 1881
4 1932 1930 1933 1881
4 1864 1866 1867 1888
4 1934 1867 1870 1935
4 1868 1870 1866 1936
4 1892 1888 1935 1936
4 1866 1867 1888 1935
4 1866 1888 1936 1935
4 1866 1936 1870 1935
4 1866 1870 1867 1935
4 1871 1874 1873 1907
4 1877 1876 1874 1937
4 1868 1873 1876 1938
4 1911 1937 1907 1938
4 1873 1907 1874 1937
4 1873 1938 1907 1937
4 1873 1876 1938 1937
4 1873 1874 1876 1937
4 1815 1895 1939 1914
4 1931 1939 1940 1941
4 1892 1940 1895 1942
4 1911 1914 1941 1942
4 1939 1914 1895 1942
4 1939 1941 1914 1942
4 1939 1940 1941 1942
4 1939 1895 1940 1942
4 1931 1933 1930 1943
4 1934 1881 1933 1870
4 1877 1930 1881 1876
4 1868 1870 1943 1876
4 1943 1933 1930 1881
4 1943 1930 1876 1881
4 1943 1876 1870 1881
4 1943 1870 1933 1881
4 1931 1930 1941 1943
4 1877 1937 1930 1876
4 1911 1941 1937 1938
4 1868 1876 1943 1938
4 1943 1930 1941 1937
4 1943 1941 1938 1937
4 1943 1938 1876 1937
4 1943 1876 1930 1937
4 1931 1941 1940 1943
4 1911 1942 1941 1938
4 1892 1940 1942 1936
4 1868 1938 1943 1936
4 1943 1941 1940 1942
4 1943 1940 1936 1942
4 1943 1936 1938 1942
4 1943 1938 1941 1942
4 1931 1940 1933 1943
4 1892 1935 1940 1936
4 1934 1933 1935 1870
4 1868 1936 1943 1870
4 1943 1940 1933 1935
4 1943 1933 1870 1935
4 1943 1870 1936 1935
4 1943 1936 1940 1935
4 1877 1944 1879 1930
4 1921 1922 1944 1945
4 1931 1930 1932 1945
4 1932 1879 1922 1944
4 1932 1922 1945 1944
4 1932 1945 1930 1944
4 1932 1930 1879 1944
4 1871 1908 1874 1907
4 1877 1874 1946 1937
4 1913 1946 1908 1912
4 1911 1907 1937 1912
4 1908 1874 1907 1937
4 1908 1907 1912 1937
4 1908 1912 1946 1937
4 1908 1946 1874 1937
4 1309 1926 1917 1846
4 1921 1947 1926 1948
4 1913 1917 1947 1919
4 1845 1948 1846 1919
4 1917 1846 1926 1948
4 1917 1919 1846 1948
4 1917 1947 1919 1948
4 1917 1926 1947 1948
4 1815 1914 1939 1841
4 1931 1939 1941 1949
4 1911 1941 1914 1916
4 1845 1841 1949 1916
4 1939 1841 1914 1916
4 1939 1949 1841 1916
4 1939 1941 1949 1916
4 1939 1914 1941 1916
4 1931 1930 1945 1950
4 1877 1944 1930 1946
4 1921 1945 1944 1947
4 1913 1946 1950 1947
4 1950 1930 1945 1944
4 1950 1945 1947 1944
4 1950 1947 1946 1944
4 1950 1946 1930 1944
4 1931 1945 1949 1950
4 1921 1948 1945 1947
4 1845 1949 1948 1919
4 1913 1947 1950 1919
4 1950 1945 1949 1948
4 1950 1949 1919 1948
4 1950 1919 1947 1948
4 1950 1947 1945 1948
4 1931 1949 1941 1950
4 1845 1916 1949 1919
4 1911 1941 1916 1912
4 1913 1919 1950 1912
4 1950 1949 1941 1916
4 1950 1941 1912 1916
4 1950 1912 1919 1916
4 1950 1919 1949 1916
4 1931 1941 1930 1950
4 1911 1937 1941 1912
4 1877 1930 1937 1946
4 1913 1912 1950 1946
4 1950 1941 1930 1937
4 1950 1930 1946 1937
4 1950 1946 1912 1937
4 1950 1912 1941 1937
4 1921 1924 1922 1945
4 1931 1945 1932 1951
4 1932 1951 1945 1924
4 1932 1945 1922 1924
4 1309 1828 1926 1846
4 1921 1926 1928 1948
4 1825 1928 1828 1857
4 1845 1846 1948 1857
4 1828 1926 1846 1948
4 1828 1846 1857 1948
4 1828 1857 1928 1948
4 1828 1928 1926 1948
4 1810 1952 1826 1811
4 1953 1925 1952 1954
4 1825 1826 1925 1859
4 1814 1954 1811 1859
4 1826 1811 1952 1954
4 1826 1859 1811 1954
4 1826 1925 1859 1954
4 1826 1952 1925 1954
4 1815 1841 1939 1818
4 1931 1939 1949 1955
4 1845 1949 1841 1861
4 1814 1818 1955 1861
4 1939 1818 1841 1861
4 1939 1955 1818 1861
4 1939 1949 1955 1861
4 1939 1841 1949 1861
4 1931 1945 1951 1956
4 1921 1924 1945 1928
4 1953 1951 1924 1925
4 1825 1928 1956 1925
4 1956 1945 1951 1924
4 1956 1951 1925 1924
4 1956 1925 1928 1924
4 1956 1928 1945 1924
4 1931 1951 1955 1956
4 1953 1954 1951 1925
4 1814 1955 1954 1859
4 1825 1925 1956 1859
4 1956 1951 1955 1954
4 1956 1955 1859 1954
4 1956 1859 1925 1954
4 1956 1925 1951 1954
4 1931 1955 1949 1956
4 1814 1861 1955 1859
4 1845 1949 1861 1857
4 1825 1859 1956 1857
4 1956 1955 1949 1861
4 1956 1949 1857 1861
4 1956 1857 1859 1861
4 1956 1859 1955 1861
4 1931 1949 1945 1956
4 1845 1948 1949 1857
4 1921 1945 1948 1928
4 1825 1857 1956 1928
4 1956 1949 1945 1948
4 1956 1945 1928 1948
4 1956 1928 1857 1948
4 1956 1857 1949 1948
4 1931 1951 1932 1933
4 1932 1933 1951 1957
4 1810 1898 1952 1811
4 1953 1952 1958 1954
4 1894 1958 1898 1900
4 1814 1811 1954 1900
4 1898 1952 1811 1954
4 1898 1811 1900 1954
4 1898 1900 1958 1954
4 1898 1958 1952 1954
4 1864 1867 1889 1888
4 1934 1959 1867 1935
4 1894 1889 1959 1893
4 1892 1935 1888 1893
4 1889 1888 1867 1935
4 1889 1893 1888 1935
4 1889 1959 1893 1935
4 1889 1867 1959 1935
4 1815 1818 1939 1895
4 1931 1939 1955 1940
4 1814 1955 1818 1897
4 1892 1895 1940 1897
4 1939 1895 1818 1897
4 1939 1940 1895 1897
4 1939 1955 1940 1897
4 1939 1818 1955 1897
4 1931 1951 1933 1960
4 1953 1957 1951 1958
4 1934 1933 1957 1959
4 1894 1958 1960 1959
4 1960 1951 1933 1957
4 1960 1933 1959 1957
4 1960 1959 1958 1957
4 1960 1958 1951 1957
4 1931 1933 1940 1960
4 1934 1935 1933 1959
4 1892 1940 1935 1893
4 1894 1959 1960 1893
4 1960 1933 1940 1935
4 1960 1940 1893 1935
4 1960 1893 1959 1935
4 1960 1959 1933 1935
4 1931 1940 1955 1960
4 1892 1897 1940 1893
4 1814 1955 1897 1900
4 1894 1893 1960 1900
4 1960 1940 1955 1897
4 1960 1955 1900 1897
4 1960 1900 1893 1897
4 1960 1893 1940 1897
4 1931 1955 1951 1960
4 1814 1954 1955 1900
4 1953 1951 1954 1958
4 1894 1900 1960 1958
4 1960 1955 1951 1954
4 1960 1951 1958 1954
4 1960 1958 1900 1954
4 1960 1900 1955 1954
4 1877 1874 1878 1961
4 1877 1878 1880 1961
4 1324 1450 1902 1325
4 1903 1902 1962 1905
4 1329 1325 1905 1449
4 1450 1902 1325 1905
4 1450 1325 1449 1905
4 1450 1449 1962 1905
4 1450 1962 1902 1905
4 1871 1906 1963 1908
4 1903 1964 1906 1910
4 1913 1910 1908 1965
4 1908 1906 1963 1964
4 1908 1963 1965 1964
4 1908 1965 1910 1964
4 1908 1910 1906 1964
4 1309 1339 1917 1451
4 1329 1918 1339 1452
4 1913 1917 1918 1966
4 1453 1452 1451 1966
4 1917 1451 1339 1452
4 1917 1966 1451 1452
4 1917 1918 1966 1452
4 1917 1339 1918 1452
4 1903 1905 1962 1910
4 1329 1449 1905 1918
4 1913 1910 1967 1918
4 1967 1962 1449 1905
4 1967 1449 1918 1905
4 1967 1918 1910 1905
4 1967 1910 1962 1905
4 1329 1452 1449 1918
4 1453 1456 1452 1966
4 1913 1918 1967 1966
4 1967 1449 1456 1452
4 1967 1456 1966 1452
4 1967 1966 1918 1452
4 1967 1918 1449 1452
4 1453 1968 1456 1966
4 1913 1966 1967 1965
4 1967 1965 1966 1968
4 1967 1966 1456 1968
4 1903 1962 1964 1910
4 1913 1965 1967 1910
4 1967 1962 1910 1964
4 1967 1910 1965 1964
4 1309 1926 1310 1446
4 1313 1310 1927 1447
4 1921 1927 1926 1969
4 1446 1926 1310 1927
4 1446 1969 1926 1927
4 1446 1447 1969 1927
4 1446 1310 1447 1927
4 1921 1923 1927 1969
4 1877 1874 1961 1970
4 1877 1971 1970 1961
4 1309 1926 1446 1451
4 1921 1969 1926 1972
4 1453 1972 1451 1458
4 1446 1451 1926 1972
4 1446 1458 1451 1972
4 1446 1969 1458 1972
4 1446 1926 1969 1972
4 1921 1972 1973 1969
4 1453 1974 1972 1458
4 1921 1944 1922 1973
4 1877 1879 1944 1971
4 1309 1917 1926 1451
4 1921 1926 1947 1972
4 1913 1947 1917 1966
4 1453 1451 1972 1966
4 1917 1926 1451 1972
4 1917 1451 1966 1972
4 1917 1966 1947 1972
4 1917 1947 1926 1972
4 1871 1874 1908 1963
4 1877 1946 1874 1970
4 1913 1908 1946 1965
4 1908 1963 1874 1970
4 1908 1965 1963 1970
4 1908 1946 1965 1970
4 1908 1874 1946 1970
4 1921 1944 1973 1947
4 1877 1971 1944 1946
4 1913 1947 1975 1946
4 1975 1973 1971 1944
4 1975 1971 1946 1944
4 1975 1946 1947 1944
4 1975 1947 1973 1944
4 1877 1970 1971 1946
4 1913 1946 1975 1965
4 1975 1965 1946 1970
4 1975 1946 1971 1970
4 1453 1974 1968 1966
4 1913 1965 1975 1966
4 1975 1974 1966 1968
4 1975 1966 1965 1968
4 1453 1972 1974 1966
4 1921 1973 1972 1947
4 1913 1966 1975 1947
4 1975 1974 1973 1972
4 1975 1973 1947 1972
4 1975 1947 1966 1972
4 1975 1966 1974 1972
4 1803 1708 1976 1804
4 1707 1977 1708 1805
4 1978 1976 1977 1979
4 1807 1805 1804 1979
4 1804 1708 1976 1977
4 1804 1976 1979 1977
4 1804 1979 1805 1977
4 1804 1805 1708 1977
4 473 1980 1714 491
4 1707 1714 1981 1808
4 1982 1981 1980 1983
4 493 491 1808 1983
4 1980 1714 491 1808
4 1980 491 1983 1808
4 1980 1983 1981 1808
4 1980 1981 1714 1808
4 1984 1985 1986 1987
4 1978 1988 1985 1989
4 1982 1986 1988 1990
4 1991 1989 1987 1990
4 1986 1987 1985 1989
4 1986 1990 1987 1989
4 1986 1988 1990 1989
4 1986 1985 1988 1989
4 1815 1817 1816 1992
4 1807 1816 1819 1993
4 493 1819 1817 1994
4 1991 1992 1993 1994
4 1816 1992 1817 1994
4 1816 1993 1992 1994
4 1816 1819 1993 1994
4 1816 1817 1819 1994
4 1807 1805 1979 1995
4 1707 1977 1805 1981
4 1978 1979 1977 1988
4 1982 1981 1995 1988
4 1995 1805 1979 1977
4 1995 1979 1988 1977
4 1995 1988 1981 1977
4 1995 1981 1805 1977
4 1807 1979 1993 1995
4 1978 1989 1979 1988
4 1991 1993 1989 1990
4 1982 1988 1995 1990
4 1995 1979 1993 1989
4 1995 1993 1990 1989
4 1995 1990 1988 1989
4 1995 1988 1979 1989
4 1807 1993 1819 1995
4 1991 1994 1993 1990
4 493 1819 1994 1983
4 1982 1990 1995 1983
4 1995 1993 1819 1994
4 1995 1819 1983 1994
4 1995 1983 1990 1994
4 1995 1990 1993 1994
4 1807 1819 1805 1995
4 493 1808 1819 1983
4 1707 1805 1808 1981
4 1982 1983 1995 1981
4 1995 1819 1805 1808
4 1995 1805 1981 1808
4 1995 1981 1983 1808
4 1995 1983 1819 1808
4 484 1768 1996 1770
4 1771 1997 1768 1773
4 1998 1996 1997 1999
4 1776 1773 1770 1999
4 1768 1996 1770 1999
4 1768 1770 1773 1999
4 1768 1773 1997 1999
4 1768 1997 1996 1999
4 1984 2001 2000 2002
4 2003 2000 2004 2005
4 1998 2004 2001 2006
4 2007 2002 2005 2006
4 2002 2001 2000 2004
4 2002 2006 2001 2004
4 2002 2005 2006 2004
4 2002 2000 2005 2004
4 1776 1777 1778 2008
4 2007 2010 2009 2008
4 2009 1777 2008 1778
4 2009 2008 2010 1778
4 1771 2012 2011 2013
4 2003 2011 2014 2005
4 2007 2013 2005 2010
4 2013 2012 2011 2014
4 2013 2010 2012 2014
4 2013 2005 2010 2014
4 2013 2011 2005 2014
4 1771 1773 2012 2013
4 1776 1778 1773 2008
4 2007 2013 2010 2008
4 2013 1773 2012 1778
4 2013 2008 1773 1778
4 2013 2010 2008 1778
4 2013 2012 2010 1778
4 1771 1997 1773 2013
4 1776 1773 1999 2008
4 1998 1999 1997 2006
4 2007 2013 2008 2006
4 2013 1997 1773 1999
4 2013 2006 1997 1999
4 2013 2008 2006 1999
4 2013 1773 2008 1999
4 1771 2011 1997 2013
4 1998 1997 2004 2006
4 2003 2004 2011 2005
4 2007 2013 2006 2005
4 2013 2011 1997 2004
4 2013 2005 2011 2004
4 2013 2006 2005 2004
4 2013 1997 2006 2004
4 1324 1154 1833 2015
4 1153 1834 1154 1758
4 1835 1833 1834 2016
4 2017 1758 2015 2016
4 1833 2015 1154 1758
4 1833 2016 2015 1758
4 1833 1834 2016 1758
4 1833 1154 1834 1758
4 433 494 1160 1759
4 1153 1160 1837 1760
4 496 1837 494 2018
4 1762 1759 1760 2018
4 1759 494 1160 1837
4 1759 2018 494 1837
4 1759 1760 2018 1837
4 1759 1160 1760 1837
4 1815 1839 1840 2019
4 1835 1842 1839 2020
4 496 1840 1842 2021
4 2022 2020 2019 2021
4 1839 1840 2019 2021
4 1839 2019 2020 2021
4 1839 2020 1842 2021
4 1839 1842 1840 2021
4 2023 1763 2024 2025
4 2017 2024 1764 2026
4 1762 1764 1763 2027
4 2022 2025 2026 2027
4 1763 2024 2025 2026
4 1763 2025 2027 2026
4 1763 2027 1764 2026
4 1763 1764 2024 2026
4 1835 2016 1834 2028
4 1153 1834 1758 1760
4 2017 1758 2016 1764
4 1762 2028 1760 1764
4 2028 2016 1834 1758
4 2028 1764 2016 1758
4 2028 1760 1764 1758
4 2028 1834 1760 1758
4 1835 2020 2016 2028
4 2017 2016 2026 1764
4 2022 2026 2020 2027
4 1762 2028 1764 2027
4 2028 2020 2016 2026
4 2028 2027 2020 2026
4 2028 1764 2027 2026
4 2028 2016 1764 2026
4 1835 1842 2020 2028
4 2022 2020 2021 2027
4 496 2021 1842 2018
4 1762 2028 2027 2018
4 2028 1842 2020 2021
4 2028 2018 1842 2021
4 2028 2027 2018 2021
4 2028 2020 2027 2021
4 1835 1834 1842 2028
4 496 1842 1837 2018
4 1153 1837 1834 1760
4 1762 2028 2018 1760
4 2028 1834 1842 1837
4 2028 1760 1834 1837
4 2028 2018 1760 1837
4 2028 1842 2018 1837
4 484 505 483 2029
4 504 506 505 509
4 481 483 506 510
4 511 509 2029 510
4 2029 505 483 506
4 2029 483 510 506
4 2029 510 509 506
4 2029 509 505 506
4 1815 1817 2030 1840
4 511 2030 513 512
4 493 513 1817 502
4 496 1840 512 502
4 2030 1840 1817 502
4 2030 512 1840 502
4 2030 513 512 502
4 2030 1817 513 502
4 484 483 1770 2029
4 481 1789 483 510
4 1776 1770 1789 2031
4 511 510 2029 2031
4 2029 483 1770 1789
4 2029 1770 2031 1789
4 2029 2031 510 1789
4 2029 510 483 1789
4 433 1759 479 494
4 481 479 1791 508
4 1762 1791 1759 2018
4 496 494 508 2018
4 1759 479 494 508
4 1759 494 2018 508
4 1759 2018 1791 508
4 1759 1791 479 508
4 2023 1777 1763 2025
4 1776 1792 1777 2032
4 1762 1763 1792 2027
4 2022 2032 2025 2027
4 1763 2025 1777 2032
4 1763 2027 2025 2032
4 1763 1792 2027 2032
4 1763 1777 1792 2032
4 1815 1840 2030 2019
4 511 2030 512 2033
4 496 512 1840 2021
4 2022 2019 2033 2021
4 2030 2019 1840 2021
4 2030 2033 2019 2021
4 2030 512 2033 2021
4 2030 1840 512 2021
4 511 510 2031 2034
4 481 1789 510 1791
4 1776 2031 1789 1792
4 1762 1791 2034 1792
4 2034 510 2031 1789
4 2034 2031 1792 1789
4 2034 1792 1791 1789
4 2034 1791 510 1789
4 511 2031 2033 2034
4 1776 2032 2031 1792
4 2022 2033 2032 2027
4 1762 1792 2034 2027
4 2034 2031 2033 2032
4 2034 2033 2027 2032
4 2034 2027 1792 2032
4 2034 1792 2031 2032
4 511 2033 512 2034
4 2022 2021 2033 2027
4 496 512 2021 2018
4 1762 2027 2034 2018
4 2034 2033 512 2021
4 2034 512 2018 2021
4 2034 2018 2027 2021
4 2034 2027 2033 2021
4 511 512 510 2034
4 496 508 512 2018
4 481 510 508 1791
4 1762 2018 2034 1791
4 2034 512 510 508
4 2034 510 1791 508
4 2034 1791 2018 508
4 2034 2018 512 508
4 484 1770 1996 2029
4 1776 1999 1770 2031
4 1998 1996 1999 2035
4 511 2031 2029 2035
4 2029 1770 1996 1999
4 2029 1996 2035 1999
4 2029 2035 2031 1999
4 2029 2031 1770 1999
4 2023 2009 1777 2025
4 1776 1777 2008 2032
4 2007 2008 2009 2036
4 2022 2025 2032 2036
4 2009 1777 2025 2032
4 2009 2025 2036 2032
4 2009 2036 2008 2032
4 2009 2008 1777 2032
4 1984 2001 2002 1987
4 1998 2006 2001 2037
4 2007 2002 2006 2038
4 1991 2037 1987 2038
4 2002 1987 2001 2037
4 2002 2038 1987 2037
4 2002 2006 2038 2037
4 2002 2001 2006 2037
4 1815 2019 2030 1992
4 511 2030 2033 2039
4 2022 2033 2019 2040
4 1991 1992 2039 2040
4 2030 1992 2019 2040
4 2030 2039 1992 2040
4 2030 2033 2039 2040
4 2030 2019 2033 2040
4 511 2031 2035 2041
4 1776 1999 2031 2008
4 1998 2035 1999 2006
4 2007 2008 2041 2006
4 2041 2031 2035 1999
4 2041 2035 2006 1999
4 2041 2006 2008 1999
4 2041 2008 2031 1999
4 511 2035 2039 2041
4 1998 2037 2035 2006
4 1991 2039 2037 2038
4 2007 2006 2041 2038
4 2041 2035 2039 2037
4 2041 2039 2038 2037
4 2041 2038 2006 2037
4 2041 2006 2035 2037
4 511 2039 2033 2041
4 1991 2040 2039 2038
4 2022 2033 2040 2036
4 2007 2038 2041 2036
4 2041 2039 2033 2040
4 2041 2033 2036 2040
4 2041 2036 2038 2040
4 2041 2038 2039 2040
4 511 2033 2031 2041
4 2022 2032 2033 2036
4 1776 2031 2032 2008
4 2007 2036 2041 2008
4 2041 2033 2031 2032
4 2041 2031 2008 2032
4 2041 2008 2036 2032
4 2041 2036 2033 2032
4 484 1996 505 2029
4 1998 2042 1996 2035
4 504 505 2042 509
4 511 2035 2029 509
4 2029 1996 505 2042
4 2029 505 509 2042
4 2029 509 2035 2042
4 2029 2035 1996 2042
4 1984 1986 2001 1987
4 1998 2001 2043 2037
4 1982 2043 1986 1990
4 1991 1987 2037 1990
4 1986 2001 1987 2037
4 1986 1987 1990 2037
4 1986 1990 2043 2037
4 1986 2043 2001 2037
4 473 503 1980 491
4 504 2044 503 507
4 1982 1980 2044 1983
4 493 507 491 1983
4 1980 491 503 507
4 1980 1983 491 507
4 1980 2044 1983 507
4 1980 503 2044 507
4 1815 1992 2030 1817
4 511 2030 2039 513
4 1991 2039 1992 1994
4 493 1817 513 1994
4 2030 1817 1992 1994
4 2030 513 1817 1994
4 2030 2039 513 1994
4 2030 1992 2039 1994
4 511 2035 509 2045
4 1998 2042 2035 2043
4 504 509 2042 2044
4 1982 2043 2045 2044
4 2045 2035 509 2042
4 2045 509 2044 2042
4 2045 2044 2043 2042
4 2045 2043 2035 2042
4 511 509 513 2045
4 504 507 509 2044
4 493 513 507 1983
4 1982 2044 2045 1983
4 2045 509 513 507
4 2045 513 1983 507
4 2045 1983 2044 507
4 2045 2044 509 507
4 511 513 2039 2045
4 493 1994 513 1983
4 1991 2039 1994 1990
4 1982 1983 2045 1990
4 2045 513 2039 1994
4 2045 2039 1990 1994
4 2045 1990 1983 1994
4 2045 1983 513 1994
4 511 2039 2035 2045
4 1991 2037 2039 1990
4 1998 2035 2037 2043
4 1982 1990 2045 2043
4 2045 2039 2035 2037
4 2045 2035 2043 2037
4 2045 2043 1990 2037
4 2045 1990 2039 2037
4 2046 2047 2048 2049
4 2046 2048 2050 2049
4 1803 2051 1883 1976
4 1884 1883 2052 2053
4 1978 1976 2053 2054
4 2051 1883 1976 2053
4 2051 1976 2054 2053
4 2051 2054 2052 2053
4 2051 2052 1883 2053
4 1864 1887 2055 2056
4 1884 2057 1887 2058
4 2059 2058 2056 2060
4 2056 1887 2055 2057
4 2056 2055 2060 2057
4 2056 2060 2058 2057
4 2056 2058 1887 2057
4 1984 1985 2061 2062
4 1978 2063 1985 2064
4 2059 2061 2063 2065
4 2066 2064 2062 2065
4 2061 2062 1985 2064
4 2061 2065 2062 2064
4 2061 2063 2065 2064
4 2061 1985 2063 2064
4 1884 2053 2052 2058
4 1978 2054 2053 2063
4 2059 2058 2067 2063
4 2067 2052 2054 2053
4 2067 2054 2063 2053
4 2067 2063 2058 2053
4 2067 2058 2052 2053
4 1978 2064 2054 2063
4 2066 2068 2064 2065
4 2059 2063 2067 2065
4 2067 2054 2068 2064
4 2067 2068 2065 2064
4 2067 2065 2063 2064
4 2067 2063 2054 2064
4 2066 2069 2068 2065
4 2059 2065 2067 2060
4 2067 2060 2065 2069
4 2067 2065 2068 2069
4 1884 2052 2057 2058
4 2059 2060 2067 2058
4 2067 2052 2058 2057
4 2067 2058 2060 2057
4 1984 2070 2000 2071
4 2003 2000 2072 2073
4 2074 2072 2070 2075
4 2071 2070 2000 2072
4 2071 2075 2070 2072
4 2071 2073 2075 2072
4 2071 2000 2073 2072
4 2074 2076 2072 2075
4 2046 2047 2049 2077
4 2046 2078 2077 2049
4 1984 2070 2071 2062
4 2074 2075 2070 2079
4 2066 2079 2062 2080
4 2071 2062 2070 2079
4 2071 2080 2062 2079
4 2071 2075 2080 2079
4 2071 2070 2075 2079
4 2074 2079 2081 2075
4 2066 2082 2079 2080
4 2074 2084 2083 2081
4 2046 2085 2084 2078
4 2086 2083 2085 2084
4 2086 2085 2078 2084
4 2086 2078 2081 2084
4 2086 2081 2083 2084
4 1984 2061 2070 2062
4 2074 2070 2087 2079
4 2059 2087 2061 2065
4 2066 2062 2079 2065
4 2061 2070 2062 2079
4 2061 2062 2065 2079
4 2061 2065 2087 2079
4 2061 2087 2070 2079
4 1864 2047 2056 2055
4 2046 2088 2047 2077
4 2059 2056 2088 2060
4 2056 2055 2047 2077
4 2056 2060 2055 2077
4 2056 2088 2060 2077
4 2056 2047 2088 2077
4 2074 2084 2081 2087
4 2046 2078 2084 2088
4 2059 2087 2089 2088
4 2089 2081 2078 2084
4 2089 2078 2088 2084
4 2089 2088 2087 2084
4 2089 2087 2081 2084
4 2046 2077 2078 2088
4 2059 2088 2089 2060
4 2089 2078 2090 2077
4 2089 2090 2060 2077
4 2089 2060 2088 2077
4 2089 2088 2078 2077
4 2066 2082 2069 2065
4 2059 2060 2089 2065
4 2089 2090 2082 2069
4 2089 2082 2065 2069
4 2089 2065 2060 2069
4 2089 2060 2090 2069
4 2066 2079 2082 2065
4 2074 2081 2079 2087
4 2059 2065 2089 2087
4 2089 2082 2081 2079
4 2089 2081 2087 2079
4 2089 2087 2065 2079
4 2089 2065 2082 2079
4 1871 1873 1872 2091
4 1868 1875 1873 2092
4 2093 2091 2094 2092
4 1873 1872 2091 2094
4 1873 2091 2092 2094
4 1873 2092 1875 2094
4 1873 1875 1872 2094
4 1864 1865 1866 2047
4 1868 1866 1869 2095
4 2046 2048 2047 2095
4 1866 2047 1865 2048
4 1866 2095 2047 2048
4 1866 1869 2095 2048
4 1866 1865 1869 2048
4 2093 2097 2096 2098
4 2046 2085 2050 2098
4 1868 1875 2099 1869
4 2046 2050 2048 2095
4 1868 1869 2099 2095
4 2099 2050 2095 2048
4 2099 2095 1869 2048
4 2046 2098 2050 2095
4 2093 2097 2098 2092
4 1868 2095 2099 2092
4 2099 2050 2097 2098
4 2099 2097 2092 2098
4 2099 2092 2095 2098
4 2099 2095 2050 2098
4 2093 2094 2097 2092
4 1868 2092 2099 1875
4 2099 1875 2092 2094
4 2099 2092 2097 2094
4 1324 1833 1902 2015
4 1903 1902 1904 2100
4 1835 1904 1833 2016
4 2017 2015 2100 2016
4 1833 1902 2015 2100
4 1833 2015 2016 2100
4 1833 2016 1904 2100
4 1833 1904 1902 2100
4 1871 1906 1907 2101
4 1903 1909 1906 2102
4 1911 1907 1909 2103
4 2104 2102 2101 2103
4 2101 1906 1907 1909
4 2101 1907 2103 1909
4 2101 2103 2102 1909
4 2101 2102 1906 1909
4 1815 1914 1839 2019
4 1835 1839 1915 2020
4 1911 1915 1914 2105
4 2022 2019 2020 2105
4 1839 2019 1914 2105
4 1839 2020 2019 2105
4 1839 1915 2020 2105
4 1839 1914 1915 2105
4 2023 2024 2106 2025
4 2017 2107 2024 2026
4 2104 2106 2107 2108
4 2022 2026 2025 2108
4 2106 2025 2024 2026
4 2106 2108 2025 2026
4 2106 2107 2108 2026
4 2106 2024 2107 2026
4 1835 1904 2016 2109
4 1903 2100 1904 2102
4 2017 2016 2100 2107
4 2104 2102 2109 2107
4 2109 1904 2016 2100
4 2109 2016 2107 2100
4 2109 2107 2102 2100
4 2109 2102 1904 2100
4 1835 2016 2020 2109
4 2017 2026 2016 2107
4 2022 2020 2026 2108
4 2104 2107 2109 2108
4 2109 2016 2020 2026
4 2109 2020 2108 2026
4 2109 2108 2107 2026
4 2109 2107 2016 2026
4 1835 2020 1915 2109
4 2022 2105 2020 2108
4 1911 1915 2105 2103
4 2104 2108 2109 2103
4 2109 2020 1915 2105
4 2109 1915 2103 2105
4 2109 2103 2108 2105
4 2109 2108 2020 2105
4 1835 1915 1904 2109
4 1911 1909 1915 2103
4 1903 1904 1909 2102
4 2104 2103 2109 2102
4 2109 1915 1904 1909
4 2109 1904 2102 1909
4 2109 2102 2103 1909
4 2109 2103 1915 1909
4 1803 1883 1804 1976
4 1884 1885 1883 2053
4 1807 1804 1885 1979
4 1978 2053 1976 1979
4 1804 1976 1883 2053
4 1804 1979 1976 2053
4 1804 1885 1979 2053
4 1804 1883 1885 2053
4 1864 1888 1887 2056
4 1884 1887 1890 2058
4 1892 1890 1888 2110
4 2059 2056 2058 2110
4 2056 1888 1887 1890
4 2056 2110 1888 1890
4 2056 2058 2110 1890
4 2056 1887 2058 1890
4 1815 1816 1895 1992
4 1807 1896 1816 1993
4 1892 1895 1896 2111
4 1991 1993 1992 2111
4 1816 1895 1992 2111
4 1816 1992 1993 2111
4 1816 1993 1896 2111
4 1816 1896 1895 2111
4 1984 2061 1985 1987
4 1978 1985 2063 1989
4 2059 2063 2061 2112
4 1991 1987 1989 2112
4 2061 1985 1987 1989
4 2061 1987 2112 1989
4 2061 2112 2063 1989
4 2061 2063 1985 1989
4 1807 1979 1885 2113
4 1884 1885 2053 2058
4 1978 2053 1979 2063
4 2059 2113 2058 2063
4 2113 1979 1885 2053
4 2113 2063 1979 2053
4 2113 2058 2063 2053
4 2113 1885 2058 2053
4 1807 1993 1979 2113
4 1978 1979 1989 2063
4 1991 1989 1993 2112
4 2059 2113 2063 2112
4 2113 1993 1979 1989
4 2113 2112 1993 1989
4 2113 2063 2112 1989
4 2113 1979 2063 1989
4 1807 1896 1993 2113
4 1991 1993 2111 2112
4 1892 2111 1896 2110
4 2059 2113 2112 2110
4 2113 1896 1993 2111
4 2113 2110 1896 2111
4 2113 2112 2110 2111
4 2113 1993 2112 2111
4 1807 1885 1896 2113
4 1892 1896 1890 2110
4 1884 1890 1885 2058
4 2059 2113 2110 2058
4 2113 1885 1896 1890
4 2113 2058 1885 1890
4 2113 2110 2058 1890
4 2113 1896 2110 1890
4 2074 2076 2083 2114
4 2007 2009 2010 2115
4 1984 2000 2070 2002
4 2003 2072 2000 2005
4 2074 2070 2072 2116
4 2007 2005 2002 2116
4 2002 2000 2070 2072
4 2002 2070 2116 2072
4 2002 2116 2005 2072
4 2002 2005 2000 2072
4 2007 2117 2010 2005
4 2117 2010 2005 2014
4 2074 2072 2076 2116
4 2007 2117 2005 2116
4 2117 2116 2076 2072
4 2117 2005 2116 2072
4 2074 2076 2114 2116
4 2007 2117 2116 2115
4 2117 2116 2115 2114
4 2117 2076 2116 2114
4 2007 2117 2115 2010
4 2093 2098 2096 2118
4 2046 2085 2098 2119
4 2120 2118 2121 2119
4 2121 2096 2085 2098
4 2121 2085 2119 2098
4 2121 2119 2118 2098
4 2121 2118 2096 2098
4 1871 1873 2091 1907
4 2093 2091 2092 2122
4 1868 2092 1873 1938
4 1911 1907 2122 1938
4 1873 2091 1907 2122
4 1873 1907 1938 2122
4 1873 1938 2092 2122
4 1873 2092 2091 2122
4 1864 2047 1866 1888
4 2046 2095 2047 2123
4 1868 1866 2095 1936
4 1892 2123 1888 1936
4 1866 1888 2047 2123
4 1866 1936 1888 2123
4 1866 2095 1936 2123
4 1866 2047 2095 2123
4 1815 1914 2124 1895
4 2120 2124 2125 2126
4 1911 2125 1914 1942
4 1892 1895 2126 1942
4 2124 1895 1914 1942
4 2124 2126 1895 1942
4 2124 2125 2126 1942
4 2124 1914 2125 1942
4 2120 2118 2119 2127
4 2093 2098 2118 2092
4 2046 2119 2098 2095
4 1868 2092 2127 2095
4 2127 2118 2119 2098
4 2127 2119 2095 2098
4 2127 2095 2092 2098
4 2127 2092 2118 2098
4 2120 2119 2126 2127
4 2046 2123 2119 2095
4 1892 2126 2123 1936
4 1868 2095 2127 1936
4 2127 2119 2126 2123
4 2127 2126 1936 2123
4 2127 1936 2095 2123
4 2127 2095 2119 2123
4 2120 2126 2125 2127
4 1892 1942 2126 1936
4 1911 2125 1942 1938
4 1868 1936 2127 1938
4 2127 2126 2125 1942
4 2127 2125 1938 1942
4 2127 1938 1936 1942
4 2127 1936 2126 1942
4 2120 2125 2118 2127
4 1911 2122 2125 1938
4 2093 2118 2122 2092
4 1868 1938 2127 2092
4 2127 2125 2118 2122
4 2127 2118 2092 2122
4 2127 2092 1938 2122
4 2127 1938 2125 2122
4 2046 2084 2085 2119
4 2074 2083 2084 2128
4 2120 2119 2121 2128
4 2121 2085 2083 2084
4 2121 2083 2128 2084
4 2121 2128 2119 2084
4 2121 2119 2085 2084
4 1864 2056 2047 1888
4 2046 2047 2088 2123
4 2059 2088 2056 2110
4 1892 1888 2123 2110
4 2056 2047 1888 2123
4 2056 1888 2110 2123
4 2056 2110 2088 2123
4 2056 2088 2047 2123
4 1984 2070 2061 1987
4 2074 2087 2070 2129
4 2059 2061 2087 2112
4 1991 2129 1987 2112
4 2061 1987 2070 2129
4 2061 2112 1987 2129
4 2061 2087 2112 2129
4 2061 2070 2087 2129
4 1815 1895 2124 1992
4 2120 2124 2126 2130
4 1892 2126 1895 2111
4 1991 1992 2130 2111
4 2124 1992 1895 2111
4 2124 2130 1992 2111
4 2124 2126 2130 2111
4 2124 1895 2126 2111
4 2120 2119 2128 2131
4 2046 2084 2119 2088
4 2074 2128 2084 2087
4 2059 2088 2131 2087
4 2131 2119 2128 2084
4 2131 2128 2087 2084
4 2131 2087 2088 2084
4 2131 2088 2119 2084
4 2120 2128 2130 2131
4 2074 2129 2128 2087
4 1991 2130 2129 2112
4 2059 2087 2131 2112
4 2131 2128 2130 2129
4 2131 2130 2112 2129
4 2131 2112 2087 2129
4 2131 2087 2128 2129
4 2120 2130 2126 2131
4 1991 2111 2130 2112
4 1892 2126 2111 2110
4 2059 2112 2131 2110
4 2131 2130 2126 2111
4 2131 2126 2110 2111
4 2131 2110 2112 2111
4 2131 2112 2130 2111
4 2120 2126 2119 2131
4 1892 2123 2126 2110
4 2046 2119 2123 2088
4 2059 2110 2131 2088
4 2131 2126 2119 2123
4 2131 2119 2088 2123
4 2131 2088 2110 2123
4 2131 2110 2126 2123
4 2074 2114 2083 2128
4 2132 2133 2114 2134
4 2120 2128 2121 2134
4 2121 2083 2133 2114
4 2121 2133 2134 2114
4 2121 2134 2128 2114
4 2121 2128 2083 2114
4 1984 2002 2070 1987
4 2074 2070 2116 2129
4 2007 2116 2002 2038
4 1991 1987 2129 2038
4 2002 2070 1987 2129
4 2002 1987 2038 2129
4 2002 2038 2116 2129
4 2002 2116 2070 2129
4 2023 2135 2009 2025
4 2132 2115 2135 2136
4 2007 2009 2115 2036
4 2022 2136 2025 2036
4 2009 2025 2135 2136
4 2009 2036 2025 2136
4 2009 2115 2036 2136
4 2009 2135 2115 2136
4 1815 1992 2124 2019
4 2120 2124 2130 2137
4 1991 2130 1992 2040
4 2022 2019 2137 2040
4 2124 2019 1992 2040
4 2124 2137 2019 2040
4 2124 2130 2137 2040
4 2124 1992 2130 2040
4 2120 2128 2134 2138
4 2074 2114 2128 2116
4 2132 2134 2114 2115
4 2007 2116 2138 2115
4 2138 2128 2134 2114
4 2138 2134 2115 2114
4 2138 2115 2116 2114
4 2138 2116 2128 2114
4 2120 2134 2137 2138
4 2132 2136 2134 2115
4 2022 2137 2136 2036
4 2007 2115 2138 2036
4 2138 2134 2137 2136
4 2138 2137 2036 2136
4 2138 2036 2115 2136
4 2138 2115 2134 2136
4 2120 2137 2130 2138
4 2022 2040 2137 2036
4 1991 2130 2040 2038
4 2007 2036 2138 2038
4 2138 2137 2130 2040
4 2138 2130 2038 2040
4 2138 2038 2036 2040
4 2138 2036 2137 2040
4 2120 2130 2128 2138
4 1991 2129 2130 2038
4 2074 2128 2129 2116
4 2007 2038 2138 2116
4 2138 2130 2128 2129
4 2138 2128 2116 2129
4 2138 2116 2038 2129
4 2138 2038 2130 2129
4 2132 2139 2133 2134
4 2093 2096 2139 2118
4 2120 2134 2121 2118
4 2121 2133 2096 2139
4 2121 2096 2118 2139
4 2121 2118 2134 2139
4 2121 2134 2133 2139
4 2023 2106 2135 2025
4 2132 2135 2140 2136
4 2104 2140 2106 2108
4 2022 2025 2136 2108
4 2106 2135 2025 2136
4 2106 2025 2108 2136
4 2106 2108 2140 2136
4 2106 2140 2135 2136
4 1871 2091 2101 1907
4 2093 2141 2091 2122
4 2104 2101 2141 2103
4 1911 2122 1907 2103
4 2101 1907 2091 2122
4 2101 2103 1907 2122
4 2101 2141 2103 2122
4 2101 2091 2141 2122
4 1815 2019 2124 1914
4 2120 2124 2137 2125
4 2022 2137 2019 2105
4 1911 1914 2125 2105
4 2124 1914 2019 2105
4 2124 2125 1914 2105
4 2124 2137 2125 2105
4 2124 2019 2137 2105
4 2120 2134 2118 2142
4 2132 2139 2134 2140
4 2093 2118 2139 2141
4 2104 2140 2142 2141
4 2142 2134 2118 2139
4 2142 2118 2141 2139
4 2142 2141 2140 2139
4 2142 2140 2134 2139
4 2120 2118 2125 2142
4 2093 2122 2118 2141
4 1911 2125 2122 2103
4 2104 2141 2142 2103
4 2142 2118 2125 2122
4 2142 2125 2103 2122
4 2142 2103 2141 2122
4 2142 2141 2118 2122
4 2120 2125 2137 2142
4 1911 2105 2125 2103
4 2022 2137 2105 2108
4 2104 2103 2142 2108
4 2142 2125 2137 2105
4 2142 2137 2108 2105
4 2142 2108 2103 2105
4 2142 2103 2125 2105
4 2120 2137 2134 2142
4 2022 2136 2137 2108
4 2132 2134 2136 2140
4 2104 2108 2142 2140
4 2142 2137 2134 2136
4 2142 2134 2140 2136
4 2142 2140 2108 2136
4 2142 2108 2137 2136
4 552 1696 553 554
4 354 553 476 368
4 475 476 1696 2143
4 361 554 368 2143
4 553 554 1696 2143
4 553 368 554 2143
4 553 476 368 2143
4 553 1696 476 2143
4 354 368 476 519
4 361 2143 368 518
4 475 476 2143 515
4 516 518 519 515
4 519 368 476 2143
4 519 476 515 2143
4 519 515 518 2143
4 519 518 368 2143
4 552 556 1697 557
4 556 1697 557 2144
4 1707 1709 1708 2145
4 2146 2145 2147 2148
4 2147 2148 2145 1709
4 2147 2145 1708 1709
4 473 1715 1714 2149
4 1707 1714 1717 2150
4 1719 1717 1715 2151
4 2152 2149 2150 2151
4 1715 1714 2149 2150
4 1715 2149 2151 2150
4 1715 2151 1717 2150
4 1715 1717 1714 2150
4 1719 1722 1723 2153
4 1722 1723 2153 2154
4 2155 2157 2156 2158
4 2146 2156 2159 2160
4 2152 2159 2157 2161
4 2162 2158 2160 2161
4 2156 2158 2157 2161
4 2156 2160 2158 2161
4 2156 2159 2160 2161
4 2156 2157 2159 2161
4 2146 2145 2148 2163
4 1707 1709 2145 1717
4 1719 1717 2163 1723
4 2148 2163 2145 1717
4 2148 1723 2163 1717
4 2148 1709 1723 1717
4 2148 2145 1709 1717
4 2146 2148 2160 2163
4 2162 2160 2154 2153
4 1719 1723 2163 2153
4 2163 2148 2160 2154
4 2163 2160 2153 2154
4 2163 2153 1723 2154
4 2163 1723 2148 2154
4 2146 2160 2159 2163
4 2162 2161 2160 2153
4 2152 2159 2161 2151
4 1719 2153 2163 2151
4 2160 2159 2163 2151
4 2160 2163 2153 2151
4 2160 2153 2161 2151
4 2160 2161 2159 2151
4 2146 2159 2145 2163
4 2152 2150 2159 2151
4 1707 2145 2150 1717
4 1719 2151 2163 1717
4 2163 2159 2145 2150
4 2163 2145 1717 2150
4 2163 1717 2151 2150
4 2163 2151 2159 2150
4 559 561 560 2164
4 563 560 564 2165
4 2166 2164 2165 2167
4 2164 561 560 564
4 2164 2167 561 564
4 2164 2165 2167 564
4 2164 560 2165 564
4 359 568 569 2168
4 563 571 568 2169
4 573 569 571 2170
4 2171 2169 2168 2170
4 569 2168 568 2169
4 569 2170 2168 2169
4 569 571 2170 2169
4 569 568 571 2169
4 573 577 576 2172
4 576 2172 577 2173
4 2155 2174 2175 2176
4 2166 2177 2174 2178
4 2171 2175 2177 2179
4 2180 2178 2176 2179
4 2174 2175 2176 2179
4 2174 2176 2178 2179
4 2174 2178 2177 2179
4 2174 2177 2175 2179
4 2166 2167 2165 2181
4 563 2165 564 571
4 573 2181 571 577
4 2167 2165 2181 571
4 2167 2181 577 571
4 2167 577 564 571
4 2167 564 2165 571
4 2166 2178 2167 2181
4 2180 2173 2178 2172
4 573 2181 577 2172
4 2181 2178 2167 2173
4 2181 2172 2178 2173
4 2181 577 2172 2173
4 2181 2167 577 2173
4 2166 2177 2178 2181
4 2180 2178 2179 2172
4 2171 2179 2177 2170
4 573 2181 2172 2170
4 2178 2181 2177 2170
4 2178 2172 2181 2170
4 2178 2179 2172 2170
4 2178 2177 2179 2170
4 2166 2165 2177 2181
4 2171 2177 2169 2170
4 563 2169 2165 571
4 573 2181 2170 571
4 2181 2165 2177 2169
4 2181 571 2165 2169
4 2181 2170 571 2169
4 2181 2177 2170 2169
4 552 1696 554 2182
4 475 2143 1696 2183
4 361 554 2143 2184
4 2185 2183 2182 2184
4 2182 1696 554 2143
4 2182 554 2184 2143
4 2182 2184 2183 2143
4 2182 2183 1696 2143
4 473 514 471 2149
4 475 471 515 2186
4 516 515 514 2187
4 2152 2149 2186 2187
4 514 471 2149 2186
4 514 2149 2187 2186
4 514 2187 515 2186
4 514 515 471 2186
4 359 357 517 2168
4 361 518 357 2188
4 516 517 518 2189
4 2171 2188 2168 2189
4 517 2168 357 2188
4 517 2189 2168 2188
4 517 518 2189 2188
4 517 357 518 2188
4 2155 2157 2190 2175
4 2185 2190 2191 2192
4 2152 2191 2157 2193
4 2171 2175 2192 2193
4 2190 2175 2157 2193
4 2190 2192 2175 2193
4 2190 2191 2192 2193
4 2190 2157 2191 2193
4 2185 2183 2184 2194
4 475 2143 2183 515
4 361 2184 2143 518
4 516 515 2194 518
4 2194 2183 2184 2143
4 2194 2184 518 2143
4 2194 518 515 2143
4 2194 515 2183 2143
4 2185 2184 2192 2194
4 361 2188 2184 518
4 2171 2192 2188 2189
4 516 518 2194 2189
4 2192 2194 2184 518
4 2192 2189 2194 518
4 2192 2188 2189 518
4 2192 2184 2188 518
4 2185 2192 2191 2194
4 2171 2193 2192 2189
4 2152 2191 2193 2187
4 516 2189 2194 2187
4 2194 2192 2191 2193
4 2194 2191 2187 2193
4 2194 2187 2189 2193
4 2194 2189 2192 2193
4 2185 2191 2183 2194
4 2152 2186 2191 2187
4 475 2183 2186 515
4 516 2187 2194 515
4 2191 2183 2194 515
4 2191 2194 2187 515
4 2191 2187 2186 515
4 2191 2186 2183 515
4 552 554 557 2182
4 361 606 554 2184
4 607 557 606 2195
4 2185 2184 2182 2195
4 554 557 2182 2195
4 554 2182 2184 2195
4 554 2184 606 2195
4 554 606 557 2195
4 359 569 357 2168
4 361 357 609 2188
4 573 609 569 2170
4 2171 2168 2188 2170
4 357 2168 569 2170
4 357 2188 2168 2170
4 357 609 2188 2170
4 357 569 609 2170
4 573 576 613 2172
4 2155 2175 2190 2176
4 2185 2190 2192 2196
4 2171 2192 2175 2179
4 2180 2176 2196 2179
4 2176 2175 2190 2192
4 2176 2179 2175 2192
4 2176 2196 2179 2192
4 2176 2190 2196 2192
4 361 606 2184 2197
4 607 2195 606 2198
4 2185 2184 2195 2196
4 2180 2198 2197 2196
4 2197 606 2184 2195
4 2197 2184 2196 2195
4 2197 2196 2198 2195
4 2197 2198 606 2195
4 361 2184 2188 2197
4 2185 2192 2184 2196
4 2171 2188 2192 2179
4 2180 2196 2197 2179
4 2197 2184 2188 2192
4 2197 2188 2179 2192
4 2197 2179 2196 2192
4 2197 2196 2184 2192
4 361 2188 609 2197
4 2171 2170 2188 2179
4 573 609 2170 2172
4 2180 2179 2197 2172
4 2197 2188 609 2170
4 2197 609 2172 2170
4 2197 2172 2179 2170
4 2197 2179 2188 2170
4 361 609 606 2197
4 573 613 609 2172
4 607 606 613 2198
4 2180 2172 2197 2198
4 2197 609 606 613
4 2197 606 2198 613
4 2197 2198 2172 613
4 2197 2172 609 613
4 552 557 1697 2182
4 607 2144 557 2195
4 1737 1697 2144 2199
4 2185 2195 2182 2199
4 2182 557 1697 2144
4 2182 1697 2199 2144
4 2182 2199 2195 2144
4 2182 2195 557 2144
4 2155 2176 2190 2158
4 2185 2190 2196 2200
4 2180 2196 2176 2201
4 2162 2158 2200 2201
4 2190 2158 2176 2201
4 2190 2200 2158 2201
4 2190 2196 2200 2201
4 2190 2176 2196 2201
4 2185 2195 2199 2202
4 2202 2195 2199 2144
4 2185 2199 2200 2202
4 2185 2200 2196 2202
4 2202 2200 2196 2201
4 2185 2196 2195 2202
4 552 1697 1696 2182
4 1737 1736 1697 2199
4 475 1696 1736 2183
4 2185 2199 2182 2183
4 1696 2182 1697 2199
4 1696 2183 2182 2199
4 1696 1736 2183 2199
4 1696 1697 1736 2199
4 1719 1743 1722 2153
4 473 471 1715 2149
4 475 1739 471 2186
4 1719 1715 1739 2151
4 2152 2186 2149 2151
4 471 1715 2149 2151
4 471 2149 2186 2151
4 471 2186 1739 2151
4 471 1739 1715 2151
4 2155 2158 2190 2157
4 2185 2190 2200 2191
4 2162 2200 2158 2161
4 2152 2157 2191 2161
4 2158 2190 2157 2191
4 2158 2157 2161 2191
4 2158 2161 2200 2191
4 2158 2200 2190 2191
4 475 2183 1736 2203
4 1737 1736 2199 2204
4 2185 2199 2183 2200
4 2162 2203 2204 2200
4 2203 2183 1736 2199
4 2203 2200 2183 2199
4 2203 2204 2200 2199
4 2203 1736 2204 2199
4 475 2186 2183 2203
4 2185 2183 2191 2200
4 2152 2191 2186 2161
4 2162 2203 2200 2161
4 2203 2186 2183 2191
4 2203 2161 2186 2191
4 2203 2200 2161 2191
4 2203 2183 2200 2191
4 475 1739 2186 2203
4 2152 2186 2151 2161
4 1719 2151 1739 2153
4 2162 2203 2161 2153
4 2203 1739 2186 2151
4 2203 2153 1739 2151
4 2203 2161 2153 2151
4 2203 2186 2161 2151
4 475 1736 1739 2203
4 1719 1739 1743 2153
4 1737 1743 1736 2204
4 2162 2203 2153 2204
4 2203 1736 1739 1743
4 2203 2204 1736 1743
4 2203 2153 2204 1743
4 2203 1739 2153 1743
4 2166 2164 2167 2205
4 2155 2174 2176 2206
4 2166 2178 2174 2207
4 2180 2176 2178 2208
4 2174 2176 2206 2208
4 2174 2206 2207 2208
4 2174 2207 2178 2208
4 2174 2178 2176 2208
4 2166 2205 2167 2209
4 2166 2207 2205 2209
4 2166 2178 2207 2209
4 2166 2167 2178 2209
4 2209 2167 2178 2173
4 2146 2148 2147 2210
4 2155 2158 2156 2211
4 2146 2156 2160 2212
4 2162 2160 2158 2213
4 2156 2211 2158 2213
4 2156 2212 2211 2213
4 2156 2160 2212 2213
4 2156 2158 2160 2213
4 2146 2148 2210 2214
4 2146 2210 2212 2214
4 2146 2212 2160 2214
4 2146 2160 2148 2214
4 2214 2160 2148 2154
4 2155 2215 2176 2158
4 2215 2176 2158 2201
4 2155 2215 2158 2211
4 2155 2215 2211 2206
4 2215 2211 2206 2216
4 2155 2215 2206 2176
4 630 631 1756 632
4 371 488 631 387
4 486 1756 488 2217
4 378 387 632 2217
4 631 1756 632 2217
4 631 632 387 2217
4 631 387 488 2217
4 631 488 1756 2217
4 371 488 387 525
4 378 387 2217 524
4 486 2217 488 521
4 522 525 524 521
4 525 488 387 2217
4 525 521 488 2217
4 525 524 521 2217
4 525 387 524 2217
4 630 1757 634 635
4 484 1768 1769 2218
4 1771 1772 1768 2219
4 1774 1769 1772 2220
4 2221 2219 2218 2220
4 1769 2218 1768 2219
4 1769 2220 2218 2219
4 1769 1772 2220 2219
4 1769 1768 1772 2219
4 2221 2222 2223 2224
4 2221 2224 2223 2220
4 2221 2223 2219 2220
4 1771 2219 2225 1772
4 376 638 637 2226
4 640 637 641 2227
4 643 641 638 2228
4 2229 2226 2227 2228
4 638 637 2226 2227
4 638 2226 2228 2227
4 638 2228 641 2227
4 638 641 637 2227
4 2229 2231 2230 2232
4 2229 2231 2232 2228
4 2229 2227 2231 2228
4 640 2233 2227 641
4 643 2228 2234 641
4 2234 2231 2233 2227
4 2234 2233 641 2227
4 2234 641 2228 2227
4 2234 2228 2231 2227
4 630 632 1756 2235
4 486 1756 2217 2236
4 378 2217 632 2237
4 2238 2235 2236 2237
4 2235 632 1756 2217
4 2235 2237 632 2217
4 2235 2236 2237 2217
4 2235 1756 2236 2217
4 484 482 520 2218
4 486 521 482 2239
4 522 520 521 2240
4 2221 2239 2218 2240
4 520 2218 482 2239
4 520 2240 2218 2239
4 520 521 2240 2239
4 520 482 521 2239
4 376 523 374 2226
4 378 374 524 2241
4 522 524 523 2242
4 2229 2226 2241 2242
4 523 374 2226 2241
4 523 2226 2242 2241
4 523 2242 524 2241
4 523 524 374 2241
4 2238 2244 2243 2245
4 2221 2222 2244 2246
4 2229 2245 2230 2246
4 2243 2222 2230 2246
4 2243 2230 2245 2246
4 2243 2245 2244 2246
4 2243 2244 2222 2246
4 2238 2237 2236 2247
4 486 2236 2217 521
4 378 2217 2237 524
4 522 2247 521 524
4 2247 2237 2236 2217
4 2247 524 2237 2217
4 2247 521 524 2217
4 2247 2236 521 2217
4 2238 2245 2237 2247
4 378 2237 2241 524
4 2229 2241 2245 2242
4 522 2247 524 2242
4 2237 2247 2245 2242
4 2237 524 2247 2242
4 2237 2241 524 2242
4 2237 2245 2241 2242
4 2238 2244 2245 2247
4 2229 2245 2246 2242
4 2221 2246 2244 2240
4 522 2247 2242 2240
4 2247 2244 2245 2246
4 2247 2240 2244 2246
4 2247 2242 2240 2246
4 2247 2245 2242 2246
4 2238 2236 2244 2247
4 2221 2244 2239 2240
4 486 2239 2236 521
4 522 2247 2240 521
4 2236 2244 2247 2240
4 2236 2247 521 2240
4 2236 521 2239 2240
4 2236 2239 2244 2240
4 630 635 632 2235
4 378 632 701 2237
4 2238 2235 2237 2248
4 635 632 2235 2237
4 635 2235 2248 2237
4 635 2248 701 2237
4 635 701 632 2237
4 376 374 638 2226
4 378 700 374 2241
4 643 638 700 2228
4 2229 2241 2226 2228
4 2226 374 638 700
4 2226 638 2228 700
4 2226 2228 2241 700
4 2226 2241 374 700
4 2229 2230 2245 2232
4 378 2237 701 2241
4 2238 2248 2237 2245
4 2229 2241 2249 2245
4 2249 701 2248 2237
4 2249 2248 2245 2237
4 2249 2245 2241 2237
4 2249 2241 701 2237
4 2229 2245 2249 2232
4 2229 2232 2249 2228
4 643 700 704 2228
4 378 701 700 2241
4 2229 2228 2249 2241
4 2249 704 701 700
4 2249 701 2241 700
4 2249 2241 2228 700
4 2249 2228 704 700
4 630 1757 635 2235
4 2238 2235 2248 2250
4 630 1756 1757 2235
4 486 1799 1756 2236
4 2238 2235 2250 2236
4 1757 2235 1756 2236
4 1757 2250 2235 2236
4 1757 1799 2250 2236
4 1757 1756 1799 2236
4 484 1769 482 2218
4 486 482 1798 2239
4 1774 1798 1769 2220
4 2221 2218 2239 2220
4 2218 1769 482 1798
4 2218 2220 1769 1798
4 2218 2239 2220 1798
4 2218 482 2239 1798
4 2221 2244 2222 2224
4 486 1799 2236 2239
4 2238 2236 2250 2244
4 2221 2251 2239 2244
4 2251 2250 1799 2236
4 2251 2244 2250 2236
4 2251 2239 2244 2236
4 2251 1799 2239 2236
4 2221 2251 2244 2224
4 2221 2251 2224 2220
4 1774 1802 1798 2220
4 486 1798 1799 2239
4 2221 2251 2220 2239
4 2251 1799 1802 1798
4 2251 2239 1799 1798
4 2251 2220 2239 1798
4 2251 1802 2220 1798
4 1803 1708 2147 2252
4 1707 2145 1708 2253
4 2146 2147 2145 2254
4 2255 2253 2252 2254
4 2147 2252 1708 2253
4 2147 2254 2252 2253
4 2147 2145 2254 2253
4 2147 1708 2145 2253
4 473 2149 1714 2256
4 1707 1714 2150 2257
4 2152 2150 2149 2258
4 2259 2256 2257 2258
4 2256 2149 1714 2150
4 2256 2258 2149 2150
4 2256 2257 2258 2150
4 2256 1714 2257 2150
4 2155 2156 2157 2260
4 2146 2159 2156 2261
4 2152 2157 2159 2262
4 2263 2261 2260 2262
4 2156 2157 2260 2262
4 2156 2260 2261 2262
4 2156 2261 2159 2262
4 2156 2159 2157 2262
4 2264 2266 2265 2267
4 2255 2265 2268 2269
4 2259 2268 2266 2270
4 2263 2267 2269 2270
4 2266 2265 2267 2269
4 2266 2267 2270 2269
4 2266 2270 2268 2269
4 2266 2268 2265 2269
4 2146 2254 2145 2271
4 1707 2145 2253 2257
4 2255 2253 2254 2268
4 2259 2271 2257 2268
4 2254 2145 2271 2257
4 2254 2271 2268 2257
4 2254 2268 2253 2257
4 2254 2253 2145 2257
4 2146 2261 2254 2271
4 2255 2254 2269 2268
4 2263 2269 2261 2270
4 2259 2271 2268 2270
4 2271 2261 2254 2269
4 2271 2270 2261 2269
4 2271 2268 2270 2269
4 2271 2254 2268 2269
4 2146 2159 2261 2271
4 2263 2261 2262 2270
4 2152 2262 2159 2258
4 2259 2271 2270 2258
4 2261 2271 2159 2258
4 2261 2270 2271 2258
4 2261 2262 2270 2258
4 2261 2159 2262 2258
4 2146 2145 2159 2271
4 2152 2159 2150 2258
4 1707 2150 2145 2257
4 2259 2271 2258 2257
4 2271 2145 2159 2150
4 2271 2257 2145 2150
4 2271 2258 2257 2150
4 2271 2159 2258 2150
4 559 2164 560 2272
4 563 560 2165 2273
4 2166 2165 2164 2274
4 2275 2272 2273 2274
4 2164 560 2272 2273
4 2164 2272 2274 2273
4 2164 2274 2165 2273
4 2164 2165 560 2273
4 359 568 2168 2276
4 563 2169 568 2277
4 2171 2168 2169 2278
4 2279 2277 2276 2278
4 2276 568 2168 2169
4 2276 2168 2278 2169
4 2276 2278 2277 2169
4 2276 2277 568 2169
4 2155 2175 2174 2280
4 2166 2174 2177 2281
4 2171 2177 2175 2282
4 2283 2280 2281 2282
4 2174 2280 2175 2282
4 2174 2281 2280 2282
4 2174 2177 2281 2282
4 2174 2175 2177 2282
4 2284 2285 2286 2287
4 2275 2288 2285 2289
4 2279 2286 2288 2290
4 2283 2289 2287 2290
4 2286 2287 2285 2289
4 2286 2290 2287 2289
4 2286 2288 2290 2289
4 2286 2285 2288 2289
4 2166 2165 2274 2291
4 563 2273 2165 2277
4 2275 2274 2273 2288
4 2279 2277 2291 2288
4 2274 2291 2165 2277
4 2274 2288 2291 2277
4 2274 2273 2288 2277
4 2274 2165 2273 2277
4 2166 2274 2281 2291
4 2275 2289 2274 2288
4 2283 2281 2289 2290
4 2279 2288 2291 2290
4 2291 2274 2281 2289
4 2291 2281 2290 2289
4 2291 2290 2288 2289
4 2291 2288 2274 2289
4 2166 2281 2177 2291
4 2283 2282 2281 2290
4 2171 2177 2282 2278
4 2279 2290 2291 2278
4 2281 2177 2291 2278
4 2281 2291 2290 2278
4 2281 2290 2282 2278
4 2281 2282 2177 2278
4 2166 2177 2165 2291
4 2171 2169 2177 2278
4 563 2165 2169 2277
4 2279 2278 2291 2277
4 2291 2177 2165 2169
4 2291 2165 2277 2169
4 2291 2277 2278 2169
4 2291 2278 2177 2169
4 2292 2294 2293 2295
4 2296 2297 2294 2298
4 2299 2295 2300 2298
4 2293 2297 2300 2298
4 2293 2300 2295 2298
4 2293 2295 2294 2298
4 2293 2294 2297 2298
4 535 2302 2301 2303
4 2292 2301 2304 2305
4 2306 2304 2302 2307
4 2308 2303 2305 2307
4 2301 2303 2302 2307
4 2301 2305 2303 2307
4 2301 2304 2305 2307
4 2301 2302 2304 2307
4 2264 2309 2310 2311
4 2296 2312 2309 2313
4 2306 2310 2312 2314
4 2315 2313 2311 2314
4 2311 2309 2310 2312
4 2311 2310 2314 2312
4 2311 2314 2313 2312
4 2311 2313 2309 2312
4 2284 2317 2316 2318
4 2299 2316 2319 2320
4 2308 2319 2317 2321
4 2315 2318 2320 2321
4 2318 2317 2316 2319
4 2318 2321 2317 2319
4 2318 2320 2321 2319
4 2318 2316 2320 2319
4 2292 2294 2295 2322
4 2296 2298 2294 2313
4 2299 2295 2298 2320
4 2315 2313 2322 2320
4 2322 2294 2295 2298
4 2322 2295 2320 2298
4 2322 2320 2313 2298
4 2322 2313 2294 2298
4 2292 2295 2305 2322
4 2299 2319 2295 2320
4 2308 2305 2319 2321
4 2315 2320 2322 2321
4 2305 2322 2295 2320
4 2305 2321 2322 2320
4 2305 2319 2321 2320
4 2305 2295 2319 2320
4 2292 2305 2304 2322
4 2308 2307 2305 2321
4 2306 2304 2307 2314
4 2315 2321 2322 2314
4 2322 2305 2304 2307
4 2322 2304 2314 2307
4 2322 2314 2321 2307
4 2322 2321 2305 2307
4 2292 2304 2294 2322
4 2306 2312 2304 2314
4 2296 2294 2312 2313
4 2315 2314 2322 2313
4 2304 2294 2322 2313
4 2304 2322 2314 2313
4 2304 2314 2312 2313
4 2304 2312 2294 2313
4 535 534 533 2323
4 529 533 536 2324
4 532 536 534 2325
4 2326 2323 2324 2325
4 2323 534 533 536
4 2323 2325 534 536
4 2323 2324 2325 536
4 2323 533 2324 536
4 473 527 514 2149
4 529 528 527 2327
4 516 514 528 2187
4 2152 2327 2149 2187
4 514 2149 527 2327
4 514 2187 2149 2327
4 514 528 2187 2327
4 514 527 528 2327
4 359 517 530 2168
4 532 530 531 2328
4 516 531 517 2189
4 2171 2168 2328 2189
4 517 530 2168 2328
4 517 2168 2189 2328
4 517 2189 531 2328
4 517 531 530 2328
4 2155 2329 2157 2175
4 2326 2330 2329 2331
4 2152 2157 2330 2193
4 2171 2331 2175 2193
4 2329 2157 2175 2193
4 2329 2175 2331 2193
4 2329 2331 2330 2193
4 2329 2330 2157 2193
4 2326 2325 2324 2332
4 529 2324 536 528
4 532 536 2325 531
4 516 2332 528 531
4 2332 2325 2324 536
4 2332 531 2325 536
4 2332 528 531 536
4 2332 2324 528 536
4 2326 2331 2325 2332
4 532 2325 2328 531
4 2171 2328 2331 2189
4 516 2332 531 2189
4 2331 2325 2332 531
4 2331 2332 2189 531
4 2331 2189 2328 531
4 2331 2328 2325 531
4 2326 2330 2331 2332
4 2171 2331 2193 2189
4 2152 2193 2330 2187
4 516 2332 2189 2187
4 2332 2330 2331 2193
4 2332 2187 2330 2193
4 2332 2189 2187 2193
4 2332 2331 2189 2193
4 2326 2324 2330 2332
4 2152 2330 2327 2187
4 529 2327 2324 528
4 516 2332 2187 528
4 2330 2332 2324 528
4 2330 2187 2332 528
4 2330 2327 2187 528
4 2330 2324 2327 528
4 535 2303 534 2323
4 532 534 2333 2325
4 2308 2333 2303 2334
4 2326 2323 2325 2334
4 534 2323 2303 2334
4 534 2325 2323 2334
4 534 2333 2325 2334
4 534 2303 2333 2334
4 359 530 2276 2168
4 532 2335 530 2328
4 2279 2276 2335 2278
4 2171 2328 2168 2278
4 530 2276 2168 2278
4 530 2168 2328 2278
4 530 2328 2335 2278
4 530 2335 2276 2278
4 2284 2286 2317 2287
4 2308 2317 2336 2337
4 2279 2336 2286 2290
4 2283 2287 2337 2290
4 2287 2286 2317 2336
4 2287 2290 2286 2336
4 2287 2337 2290 2336
4 2287 2317 2337 2336
4 2155 2329 2175 2280
4 2326 2331 2329 2338
4 2171 2175 2331 2282
4 2283 2338 2280 2282
4 2280 2329 2175 2331
4 2280 2175 2282 2331
4 2280 2282 2338 2331
4 2280 2338 2329 2331
4 532 2325 2333 2339
4 2308 2333 2334 2337
4 2326 2334 2325 2338
4 2283 2339 2337 2338
4 2339 2325 2333 2334
4 2339 2338 2325 2334
4 2339 2337 2338 2334
4 2339 2333 2337 2334
4 532 2328 2325 2339
4 2326 2325 2331 2338
4 2171 2331 2328 2282
4 2283 2339 2338 2282
4 2339 2328 2325 2331
4 2339 2282 2328 2331
4 2339 2338 2282 2331
4 2339 2325 2338 2331
4 532 2335 2328 2339
4 2171 2328 2278 2282
4 2279 2278 2335 2290
4 2283 2339 2282 2290
4 2339 2335 2328 2278
4 2339 2290 2335 2278
4 2339 2282 2290 2278
4 2339 2328 2282 2278
4 532 2333 2335 2339
4 2279 2335 2336 2290
4 2308 2336 2333 2337
4 2283 2339 2290 2337
4 2339 2333 2335 2336
4 2339 2337 2333 2336
4 2339 2290 2337 2336
4 2339 2335 2290 2336
4 535 2302 2303 2323
4 2308 2303 2307 2334
4 2306 2307 2302 2340
4 2326 2323 2334 2340
4 2323 2302 2303 2307
4 2323 2340 2302 2307
4 2323 2334 2340 2307
4 2323 2303 2334 2307
4 2284 2317 2318 2287
4 2308 2321 2317 2337
4 2315 2318 2321 2341
4 2283 2337 2287 2341
4 2318 2287 2317 2337
4 2318 2341 2287 2337
4 2318 2321 2341 2337
4 2318 2317 2321 2337
4 2264 2311 2310 2267
4 2306 2310 2314 2342
4 2315 2314 2311 2343
4 2263 2267 2342 2343
4 2311 2310 2267 2342
4 2311 2267 2343 2342
4 2311 2343 2314 2342
4 2311 2314 2310 2342
4 2155 2329 2280 2260
4 2326 2338 2329 2344
4 2283 2280 2338 2345
4 2263 2344 2260 2345
4 2329 2280 2260 2345
4 2329 2260 2344 2345
4 2329 2344 2338 2345
4 2329 2338 2280 2345
4 2326 2340 2334 2346
4 2308 2334 2307 2321
4 2306 2307 2340 2314
4 2315 2346 2321 2314
4 2346 2340 2334 2307
4 2346 2314 2340 2307
4 2346 2321 2314 2307
4 2346 2334 2321 2307
4 2326 2344 2340 2346
4 2306 2340 2342 2314
4 2263 2342 2344 2343
4 2315 2346 2314 2343
4 2340 2346 2344 2343
4 2340 2314 2346 2343
4 2340 2342 2314 2343
4 2340 2344 2342 2343
4 2326 2338 2344 2346
4 2263 2344 2345 2343
4 2283 2345 2338 2341
4 2315 2346 2343 2341
4 2346 2338 2344 2345
4 2346 2341 2338 2345
4 2346 2343 2341 2345
4 2346 2344 2343 2345
4 2326 2334 2338 2346
4 2283 2338 2337 2341
4 2308 2337 2334 2321
4 2315 2346 2341 2321
4 2334 2338 2346 2341
4 2334 2346 2321 2341
4 2334 2321 2337 2341
4 2334 2337 2338 2341
4 535 533 2302 2323
4 2306 2302 2347 2340
4 529 2347 533 2324
4 2326 2323 2340 2324
4 533 2302 2323 2340
4 533 2323 2324 2340
4 533 2324 2347 2340
4 533 2347 2302 2340
4 2264 2310 2266 2267
4 2306 2348 2310 2342
4 2259 2266 2348 2270
4 2263 2342 2267 2270
4 2267 2310 2266 2348
4 2267 2266 2270 2348
4 2267 2270 2342 2348
4 2267 2342 2310 2348
4 473 2256 527 2149
4 529 527 2349 2327
4 2259 2349 2256 2258
4 2152 2149 2327 2258
4 527 2149 2256 2258
4 527 2327 2149 2258
4 527 2349 2327 2258
4 527 2256 2349 2258
4 2155 2329 2260 2157
4 2326 2344 2329 2330
4 2263 2260 2344 2262
4 2152 2330 2157 2262
4 2260 2157 2329 2330
4 2260 2262 2157 2330
4 2260 2344 2262 2330
4 2260 2329 2344 2330
4 529 2347 2324 2350
4 2306 2340 2347 2342
4 2326 2324 2340 2344
4 2263 2342 2350 2344
4 2350 2347 2324 2340
4 2350 2324 2344 2340
4 2350 2344 2342 2340
4 2350 2342 2347 2340
4 529 2324 2327 2350
4 2326 2330 2324 2344
4 2152 2327 2330 2262
4 2263 2344 2350 2262
4 2350 2324 2327 2330
4 2350 2327 2262 2330
4 2350 2262 2344 2330
4 2350 2344 2324 2330
4 529 2327 2349 2350
4 2152 2258 2327 2262
4 2259 2349 2258 2270
4 2263 2262 2350 2270
4 2350 2327 2349 2258
4 2350 2349 2270 2258
4 2350 2270 2262 2258
4 2350 2262 2327 2258
4 529 2349 2347 2350
4 2259 2348 2349 2270
4 2306 2347 2348 2342
4 2263 2270 2350 2342
4 2350 2349 2347 2348
4 2350 2347 2342 2348
4 2350 2342 2270 2348
4 2350 2270 2349 2348
4 2296 2297 2298 2351
4 2299 2298 2300 2352
4 2353 2354 2351 2352
4 2354 2300 2297 2298
4 2354 2352 2300 2298
4 2354 2351 2352 2298
4 2354 2297 2351 2298
4 2264 2309 2311 2355
4 2296 2313 2309 2356
4 2315 2311 2313 2357
4 2358 2356 2355 2357
4 2311 2355 2309 2356
4 2311 2357 2355 2356
4 2311 2313 2357 2356
4 2311 2309 2313 2356
4 2284 2318 2316 2359
4 2299 2316 2320 2360
4 2315 2320 2318 2361
4 2362 2359 2360 2361
4 2318 2316 2359 2360
4 2318 2359 2361 2360
4 2318 2361 2320 2360
4 2318 2320 2316 2360
4 2353 2352 2351 2363
4 2296 2351 2298 2313
4 2299 2298 2352 2320
4 2315 2363 2313 2320
4 2363 2352 2351 2298
4 2363 2320 2352 2298
4 2363 2313 2320 2298
4 2363 2351 2313 2298
4 2353 2364 2352 2363
4 2299 2352 2360 2320
4 2362 2360 2364 2361
4 2315 2363 2320 2361
4 2364 2352 2363 2320
4 2364 2363 2361 2320
4 2364 2361 2360 2320
4 2364 2360 2352 2320
4 2353 2365 2364 2363
4 2362 2364 2366 2361
4 2358 2366 2365 2357
4 2315 2363 2361 2357
4 2363 2365 2364 2366
4 2363 2357 2365 2366
4 2363 2361 2357 2366
4 2363 2364 2361 2366
4 2353 2351 2365 2363
4 2358 2365 2356 2357
4 2296 2356 2351 2313
4 2315 2363 2357 2313
4 2365 2363 2351 2313
4 2365 2357 2363 2313
4 2365 2356 2357 2313
4 2365 2351 2356 2313
4 2255 2254 2252 2367
4 2146 2147 2254 2210
4 2147 2254 2210 2367
4 2147 2252 2254 2367
4 2264 2267 2265 2368
4 2255 2265 2269 2369
4 2263 2269 2267 2370
4 2371 2368 2369 2370
4 2368 2267 2265 2269
4 2368 2370 2267 2269
4 2368 2369 2370 2269
4 2368 2265 2369 2269
4 2155 2156 2260 2211
4 2146 2261 2156 2212
4 2263 2260 2261 2372
4 2156 2260 2211 2372
4 2156 2211 2212 2372
4 2156 2212 2261 2372
4 2156 2261 2260 2372
4 2146 2210 2254 2373
4 2255 2254 2367 2369
4 2146 2212 2210 2373
4 2146 2261 2212 2373
4 2263 2372 2261 2370
4 2371 2373 2374 2370
4 2261 2212 2373 2374
4 2261 2373 2370 2374
4 2261 2370 2372 2374
4 2261 2372 2212 2374
4 2146 2254 2261 2373
4 2263 2261 2269 2370
4 2255 2269 2254 2369
4 2371 2373 2370 2369
4 2373 2254 2261 2269
4 2373 2369 2254 2269
4 2373 2370 2369 2269
4 2373 2261 2370 2269
4 2275 2272 2274 2375
4 2166 2274 2164 2205
4 2164 2205 2274 2375
4 2164 2274 2272 2375
4 2284 2285 2287 2376
4 2275 2289 2285 2377
4 2283 2287 2289 2378
4 2379 2377 2376 2378
4 2376 2285 2287 2289
4 2376 2287 2378 2289
4 2376 2378 2377 2289
4 2376 2377 2285 2289
4 2155 2280 2174 2206
4 2166 2174 2281 2207
4 2283 2281 2280 2380
4 2174 2206 2280 2380
4 2174 2207 2206 2380
4 2174 2281 2207 2380
4 2174 2280 2281 2380
4 2166 2274 2205 2381
4 2275 2375 2274 2377
4 2166 2205 2207 2381
4 2166 2207 2281 2381
4 2283 2281 2380 2378
4 2379 2382 2381 2378
4 2281 2381 2207 2382
4 2281 2378 2381 2382
4 2281 2380 2378 2382
4 2281 2207 2380 2382
4 2166 2281 2274 2381
4 2283 2289 2281 2378
4 2275 2274 2289 2377
4 2379 2378 2381 2377
4 2381 2281 2274 2289
4 2381 2274 2377 2289
4 2381 2377 2378 2289
4 2381 2378 2281 2289
4 2264 2355 2311 2267
4 2358 2357 2355 2383
4 2315 2311 2357 2343
4 2263 2383 2267 2343
4 2311 2267 2355 2383
4 2311 2343 2267 2383
4 2311 2357 2343 2383
4 2311 2355 2357 2383
4 2284 2318 2359 2287
4 2362 2359 2361 2384
4 2315 2361 2318 2341
4 2283 2287 2384 2341
4 2318 2359 2287 2384
4 2318 2287 2341 2384
4 2318 2341 2361 2384
4 2318 2361 2359 2384
4 2155 2385 2260 2280
4 2386 2387 2385 2388
4 2263 2260 2387 2345
4 2283 2388 2280 2345
4 2385 2260 2280 2345
4 2385 2280 2388 2345
4 2385 2388 2387 2345
4 2385 2387 2260 2345
4 2386 2390 2389 2391
4 2358 2389 2366 2357
4 2362 2366 2390 2361
4 2315 2391 2357 2361
4 2391 2390 2389 2366
4 2391 2361 2390 2366
4 2391 2357 2361 2366
4 2391 2389 2357 2366
4 2386 2388 2390 2391
4 2362 2390 2384 2361
4 2283 2384 2388 2341
4 2315 2391 2361 2341
4 2390 2391 2388 2341
4 2390 2361 2391 2341
4 2390 2384 2361 2341
4 2390 2388 2384 2341
4 2386 2387 2388 2391
4 2283 2388 2345 2341
4 2263 2345 2387 2343
4 2315 2391 2341 2343
4 2391 2387 2388 2345
4 2391 2343 2387 2345
4 2391 2341 2343 2345
4 2391 2388 2341 2345
4 2386 2389 2387 2391
4 2263 2387 2383 2343
4 2358 2383 2389 2357
4 2315 2391 2343 2357
4 2389 2387 2391 2343
4 2389 2391 2357 2343
4 2389 2357 2383 2343
4 2389 2383 2387 2343
4 2284 2359 2376 2287
4 2362 2392 2359 2384
4 2379 2376 2392 2378
4 2283 2384 2287 2378
4 2287 2359 2376 2392
4 2287 2376 2378 2392
4 2287 2378 2384 2392
4 2287 2384 2359 2392
4 2155 2385 2280 2206
4 2386 2388 2385 2393
4 2283 2280 2388 2380
4 2280 2206 2385 2393
4 2280 2380 2206 2393
4 2280 2388 2380 2393
4 2280 2385 2388 2393
4 2283 2384 2394 2388
4 2394 2388 2384 2390
4 2283 2388 2394 2380
4 2394 2380 2388 2393
4 2283 2380 2394 2378
4 2394 2378 2380 2382
4 2283 2378 2394 2384
4 2394 2384 2378 2392
4 2155 2385 2206 2211
4 2386 2393 2385 2395
4 2385 2206 2211 2216
4 2385 2211 2395 2216
4 2385 2395 2393 2216
4 2385 2393 2206 2216
4 2264 2368 2355 2267
4 2358 2355 2396 2383
4 2371 2396 2368 2370
4 2263 2267 2383 2370
4 2267 2368 2355 2396
4 2267 2370 2368 2396
4 2267 2383 2370 2396
4 2267 2355 2383 2396
4 2155 2385 2211 2260
4 2386 2395 2385 2387
4 2263 2387 2260 2372
4 2260 2385 2211 2395
4 2260 2211 2372 2395
4 2260 2372 2387 2395
4 2260 2387 2385 2395
4 2263 2397 2383 2387
4 2397 2383 2387 2389
4 2263 2397 2387 2372
4 2397 2387 2372 2395
4 2263 2397 2372 2370
4 2397 2372 2370 2374
4 2263 2397 2370 2383
4 2397 2370 2383 2396
4 2299 2300 2398 2352
4 2284 2316 2399 2359
4 2299 2400 2316 2360
4 2362 2360 2359 2401
4 2316 2399 2359 2401
4 2316 2359 2360 2401
4 2316 2360 2400 2401
4 2316 2400 2399 2401
4 2299 2352 2398 2402
4 2299 2360 2352 2402
4 2402 2360 2352 2364
4 2299 2400 2360 2402
4 2402 2400 2360 2401
4 2299 2398 2400 2402
4 2275 2403 2272 2375
4 2284 2404 2285 2376
4 2275 2285 2405 2377
4 2379 2376 2377 2406
4 2285 2376 2404 2406
4 2285 2377 2376 2406
4 2285 2405 2377 2406
4 2285 2404 2405 2406
4 2284 2359 2399 2407
4 2407 2359 2399 2401
4 2284 2376 2359 2407
4 2407 2376 2359 2392
4 2284 2404 2376 2407
4 2407 2404 2376 2406
4 2284 2399 2404 2407
4 2296 2408 2297 2351
4 2264 2409 2309 2355
4 2296 2309 2410 2356
4 2358 2355 2356 2411
4 2309 2355 2409 2411
4 2309 2356 2355 2411
4 2309 2410 2356 2411
4 2309 2409 2410 2411
4 2296 2408 2351 2412
4 2296 2351 2356 2412
4 2412 2351 2356 2365
4 2296 2356 2410 2412
4 2412 2356 2410 2411
4 2296 2410 2408 2412
4 2255 2252 2413 2367
4 2264 2265 2414 2368
4 2255 2415 2265 2369
4 2371 2369 2368 2416
4 2265 2414 2368 2416
4 2265 2368 2369 2416
4 2265 2369 2415 2416
4 2265 2415 2414 2416
4 2264 2409 2355 2417
4 2417 2409 2355 2411
4 2264 2355 2368 2417
4 2417 2355 2368 2396
4 2264 2368 2414 2417
4 2417 2368 2414 2416
4 2264 2414 2409 2417
4 559 560 922 2272
4 563 923 560 2273
4 924 922 923 2418
4 2275 2273 2272 2418
4 2272 560 922 923
4 2272 922 2418 923
4 2272 2418 2273 923
4 2272 2273 560 923
4 359 926 568 2276
4 563 568 927 2277
4 928 927 926 2419
4 2279 2276 2277 2419
4 926 568 2276 2277
4 926 2276 2419 2277
4 926 2419 927 2277
4 926 927 568 2277
4 930 931 932 2420
4 924 934 931 2421
4 928 932 934 2422
4 2423 2421 2420 2422
4 932 2420 931 2421
4 932 2422 2420 2421
4 932 934 2422 2421
4 932 931 934 2421
4 2284 2286 2285 2424
4 2275 2285 2288 2425
4 2279 2288 2286 2426
4 2423 2424 2425 2426
4 2285 2424 2286 2426
4 2285 2425 2424 2426
4 2285 2288 2425 2426
4 2285 2286 2288 2426
4 2275 2273 2418 2427
4 563 923 2273 927
4 924 2418 923 934
4 928 927 2427 934
4 2427 2273 2418 923
4 2427 2418 934 923
4 2427 934 927 923
4 2427 927 2273 923
4 2275 2418 2425 2427
4 924 2421 2418 934
4 2423 2425 2421 2422
4 928 934 2427 2422
4 2427 2418 2425 2421
4 2427 2425 2422 2421
4 2427 2422 934 2421
4 2427 934 2418 2421
4 2275 2425 2288 2427
4 2423 2426 2425 2422
4 2279 2288 2426 2419
4 928 2422 2427 2419
4 2427 2425 2288 2426
4 2427 2288 2419 2426
4 2427 2419 2422 2426
4 2427 2422 2425 2426
4 2275 2288 2273 2427
4 2279 2277 2288 2419
4 563 2273 2277 927
4 928 2419 2427 927
4 2427 2288 2273 2277
4 2427 2273 927 2277
4 2427 927 2419 2277
4 2427 2419 2288 2277
4 376 637 942 2428
4 640 943 637 2429
4 944 942 943 2430
4 2431 2429 2428 2430
4 637 942 2428 2430
4 637 2428 2429 2430
4 637 2429 943 2430
4 637 943 942 2430
4 930 947 946 2432
4 949 946 950 2433
4 944 950 947 2434
4 2435 2432 2433 2434
4 2432 947 946 950
4 2432 2434 947 950
4 2432 2433 2434 950
4 2432 946 2433 950
4 2431 2436 2437 2438
4 2435 2440 2439 2438
4 2439 2436 2438 2437
4 2439 2438 2440 2437
4 640 2441 957 2442
4 949 957 2443 2433
4 2435 2442 2433 2440
4 2442 2441 957 2443
4 2442 2440 2441 2443
4 2442 2433 2440 2443
4 2442 957 2433 2443
4 640 2429 2441 2442
4 2431 2437 2429 2438
4 2435 2442 2440 2438
4 2442 2429 2441 2437
4 2442 2438 2429 2437
4 2442 2440 2438 2437
4 2442 2441 2440 2437
4 640 943 2429 2442
4 2431 2429 2430 2438
4 944 2430 943 2434
4 2435 2442 2438 2434
4 2442 943 2429 2430
4 2442 2434 943 2430
4 2442 2438 2434 2430
4 2442 2429 2438 2430
4 640 957 943 2442
4 944 943 950 2434
4 949 950 957 2433
4 2435 2442 2434 2433
4 2442 957 943 950
4 2442 2433 957 950
4 2442 2434 2433 950
4 2442 943 2434 950
4 2292 2295 2293 2444
4 2299 2300 2295 2445
4 2446 2444 2447 2445
4 2300 2447 2293 2444
4 2300 2445 2447 2444
4 2300 2295 2445 2444
4 2300 2293 2295 2444
4 535 2303 2301 2448
4 2292 2301 2305 2449
4 2308 2305 2303 2450
4 2451 2448 2449 2450
4 2448 2303 2301 2305
4 2448 2450 2303 2305
4 2448 2449 2450 2305
4 2448 2301 2449 2305
4 2284 2316 2317 2452
4 2299 2319 2316 2453
4 2308 2317 2319 2454
4 2455 2453 2452 2454
4 2316 2317 2452 2454
4 2316 2452 2453 2454
4 2316 2453 2319 2454
4 2316 2319 2317 2454
4 2456 2458 2457 2459
4 2446 2457 2460 2461
4 2451 2460 2458 2462
4 2455 2459 2461 2462
4 2458 2457 2459 2461
4 2458 2459 2462 2461
4 2458 2462 2460 2461
4 2458 2460 2457 2461
4 2299 2445 2295 2463
4 2292 2295 2444 2449
4 2446 2444 2445 2460
4 2451 2463 2449 2460
4 2463 2445 2295 2444
4 2463 2460 2445 2444
4 2463 2449 2460 2444
4 2463 2295 2449 2444
4 2299 2453 2445 2463
4 2446 2445 2461 2460
4 2455 2461 2453 2462
4 2451 2463 2460 2462
4 2463 2453 2445 2461
4 2463 2462 2453 2461
4 2463 2460 2462 2461
4 2463 2445 2460 2461
4 2299 2319 2453 2463
4 2455 2453 2454 2462
4 2308 2454 2319 2450
4 2451 2463 2462 2450
4 2463 2319 2453 2454
4 2463 2450 2319 2454
4 2463 2462 2450 2454
4 2463 2453 2462 2454
4 2299 2295 2319 2463
4 2308 2319 2305 2450
4 2292 2305 2295 2449
4 2451 2463 2450 2449
4 2463 2295 2319 2305
4 2463 2449 2295 2305
4 2463 2450 2449 2305
4 2463 2319 2450 2305
4 376 407 538 2464
4 406 539 407 2465
4 540 538 539 2466
4 2467 2465 2464 2466
4 2464 407 538 539
4 2464 538 2466 539
4 2464 2466 2465 539
4 2464 2465 407 539
4 359 530 405 2276
4 406 405 537 2468
4 532 537 530 2335
4 2279 2276 2468 2335
4 530 405 2276 2468
4 530 2276 2335 2468
4 530 2335 537 2468
4 530 537 405 2468
4 535 541 534 2303
4 540 542 541 2469
4 532 534 542 2333
4 2308 2469 2303 2333
4 534 2303 541 2469
4 534 2333 2303 2469
4 534 542 2333 2469
4 534 541 542 2469
4 2284 2286 2470 2317
4 2467 2470 2471 2472
4 2279 2471 2286 2336
4 2308 2317 2472 2336
4 2470 2317 2286 2336
4 2470 2472 2317 2336
4 2470 2471 2472 2336
4 2470 2286 2471 2336
4 2467 2465 2466 2473
4 406 539 2465 537
4 540 2466 539 542
4 532 537 2473 542
4 2473 2465 2466 539
4 2473 2466 542 539
4 2473 542 537 539
4 2473 537 2465 539
4 2467 2466 2472 2473
4 540 2469 2466 542
4 2308 2472 2469 2333
4 532 542 2473 2333
4 2473 2466 2472 2469
4 2473 2472 2333 2469
4 2473 2333 542 2469
4 2473 542 2466 2469
4 2467 2472 2471 2473
4 2308 2336 2472 2333
4 2279 2471 2336 2335
4 532 2333 2473 2335
4 2473 2472 2471 2336
4 2473 2471 2335 2336
4 2473 2335 2333 2336
4 2473 2333 2472 2336
4 2467 2471 2465 2473
4 2279 2468 2471 2335
4 406 2465 2468 537
4 532 2335 2473 537
4 2473 2471 2465 2468
4 2473 2465 537 2468
4 2473 537 2335 2468
4 2473 2335 2471 2468
4 376 538 2428 2464
4 540 2474 538 2466
4 2431 2428 2474 2475
4 2467 2466 2464 2475
4 2464 538 2428 2474
4 2464 2428 2475 2474
4 2464 2475 2466 2474
4 2464 2466 538 2474
4 535 2448 541 2303
4 540 541 2476 2469
4 2451 2476 2448 2450
4 2308 2303 2469 2450
4 2448 541 2303 2469
4 2448 2303 2450 2469
4 2448 2450 2476 2469
4 2448 2476 541 2469
4 2456 2436 2458 2459
4 2431 2477 2436 2478
4 2451 2458 2477 2462
4 2455 2478 2459 2462
4 2458 2459 2436 2478
4 2458 2462 2459 2478
4 2458 2477 2462 2478
4 2458 2436 2477 2478
4 2284 2317 2470 2452
4 2467 2470 2472 2479
4 2308 2472 2317 2454
4 2455 2452 2479 2454
4 2470 2452 2317 2454
4 2470 2479 2452 2454
4 2470 2472 2479 2454
4 2470 2317 2472 2454
4 2467 2466 2475 2480
4 540 2474 2466 2476
4 2431 2475 2474 2477
4 2451 2476 2480 2477
4 2480 2466 2475 2474
4 2480 2475 2477 2474
4 2480 2477 2476 2474
4 2480 2476 2466 2474
4 2467 2475 2479 2480
4 2431 2478 2475 2477
4 2455 2479 2478 2462
4 2451 2477 2480 2462
4 2480 2475 2479 2478
4 2480 2479 2462 2478
4 2480 2462 2477 2478
4 2480 2477 2475 2478
4 2467 2479 2472 2480
4 2455 2454 2479 2462
4 2308 2472 2454 2450
4 2451 2462 2480 2450
4 2480 2479 2472 2454
4 2480 2472 2450 2454
4 2480 2450 2462 2454
4 2480 2462 2479 2454
4 2467 2472 2466 2480
4 2308 2469 2472 2450
4 540 2466 2469 2476
4 2451 2450 2480 2476
4 2480 2472 2466 2469
4 2480 2466 2476 2469
4 2480 2476 2450 2469
4 2480 2450 2472 2469
4 376 2428 942 2464
4 2431 2430 2428 2475
4 944 942 2430 2481
4 2467 2475 2464 2481
4 2464 2428 942 2430
4 2464 942 2481 2430
4 2464 2481 2475 2430
4 2464 2475 2428 2430
4 2456 2439 2436 2459
4 2431 2436 2438 2478
4 2435 2438 2439 2482
4 2455 2459 2478 2482
4 2439 2436 2459 2478
4 2439 2459 2482 2478
4 2439 2482 2438 2478
4 2439 2438 2436 2478
4 930 947 2432 2420
4 944 2434 947 2483
4 2435 2432 2434 2484
4 2423 2483 2420 2484
4 2432 2420 947 2483
4 2432 2484 2420 2483
4 2432 2434 2484 2483
4 2432 947 2434 2483
4 2284 2452 2470 2424
4 2467 2470 2479 2485
4 2455 2479 2452 2486
4 2423 2424 2485 2486
4 2470 2424 2452 2486
4 2470 2485 2424 2486
4 2470 2479 2485 2486
4 2470 2452 2479 2486
4 2467 2475 2481 2487
4 2431 2430 2475 2438
4 944 2481 2430 2434
4 2435 2438 2487 2434
4 2487 2475 2481 2430
4 2487 2481 2434 2430
4 2487 2434 2438 2430
4 2487 2438 2475 2430
4 2467 2481 2485 2487
4 944 2483 2481 2434
4 2423 2485 2483 2484
4 2435 2434 2487 2484
4 2487 2481 2485 2483
4 2487 2485 2484 2483
4 2487 2484 2434 2483
4 2487 2434 2481 2483
4 2467 2485 2479 2487
4 2423 2486 2485 2484
4 2455 2479 2486 2482
4 2435 2484 2487 2482
4 2487 2485 2479 2486
4 2487 2479 2482 2486
4 2487 2482 2484 2486
4 2487 2484 2485 2486
4 2467 2479 2475 2487
4 2455 2478 2479 2482
4 2431 2475 2478 2438
4 2435 2482 2487 2438
4 2487 2479 2475 2478
4 2487 2475 2438 2478
4 2487 2438 2482 2478
4 2487 2482 2479 2478
4 376 942 407 2464
4 944 983 942 2481
4 406 407 983 2465
4 2467 2481 2464 2465
4 2464 942 407 983
4 2464 407 2465 983
4 2464 2465 2481 983
4 2464 2481 942 983
4 930 932 947 2420
4 944 947 984 2483
4 928 984 932 2422
4 2423 2420 2483 2422
4 932 947 2420 2483
4 932 2420 2422 2483
4 932 2422 984 2483
4 932 984 947 2483
4 359 405 926 2276
4 406 985 405 2468
4 928 926 985 2419
4 2279 2468 2276 2419
4 926 2276 405 2468
4 926 2419 2276 2468
4 926 985 2419 2468
4 926 405 985 2468
4 2284 2424 2470 2286
4 2467 2470 2485 2471
4 2423 2485 2424 2426
4 2279 2286 2471 2426
4 2470 2286 2424 2426
4 2470 2471 2286 2426
4 2470 2485 2471 2426
4 2470 2424 2485 2426
4 2467 2481 2465 2488
4 944 983 2481 984
4 406 2465 983 985
4 928 984 2488 985
4 2488 2481 2465 983
4 2488 2465 985 983
4 2488 985 984 983
4 2488 984 2481 983
4 2467 2465 2471 2488
4 406 2468 2465 985
4 2279 2471 2468 2419
4 928 985 2488 2419
4 2488 2465 2471 2468
4 2488 2471 2419 2468
4 2488 2419 985 2468
4 2488 985 2465 2468
4 2467 2471 2485 2488
4 2279 2426 2471 2419
4 2423 2485 2426 2422
4 928 2419 2488 2422
4 2488 2471 2485 2426
4 2488 2485 2422 2426
4 2488 2422 2419 2426
4 2488 2419 2471 2426
4 2467 2485 2481 2488
4 2423 2483 2485 2422
4 944 2481 2483 984
4 928 2422 2488 984
4 2488 2485 2481 2483
4 2488 2481 984 2483
4 2488 984 2422 2483
4 2488 2422 2485 2483
4 930 2432 946 2489
4 949 946 2433 2490
4 2435 2433 2432 2491
4 2492 2489 2490 2491
4 2432 946 2489 2490
4 2432 2489 2491 2490
4 2432 2491 2433 2490
4 2432 2433 946 2490
4 2435 2439 2440 2493
4 2435 2433 2494 2440
4 2494 2440 2433 2443
4 2435 2440 2494 2493
4 2435 2493 2494 2491
4 2494 2491 2493 2495
4 2435 2491 2494 2433
4 2494 2433 2491 2490
4 924 922 2418 2496
4 2275 2418 2272 2403
4 2272 2403 2418 2496
4 2272 2418 922 2496
4 930 931 2420 2497
4 924 2421 931 2498
4 2423 2420 2421 2499
4 2500 2498 2497 2499
4 2497 931 2420 2421
4 2497 2420 2499 2421
4 2497 2499 2498 2421
4 2497 2498 931 2421
4 2284 2424 2285 2404
4 2275 2285 2425 2405
4 2423 2425 2424 2501
4 2285 2404 2424 2501
4 2285 2405 2404 2501
4 2285 2425 2405 2501
4 2285 2424 2425 2501
4 2275 2418 2403 2502
4 924 2496 2418 2498
4 2500 2498 2502 2503
4 2502 2418 2403 2496
4 2502 2403 2503 2496
4 2502 2503 2498 2496
4 2502 2498 2418 2496
4 2275 2403 2405 2502
4 2500 2503 2502 2504
4 2275 2405 2425 2502
4 2423 2425 2501 2499
4 2500 2504 2502 2499
4 2502 2405 2425 2501
4 2502 2425 2499 2501
4 2502 2499 2504 2501
4 2502 2504 2405 2501
4 2275 2425 2418 2502
4 2423 2421 2425 2499
4 924 2418 2421 2498
4 2500 2499 2502 2498
4 2502 2425 2418 2421
4 2502 2418 2498 2421
4 2502 2498 2499 2421
4 2502 2499 2425 2421
4 2299 2300 2445 2398
4 2456 2459 2457 2505
4 2446 2457 2461 2506
4 2455 2461 2459 2507
4 2505 2459 2457 2461
4 2505 2507 2459 2461
4 2505 2506 2507 2461
4 2505 2457 2506 2461
4 2284 2316 2452 2399
4 2299 2453 2316 2400
4 2455 2452 2453 2508
4 2316 2452 2399 2508
4 2316 2399 2400 2508
4 2316 2400 2453 2508
4 2316 2453 2452 2508
4 2299 2398 2445 2509
4 2299 2400 2398 2509
4 2299 2453 2400 2509
4 2455 2508 2453 2507
4 2509 2453 2400 2508
4 2509 2507 2453 2508
4 2299 2445 2453 2509
4 2455 2453 2461 2507
4 2446 2461 2445 2506
4 2509 2445 2453 2461
4 2509 2506 2445 2461
4 2509 2507 2506 2461
4 2509 2453 2507 2461
4 930 2432 2489 2420
4 2492 2489 2491 2510
4 2435 2491 2432 2484
4 2423 2420 2510 2484
4 2432 2489 2420 2510
4 2432 2420 2484 2510
4 2432 2484 2491 2510
4 2432 2491 2489 2510
4 2435 2439 2493 2482
4 2455 2511 2459 2482
4 2439 2482 2459 2511
4 2439 2493 2482 2511
4 2284 2424 2512 2452
4 2513 2512 2514 2515
4 2423 2514 2424 2486
4 2455 2452 2515 2486
4 2512 2452 2424 2486
4 2512 2515 2452 2486
4 2512 2514 2515 2486
4 2512 2424 2514 2486
4 2513 2516 2517 2518
4 2492 2495 2516 2491
4 2435 2491 2518 2493
4 2518 2516 2517 2495
4 2518 2517 2493 2495
4 2518 2493 2491 2495
4 2518 2491 2516 2495
4 2513 2517 2515 2518
4 2455 2515 2511 2482
4 2435 2493 2518 2482
4 2518 2517 2515 2511
4 2518 2515 2482 2511
4 2518 2482 2493 2511
4 2518 2493 2517 2511
4 2513 2515 2514 2518
4 2455 2486 2515 2482
4 2423 2514 2486 2484
4 2435 2482 2518 2484
4 2518 2515 2514 2486
4 2518 2514 2484 2486
4 2518 2484 2482 2486
4 2518 2482 2515 2486
4 2513 2514 2516 2518
4 2423 2510 2514 2484
4 2492 2516 2510 2491
4 2435 2484 2518 2491
4 2518 2514 2516 2510
4 2518 2516 2491 2510
4 2518 2491 2484 2510
4 2518 2484 2514 2510
4 2455 2459 2511 2507
4 2505 2459 2507 2511
4 2284 2452 2512 2399
4 2513 2512 2515 2519
4 2455 2515 2452 2508
4 2512 2399 2452 2508
4 2512 2519 2399 2508
4 2512 2515 2519 2508
4 2512 2452 2515 2508
4 2513 2519 2515 2520
4 2455 2515 2508 2507
4 2520 2519 2515 2508
4 2520 2515 2507 2508
4 2513 2515 2517 2520
4 2455 2511 2515 2507
4 2520 2515 2517 2511
4 2520 2507 2515 2511
4 2284 2399 2512 2404
4 2513 2512 2519 2521
4 930 2489 2497 2420
4 2492 2522 2489 2510
4 2500 2497 2522 2499
4 2423 2510 2420 2499
4 2497 2420 2489 2510
4 2497 2499 2420 2510
4 2497 2522 2499 2510
4 2497 2489 2522 2510
4 2284 2404 2512 2424
4 2513 2512 2521 2514
4 2423 2424 2514 2501
4 2512 2424 2404 2501
4 2512 2514 2424 2501
4 2512 2521 2514 2501
4 2512 2404 2521 2501
4 2513 2516 2514 2523
4 2492 2510 2516 2522
4 2423 2514 2510 2499
4 2500 2522 2523 2499
4 2523 2516 2514 2510
4 2523 2514 2499 2510
4 2523 2499 2522 2510
4 2523 2522 2516 2510
4 2513 2514 2521 2523
4 2423 2501 2514 2499
4 2500 2499 2523 2504
4 2523 2514 2521 2501
4 2523 2521 2504 2501
4 2523 2504 2499 2501
4 2523 2499 2514 2501
4 930 946 1007 2489
4 949 1009 946 2490
4 2492 2490 2489 2524
4 1007 2489 946 2490
4 1007 2524 2489 2490
4 1007 1009 2524 2490
4 1007 946 1009 2490
4 924 990 922 2496
4 987 922 990 2496
4 930 998 931 2497
4 924 931 1000 2498
4 1002 1000 998 2525
4 2500 2497 2498 2525
4 2497 998 931 1000
4 2497 2525 998 1000
4 2497 2498 2525 1000
4 2497 931 2498 1000
4 924 990 2496 2498
4 2500 2526 2498 2503
4 2526 2498 2503 2496
4 2526 990 2498 2496
4 1002 1004 1000 2525
4 924 1000 990 2498
4 2500 2526 2525 2498
4 2526 990 1004 1000
4 2526 2498 990 1000
4 2526 2525 2498 1000
4 2526 1004 2525 1000
4 930 2489 1007 998
4 2492 2524 2489 2527
4 1002 2527 998 1015
4 1007 998 2489 2527
4 1007 1015 998 2527
4 1007 2524 1015 2527
4 1007 2489 2524 2527
4 930 2497 2489 998
4 2492 2489 2522 2527
4 2500 2522 2497 2525
4 1002 998 2527 2525
4 2497 2489 998 2527
4 2497 998 2525 2527
4 2497 2525 2522 2527
4 2497 2522 2489 2527
4 376 2226 637 2428
4 640 637 2227 2429
4 2229 2227 2226 2528
4 2431 2428 2429 2528
4 2428 2226 637 2227
4 2428 2528 2226 2227
4 2428 2429 2528 2227
4 2428 637 2429 2227
4 2229 2230 2231 2529
4 2431 2437 2436 2530
4 640 2233 2441 2429
4 2431 2531 2429 2437
4 2233 2429 2531 2437
4 2233 2441 2429 2437
4 2431 2531 2437 2530
4 2229 2529 2231 2528
4 2431 2531 2530 2528
4 2231 2531 2528 2530
4 2231 2528 2529 2530
4 2229 2231 2227 2528
4 640 2227 2233 2429
4 2431 2531 2528 2429
4 2531 2233 2231 2227
4 2531 2429 2233 2227
4 2531 2528 2429 2227
4 2531 2231 2528 2227
4 484 1768 2218 2532
4 1771 2219 1768 2533
4 2221 2218 2219 2534
4 2535 2533 2532 2534
4 2532 1768 2218 2219
4 2532 2218 2534 2219
4 2532 2534 2533 2219
4 2532 2533 1768 2219
4 2221 2223 2222 2536
4 2535 2537 2538 2539
4 1771 2540 2225 2533
4 2535 2533 2541 2538
4 2225 2541 2533 2538
4 2225 2533 2540 2538
4 2535 2538 2541 2539
4 2221 2223 2536 2534
4 2535 2539 2541 2534
4 2223 2534 2541 2539
4 2223 2536 2534 2539
4 2221 2219 2223 2534
4 1771 2225 2219 2533
4 2535 2534 2541 2533
4 2541 2223 2225 2219
4 2541 2225 2533 2219
4 2541 2533 2534 2219
4 2541 2534 2223 2219
4 2292 2444 2293 2542
4 2446 2447 2444 2543
4 2544 2542 2545 2543
4 2293 2447 2545 2543
4 2293 2545 2542 2543
4 2293 2542 2444 2543
4 2293 2444 2447 2543
4 535 2448 2301 2546
4 2292 2301 2449 2547
4 2451 2449 2448 2548
4 2549 2546 2547 2548
4 2301 2546 2448 2548
4 2301 2547 2546 2548
4 2301 2449 2547 2548
4 2301 2448 2449 2548
4 2456 2457 2458 2550
4 2446 2460 2457 2551
4 2451 2458 2460 2552
4 2553 2551 2550 2552
4 2550 2457 2458 2460
4 2550 2458 2552 2460
4 2550 2552 2551 2460
4 2550 2551 2457 2460
4 2554 2556 2555 2557
4 2544 2555 2558 2559
4 2549 2558 2556 2560
4 2553 2557 2559 2560
4 2557 2556 2555 2558
4 2557 2560 2556 2558
4 2557 2559 2560 2558
4 2557 2555 2559 2558
4 2292 2444 2542 2561
4 2446 2543 2444 2551
4 2544 2542 2543 2559
4 2553 2551 2561 2559
4 2561 2444 2542 2543
4 2561 2542 2559 2543
4 2561 2559 2551 2543
4 2561 2551 2444 2543
4 2292 2542 2547 2561
4 2544 2558 2542 2559
4 2549 2547 2558 2560
4 2553 2559 2561 2560
4 2542 2547 2561 2560
4 2542 2561 2559 2560
4 2542 2559 2558 2560
4 2542 2558 2547 2560
4 2292 2547 2449 2561
4 2549 2548 2547 2560
4 2451 2449 2548 2552
4 2553 2560 2561 2552
4 2561 2547 2449 2548
4 2561 2449 2552 2548
4 2561 2552 2560 2548
4 2561 2560 2547 2548
4 2292 2449 2444 2561
4 2451 2460 2449 2552
4 2446 2444 2460 2551
4 2553 2552 2561 2551
4 2444 2561 2449 2552
4 2444 2551 2561 2552
4 2444 2460 2551 2552
4 2444 2449 2460 2552
4 535 547 541 2562
4 540 541 548 2563
4 546 548 547 2564
4 2565 2562 2563 2564
4 2562 547 541 548
4 2562 2564 547 548
4 2562 2563 2564 548
4 2562 541 2563 548
4 376 538 523 2226
4 540 543 538 2566
4 522 523 543 2242
4 2229 2566 2226 2242
4 523 2226 538 2566
4 523 2242 2226 2566
4 523 543 2242 2566
4 523 538 543 2566
4 484 520 544 2218
4 546 544 545 2567
4 522 545 520 2240
4 2221 2218 2567 2240
4 520 544 2218 2567
4 520 2218 2240 2567
4 520 2240 545 2567
4 520 545 544 2567
4 2565 2569 2568 2570
4 2229 2230 2569 2246
4 2221 2570 2222 2246
4 2568 2230 2222 2246
4 2568 2222 2570 2246
4 2568 2570 2569 2246
4 2568 2569 2230 2246
4 2565 2564 2563 2571
4 540 2563 548 543
4 546 548 2564 545
4 522 2571 543 545
4 2571 2564 2563 548
4 2571 545 2564 548
4 2571 543 545 548
4 2571 2563 543 548
4 2565 2570 2564 2571
4 546 2564 2567 545
4 2221 2567 2570 2240
4 522 2571 545 2240
4 2564 2571 2570 2240
4 2564 545 2571 2240
4 2564 2567 545 2240
4 2564 2570 2567 2240
4 2565 2569 2570 2571
4 2221 2570 2246 2240
4 2229 2246 2569 2242
4 522 2571 2240 2242
4 2571 2569 2570 2246
4 2571 2242 2569 2246
4 2571 2240 2242 2246
4 2571 2570 2240 2246
4 2565 2563 2569 2571
4 2229 2569 2566 2242
4 540 2566 2563 543
4 522 2571 2242 543
4 2563 2569 2571 2242
4 2563 2571 543 2242
4 2563 543 2566 2242
4 2563 2566 2569 2242
4 535 2546 547 2562
4 546 547 2572 2564
4 2549 2572 2546 2573
4 2565 2562 2564 2573
4 2546 547 2562 2564
4 2546 2562 2573 2564
4 2546 2573 2572 2564
4 2546 2572 547 2564
4 484 544 2532 2218
4 546 2574 544 2567
4 2535 2532 2574 2534
4 2221 2567 2218 2534
4 2218 544 2532 2574
4 2218 2532 2534 2574
4 2218 2534 2567 2574
4 2218 2567 544 2574
4 2554 2537 2556 2575
4 2549 2556 2576 2577
4 2535 2576 2537 2539
4 2578 2575 2577 2539
4 2556 2575 2537 2539
4 2556 2577 2575 2539
4 2556 2576 2577 2539
4 2556 2537 2576 2539
4 2565 2570 2568 2579
4 2221 2222 2570 2536
4 2222 2570 2536 2579
4 2222 2568 2570 2579
4 2549 2572 2573 2580
4 546 2564 2572 2567
4 2565 2573 2564 2570
4 2221 2567 2580 2570
4 2580 2572 2573 2564
4 2580 2573 2570 2564
4 2580 2570 2567 2564
4 2580 2567 2572 2564
4 2549 2573 2577 2580
4 2565 2579 2573 2570
4 2578 2577 2579 2536
4 2221 2570 2580 2536
4 2580 2573 2577 2579
4 2580 2577 2536 2579
4 2580 2536 2570 2579
4 2580 2570 2573 2579
4 2549 2577 2576 2580
4 2578 2539 2577 2536
4 2535 2576 2539 2534
4 2221 2536 2580 2534
4 2580 2577 2576 2539
4 2580 2576 2534 2539
4 2580 2534 2536 2539
4 2580 2536 2577 2539
4 2549 2576 2572 2580
4 2535 2574 2576 2534
4 546 2572 2574 2567
4 2221 2534 2580 2567
4 2580 2576 2572 2574
4 2580 2572 2567 2574
4 2580 2567 2534 2574
4 2580 2534 2576 2574
4 535 2448 2546 2562
4 2549 2546 2548 2573
4 2451 2548 2448 2581
4 2565 2562 2573 2581
4 2562 2448 2546 2548
4 2562 2581 2448 2548
4 2562 2573 2581 2548
4 2562 2546 2573 2548
4 2554 2556 2557 2575
4 2549 2560 2556 2577
4 2553 2557 2560 2582
4 2578 2577 2575 2582
4 2557 2575 2556 2577
4 2557 2582 2575 2577
4 2557 2560 2582 2577
4 2557 2556 2560 2577
4 2456 2550 2458 2583
4 2451 2458 2552 2584
4 2553 2552 2550 2585
4 2586 2583 2584 2585
4 2550 2458 2583 2584
4 2550 2583 2585 2584
4 2550 2585 2552 2584
4 2550 2552 2458 2584
4 2565 2579 2568 2587
4 2586 2587 2588 2589
4 2568 2588 2587 2589
4 2568 2587 2579 2589
4 2565 2581 2573 2590
4 2549 2573 2548 2560
4 2451 2548 2581 2552
4 2553 2590 2560 2552
4 2590 2581 2573 2548
4 2590 2552 2581 2548
4 2590 2560 2552 2548
4 2590 2573 2560 2548
4 2565 2587 2581 2590
4 2451 2581 2584 2552
4 2586 2584 2587 2585
4 2553 2590 2552 2585
4 2587 2581 2590 2552
4 2587 2590 2585 2552
4 2587 2585 2584 2552
4 2587 2584 2581 2552
4 2565 2579 2587 2590
4 2586 2587 2589 2585
4 2578 2589 2579 2582
4 2553 2590 2585 2582
4 2590 2579 2587 2589
4 2590 2582 2579 2589
4 2590 2585 2582 2589
4 2590 2587 2585 2589
4 2565 2573 2579 2590
4 2578 2579 2577 2582
4 2549 2577 2573 2560
4 2553 2590 2582 2560
4 2579 2590 2573 2560
4 2579 2582 2590 2560
4 2579 2577 2582 2560
4 2579 2573 2577 2560
4 535 541 2448 2562
4 2451 2448 2476 2581
4 540 2476 541 2563
4 2565 2562 2581 2563
4 2448 2562 541 2563
4 2448 2581 2562 2563
4 2448 2476 2581 2563
4 2448 541 2476 2563
4 2456 2458 2436 2583
4 2451 2477 2458 2584
4 2431 2436 2477 2530
4 2586 2584 2583 2530
4 2458 2436 2583 2530
4 2458 2583 2584 2530
4 2458 2584 2477 2530
4 2458 2477 2436 2530
4 376 2428 538 2226
4 540 538 2474 2566
4 2431 2474 2428 2528
4 2229 2226 2566 2528
4 2226 2428 538 2474
4 2226 2528 2428 2474
4 2226 2566 2528 2474
4 2226 538 2566 2474
4 2565 2587 2568 2569
4 2586 2588 2587 2529
4 2229 2569 2230 2529
4 2230 2568 2588 2587
4 2230 2588 2529 2587
4 2230 2529 2569 2587
4 2230 2569 2568 2587
4 2451 2581 2476 2591
4 540 2476 2563 2566
4 2565 2563 2581 2569
4 2229 2591 2566 2569
4 2591 2581 2476 2563
4 2591 2569 2581 2563
4 2591 2566 2569 2563
4 2591 2476 2566 2563
4 2451 2584 2581 2591
4 2565 2581 2587 2569
4 2586 2587 2584 2529
4 2229 2591 2569 2529
4 2591 2584 2581 2587
4 2591 2529 2584 2587
4 2591 2569 2529 2587
4 2591 2581 2569 2587
4 2451 2477 2584 2591
4 2586 2584 2530 2529
4 2431 2530 2477 2528
4 2229 2591 2529 2528
4 2591 2477 2584 2530
4 2591 2528 2477 2530
4 2591 2529 2528 2530
4 2591 2584 2529 2530
4 2451 2476 2477 2591
4 2431 2477 2474 2528
4 540 2474 2476 2566
4 2229 2591 2528 2566
4 2591 2476 2477 2474
4 2591 2566 2476 2474
4 2591 2528 2566 2474
4 2591 2477 2528 2474
4 484 1996 1768 2532
4 1771 1768 1997 2533
4 1998 1997 1996 2592
4 2535 2532 2533 2592
4 1768 2532 1996 2592
4 1768 2533 2532 2592
4 1768 1997 2533 2592
4 1768 1996 1997 2592
4 1984 2000 2001 2593
4 2003 2004 2000 2594
4 1998 2001 2004 2595
4 2596 2594 2593 2595
4 2593 2000 2001 2004
4 2593 2001 2595 2004
4 2593 2595 2594 2004
4 2593 2594 2000 2004
4 2535 2538 2537 2597
4 2596 2598 2599 2597
4 2598 2597 2537 2538
4 2598 2599 2597 2538
4 1771 2011 2540 2600
4 2596 2594 2600 2599
4 1771 2540 2533 2600
4 2535 2533 2538 2597
4 2596 2599 2600 2597
4 2600 2540 2533 2538
4 2600 2533 2597 2538
4 2600 2597 2599 2538
4 2600 2599 2540 2538
4 1771 2533 1997 2600
4 2535 2592 2533 2597
4 1998 1997 2592 2595
4 2596 2597 2600 2595
4 2600 2533 1997 2592
4 2600 1997 2595 2592
4 2600 2595 2597 2592
4 2600 2597 2533 2592
4 1771 1997 2011 2600
4 1998 2004 1997 2595
4 2003 2011 2004 2594
4 2596 2595 2600 2594
4 2600 1997 2011 2004
4 2600 2011 2594 2004
4 2600 2594 2595 2004
4 2600 2595 1997 2004
4 1803 1976 1708 2252
4 1707 1708 1977 2253
4 1978 1977 1976 2601
4 2255 2252 2253 2601
4 2252 1976 1708 1977
4 2252 2601 1976 1977
4 2252 2253 2601 1977
4 2252 1708 2253 1977
4 473 1714 1980 2256
4 1707 1981 1714 2257
4 1982 1980 1981 2602
4 2259 2257 2256 2602
4 1980 2256 1714 2257
4 1980 2602 2256 2257
4 1980 1981 2602 2257
4 1980 1714 1981 2257
4 1984 1986 1985 2603
4 1978 1985 1988 2604
4 1982 1988 1986 2605
4 2606 2603 2604 2605
4 1986 1985 2603 2604
4 1986 2603 2605 2604
4 1986 2605 1988 2604
4 1986 1988 1985 2604
4 2264 2265 2266 2607
4 2255 2268 2265 2608
4 2259 2266 2268 2609
4 2606 2608 2607 2609
4 2265 2266 2607 2609
4 2265 2607 2608 2609
4 2265 2608 2268 2609
4 2265 2268 2266 2609
4 2255 2601 2253 2610
4 1707 2253 1977 1981
4 1978 1977 2601 1988
4 1982 2610 1981 1988
4 2610 2601 2253 1977
4 2610 1988 2601 1977
4 2610 1981 1988 1977
4 2610 2253 1981 1977
4 2255 2608 2601 2610
4 1978 2601 2604 1988
4 2606 2604 2608 2605
4 1982 2610 1988 2605
4 2610 2608 2601 2604
4 2610 2605 2608 2604
4 2610 1988 2605 2604
4 2610 2601 1988 2604
4 2255 2268 2608 2610
4 2606 2608 2609 2605
4 2259 2609 2268 2602
4 1982 2610 2605 2602
4 2610 2268 2608 2609
4 2610 2602 2268 2609
4 2610 2605 2602 2609
4 2610 2608 2605 2609
4 2255 2253 2268 2610
4 2259 2268 2257 2602
4 1707 2257 2253 1981
4 1982 2610 2602 1981
4 2610 2253 2268 2257
4 2610 1981 2253 2257
4 2610 2602 1981 2257
4 2610 2268 2602 2257
4 2292 2542 2293 2294
4 2544 2545 2542 2611
4 2296 2294 2297 2611
4 2297 2293 2545 2542
4 2297 2545 2611 2542
4 2297 2611 2294 2542
4 2297 2294 2293 2542
4 535 2546 2301 2302
4 2292 2301 2547 2304
4 2549 2547 2546 2612
4 2306 2302 2304 2612
4 2546 2301 2302 2304
4 2546 2302 2612 2304
4 2546 2612 2547 2304
4 2546 2547 2301 2304
4 2554 2555 2556 2613
4 2544 2558 2555 2614
4 2549 2556 2558 2615
4 2616 2614 2613 2615
4 2556 2613 2555 2614
4 2556 2615 2613 2614
4 2556 2558 2615 2614
4 2556 2555 2558 2614
4 2264 2310 2309 2617
4 2296 2309 2312 2618
4 2306 2312 2310 2619
4 2616 2617 2618 2619
4 2309 2617 2310 2619
4 2309 2618 2617 2619
4 2309 2312 2618 2619
4 2309 2310 2312 2619
4 2296 2294 2611 2620
4 2292 2542 2294 2547
4 2544 2611 2542 2558
4 2549 2547 2620 2558
4 2620 2294 2611 2542
4 2620 2611 2558 2542
4 2620 2558 2547 2542
4 2620 2547 2294 2542
4 2296 2611 2618 2620
4 2544 2614 2611 2558
4 2616 2618 2614 2615
4 2549 2558 2620 2615
4 2620 2611 2618 2614
4 2620 2618 2615 2614
4 2620 2615 2558 2614
4 2620 2558 2611 2614
4 2296 2618 2312 2620
4 2616 2619 2618 2615
4 2306 2312 2619 2612
4 2549 2615 2620 2612
4 2620 2618 2312 2619
4 2620 2312 2612 2619
4 2620 2612 2615 2619
4 2620 2615 2618 2619
4 2296 2312 2294 2620
4 2306 2304 2312 2612
4 2292 2294 2304 2547
4 2549 2612 2620 2547
4 2620 2312 2294 2304
4 2620 2294 2547 2304
4 2620 2547 2612 2304
4 2620 2612 2312 2304
4 484 544 505 2621
4 504 505 549 2622
4 546 549 544 2623
4 2624 2621 2622 2623
4 2621 544 505 549
4 2621 2623 544 549
4 2621 2622 2623 549
4 2621 505 2622 549
4 473 503 527 2256
4 504 550 503 2625
4 529 527 550 2349
4 2259 2625 2256 2349
4 527 2256 503 2625
4 527 2349 2256 2625
4 527 550 2349 2625
4 527 503 550 2625
4 535 533 547 2302
4 546 547 551 2626
4 529 551 533 2347
4 2306 2302 2626 2347
4 533 547 2302 2626
4 533 2302 2347 2626
4 533 2347 551 2626
4 533 551 547 2626
4 2264 2627 2266 2310
4 2624 2628 2627 2629
4 2259 2266 2628 2348
4 2306 2629 2310 2348
4 2627 2266 2310 2348
4 2627 2310 2629 2348
4 2627 2629 2628 2348
4 2627 2628 2266 2348
4 2624 2623 2622 2630
4 504 2622 549 550
4 546 549 2623 551
4 529 2630 550 551
4 2630 2623 2622 549
4 2630 551 2623 549
4 2630 550 551 549
4 2630 2622 550 549
4 2624 2629 2623 2630
4 546 2623 2626 551
4 2306 2626 2629 2347
4 529 2630 551 2347
4 2630 2629 2623 2626
4 2630 2347 2629 2626
4 2630 551 2347 2626
4 2630 2623 551 2626
4 2624 2628 2629 2630
4 2306 2629 2348 2347
4 2259 2348 2628 2349
4 529 2630 2347 2349
4 2630 2628 2629 2348
4 2630 2349 2628 2348
4 2630 2347 2349 2348
4 2630 2629 2347 2348
4 2624 2622 2628 2630
4 2259 2628 2625 2349
4 504 2625 2622 550
4 529 2630 2349 550
4 2630 2622 2628 2625
4 2630 550 2622 2625
4 2630 2349 550 2625
4 2630 2628 2349 2625
4 484 2532 544 2621
4 546 544 2574 2623
4 2535 2574 2532 2631
4 2624 2621 2623 2631
4 2621 2532 544 2574
4 2621 2631 2532 2574
4 2621 2623 2631 2574
4 2621 544 2623 2574
4 535 547 2546 2302
4 546 2572 547 2626
4 2549 2546 2572 2612
4 2306 2626 2302 2612
4 2546 2302 547 2626
4 2546 2612 2302 2626
4 2546 2572 2612 2626
4 2546 547 2572 2626
4 2554 2556 2537 2613
4 2535 2537 2576 2632
4 2549 2576 2556 2615
4 2616 2613 2632 2615
4 2556 2537 2613 2632
4 2556 2613 2615 2632
4 2556 2615 2576 2632
4 2556 2576 2537 2632
4 2264 2627 2310 2617
4 2624 2629 2627 2633
4 2306 2310 2629 2619
4 2616 2633 2617 2619
4 2627 2310 2617 2619
4 2627 2617 2633 2619
4 2627 2633 2629 2619
4 2627 2629 2310 2619
4 2624 2631 2623 2634
4 546 2623 2574 2572
4 2535 2574 2631 2576
4 2549 2634 2572 2576
4 2634 2631 2623 2574
4 2634 2576 2631 2574
4 2634 2572 2576 2574
4 2634 2623 2572 2574
4 2624 2633 2631 2634
4 2535 2631 2632 2576
4 2616 2632 2633 2615
4 2549 2634 2576 2615
4 2634 2633 2631 2632
4 2634 2615 2633 2632
4 2634 2576 2615 2632
4 2634 2631 2576 2632
4 2624 2629 2633 2634
4 2616 2633 2619 2615
4 2306 2619 2629 2612
4 2549 2634 2615 2612
4 2634 2629 2633 2619
4 2634 2612 2629 2619
4 2634 2615 2612 2619
4 2634 2633 2615 2619
4 2624 2623 2629 2634
4 2306 2629 2626 2612
4 546 2626 2623 2572
4 2549 2634 2612 2572
4 2634 2623 2629 2626
4 2634 2572 2623 2626
4 2634 2612 2572 2626
4 2634 2629 2612 2626
4 484 1996 2532 2621
4 2535 2532 2592 2631
4 1998 2592 1996 2635
4 2624 2621 2631 2635
4 2621 1996 2532 2592
4 2621 2635 1996 2592
4 2621 2631 2635 2592
4 2621 2532 2631 2592
4 2554 2537 2598 2613
4 2535 2597 2537 2632
4 2596 2598 2597 2636
4 2616 2632 2613 2636
4 2598 2613 2537 2632
4 2598 2636 2613 2632
4 2598 2597 2636 2632
4 2598 2537 2597 2632
4 1984 2593 2001 2603
4 1998 2001 2595 2637
4 2596 2595 2593 2638
4 2606 2603 2637 2638
4 2593 2001 2603 2637
4 2593 2603 2638 2637
4 2593 2638 2595 2637
4 2593 2595 2001 2637
4 2264 2627 2617 2607
4 2624 2633 2627 2639
4 2616 2617 2633 2640
4 2606 2639 2607 2640
4 2627 2617 2607 2640
4 2627 2607 2639 2640
4 2627 2639 2633 2640
4 2627 2633 2617 2640
4 2624 2635 2631 2641
4 2535 2631 2592 2597
4 1998 2592 2635 2595
4 2596 2641 2597 2595
4 2641 2635 2631 2592
4 2641 2595 2635 2592
4 2641 2597 2595 2592
4 2641 2631 2597 2592
4 2624 2639 2635 2641
4 1998 2635 2637 2595
4 2606 2637 2639 2638
4 2596 2641 2595 2638
4 2641 2639 2635 2637
4 2641 2638 2639 2637
4 2641 2595 2638 2637
4 2641 2635 2595 2637
4 2624 2633 2639 2641
4 2606 2639 2640 2638
4 2616 2640 2633 2636
4 2596 2641 2638 2636
4 2641 2633 2639 2640
4 2641 2636 2633 2640
4 2641 2638 2636 2640
4 2641 2639 2638 2640
4 2624 2631 2633 2641
4 2616 2633 2632 2636
4 2535 2632 2631 2597
4 2596 2641 2636 2597
4 2641 2631 2633 2632
4 2641 2597 2631 2632
4 2641 2636 2597 2632
4 2641 2633 2636 2632
4 484 505 1996 2621
4 1998 1996 2042 2635
4 504 2042 505 2622
4 2624 2621 2635 2622
4 2621 505 1996 2042
4 2621 2622 505 2042
4 2621 2635 2622 2042
4 2621 1996 2635 2042
4 1984 2001 1986 2603
4 1998 2043 2001 2637
4 1982 1986 2043 2605
4 2606 2637 2603 2605
4 1986 2603 2001 2637
4 1986 2605 2603 2637
4 1986 2043 2605 2637
4 1986 2001 2043 2637
4 473 1980 503 2256
4 504 503 2044 2625
4 1982 2044 1980 2602
4 2259 2256 2625 2602
4 1980 503 2256 2625
4 1980 2256 2602 2625
4 1980 2602 2044 2625
4 1980 2044 503 2625
4 2264 2627 2607 2266
4 2624 2639 2627 2628
4 2606 2607 2639 2609
4 2259 2628 2266 2609
4 2627 2607 2266 2609
4 2627 2266 2628 2609
4 2627 2628 2639 2609
4 2627 2639 2607 2609
4 2624 2622 2635 2642
4 1998 2635 2042 2043
4 504 2042 2622 2044
4 1982 2642 2043 2044
4 2642 2622 2635 2042
4 2642 2044 2622 2042
4 2642 2043 2044 2042
4 2642 2635 2043 2042
4 2624 2628 2622 2642
4 504 2622 2625 2044
4 2259 2625 2628 2602
4 1982 2642 2044 2602
4 2642 2628 2622 2625
4 2642 2602 2628 2625
4 2642 2044 2602 2625
4 2642 2622 2044 2625
4 2624 2639 2628 2642
4 2259 2628 2609 2602
4 2606 2609 2639 2605
4 1982 2642 2602 2605
4 2642 2639 2628 2609
4 2642 2605 2639 2609
4 2642 2602 2605 2609
4 2642 2628 2602 2609
4 2624 2635 2639 2642
4 2606 2639 2637 2605
4 1998 2637 2635 2043
4 1982 2642 2605 2043
4 2642 2635 2639 2637
4 2642 2043 2635 2637
4 2642 2605 2043 2637
4 2642 2639 2605 2637
4 1984 2000 2593 2643
4 2003 2594 2000 2644
4 2596 2593 2594 2645
4 2646 2644 2643 2645
4 2593 2643 2000 2644
4 2593 2645 2643 2644
4 2593 2594 2645 2644
4 2593 2000 2594 2644
4 2596 2599 2598 2647
4 2596 2648 2594 2599
4 2596 2648 2599 2647
4 2596 2648 2647 2645
4 2596 2648 2645 2594
4 2648 2645 2594 2644
4 1978 2601 1976 2649
4 2255 2252 2601 2413
4 2252 2601 2413 2649
4 2252 1976 2601 2649
4 1984 2603 1985 2650
4 1978 1985 2604 2651
4 2606 2604 2603 2652
4 2653 2650 2651 2652
4 2650 2603 1985 2604
4 2650 2652 2603 2604
4 2650 2651 2652 2604
4 2650 1985 2651 2604
4 2264 2265 2607 2414
4 2255 2608 2265 2415
4 2606 2607 2608 2654
4 2265 2607 2414 2654
4 2265 2414 2415 2654
4 2265 2415 2608 2654
4 2265 2608 2607 2654
4 2255 2413 2601 2655
4 1978 2601 2649 2651
4 2653 2655 2651 2656
4 2655 2413 2601 2649
4 2655 2656 2413 2649
4 2655 2651 2656 2649
4 2655 2601 2651 2649
4 2255 2415 2413 2655
4 2653 2655 2656 2657
4 2255 2608 2415 2655
4 2606 2654 2608 2652
4 2653 2655 2657 2652
4 2655 2608 2415 2654
4 2655 2652 2608 2654
4 2655 2657 2652 2654
4 2655 2415 2657 2654
4 2255 2601 2608 2655
4 2606 2608 2604 2652
4 1978 2604 2601 2651
4 2653 2655 2652 2651
4 2655 2601 2608 2604
4 2655 2651 2601 2604
4 2655 2652 2651 2604
4 2655 2608 2652 2604
4 2296 2611 2297 2408
4 2616 2613 2614 2658
4 2264 2617 2309 2409
4 2296 2309 2618 2410
4 2616 2618 2617 2659
4 2309 2409 2617 2659
4 2309 2410 2409 2659
4 2309 2618 2410 2659
4 2309 2617 2618 2659
4 2296 2611 2408 2660
4 2296 2408 2410 2660
4 2296 2410 2618 2660
4 2616 2618 2659 2658
4 2660 2410 2618 2659
4 2660 2618 2658 2659
4 2296 2618 2611 2660
4 2616 2614 2618 2658
4 2660 2618 2611 2614
4 2660 2658 2618 2614
4 1984 2643 2593 2603
4 2646 2645 2643 2661
4 2596 2593 2645 2638
4 2606 2661 2603 2638
4 2593 2603 2643 2661
4 2593 2638 2603 2661
4 2593 2645 2638 2661
4 2593 2643 2645 2661
4 2596 2647 2598 2636
4 2616 2613 2662 2636
4 2598 2613 2636 2662
4 2598 2636 2647 2662
4 2264 2663 2607 2617
4 2664 2665 2663 2666
4 2606 2607 2665 2640
4 2616 2666 2617 2640
4 2663 2607 2617 2640
4 2663 2617 2666 2640
4 2663 2666 2665 2640
4 2663 2665 2607 2640
4 2664 2668 2667 2669
4 2596 2669 2645 2647
4 2664 2666 2668 2669
4 2616 2662 2666 2636
4 2596 2669 2647 2636
4 2669 2666 2668 2662
4 2669 2636 2666 2662
4 2669 2647 2636 2662
4 2669 2668 2647 2662
4 2664 2665 2666 2669
4 2616 2666 2640 2636
4 2606 2640 2665 2638
4 2596 2669 2636 2638
4 2669 2665 2666 2640
4 2669 2638 2665 2640
4 2669 2636 2638 2640
4 2669 2666 2636 2640
4 2664 2667 2665 2669
4 2606 2665 2661 2638
4 2646 2661 2667 2645
4 2596 2669 2638 2645
4 2669 2667 2665 2661
4 2669 2645 2667 2661
4 2669 2638 2645 2661
4 2669 2665 2638 2661
4 2616 2662 2613 2658
4 2264 2663 2617 2409
4 2664 2666 2663 2670
4 2616 2617 2666 2659
4 2663 2617 2409 2659
4 2663 2409 2670 2659
4 2663 2670 2666 2659
4 2663 2666 2617 2659
4 2616 2659 2666 2658
4 2616 2666 2662 2658
4 2264 2663 2409 2414
4 2664 2670 2663 2671
4 1984 2650 2643 2603
4 2646 2643 2672 2661
4 2653 2672 2650 2652
4 2606 2603 2661 2652
4 2650 2643 2603 2661
4 2650 2603 2652 2661
4 2650 2652 2672 2661
4 2650 2672 2643 2661
4 2264 2663 2414 2607
4 2664 2671 2663 2665
4 2606 2665 2607 2654
4 2663 2414 2607 2654
4 2663 2607 2665 2654
4 2663 2665 2671 2654
4 2663 2671 2414 2654
4 2664 2665 2667 2673
4 2646 2667 2661 2672
4 2606 2661 2665 2652
4 2653 2673 2672 2652
4 2673 2665 2667 2661
4 2673 2652 2665 2661
4 2673 2672 2652 2661
4 2673 2667 2672 2661
4 2664 2671 2665 2673
4 2606 2665 2654 2652
4 2653 2673 2652 2657
4 2673 2671 2665 2654
4 2673 2657 2671 2654
4 2673 2652 2657 2654
4 2673 2665 2652 2654
4 1984 2071 2000 2643
4 2003 2000 2073 2644
4 2646 2643 2644 2674
4 2071 2000 2643 2644
4 2071 2643 2674 2644
4 2071 2674 2073 2644
4 2071 2073 2000 2644
4 1978 1976 2054 2649
4 2051 2054 1976 2649
4 1984 1985 2062 2650
4 1978 2064 1985 2651
4 2066 2062 2064 2675
4 2653 2651 2650 2675
4 2650 1985 2062 2064
4 2650 2062 2675 2064
4 2650 2675 2651 2064
4 2650 2651 1985 2064
4 1978 2649 2054 2651
4 2653 2651 2676 2656
4 2676 2656 2651 2649
4 2676 2651 2054 2649
4 2066 2064 2068 2675
4 1978 2054 2064 2651
4 2653 2675 2676 2651
4 2676 2068 2054 2064
4 2676 2054 2651 2064
4 2676 2651 2675 2064
4 2676 2675 2068 2064
4 1984 2071 2643 2062
4 2646 2643 2674 2677
4 2066 2062 2677 2080
4 2071 2643 2062 2677
4 2071 2062 2080 2677
4 2071 2080 2674 2677
4 2071 2674 2643 2677
4 1984 2643 2650 2062
4 2646 2672 2643 2677
4 2653 2650 2672 2675
4 2066 2677 2062 2675
4 2650 2062 2643 2677
4 2650 2675 2062 2677
4 2650 2672 2675 2677
4 2650 2643 2672 2677
CELL_TYPES 15155
10
10
10
10
10
10
10
10
10
10
10
10
10
10
10
10
10
10
10
10
10
10
10
10
10
10
10
10
10
10
10
10
10
10
10
10
10
10
10
10
10
10
10
10
10
10
10
10
10
10
10
10
10
10
10
10
10
10
10
10
10
10
10
10
10
10
10
10
10
10
10
10
10
10
10
10
10
10
10
10
10
10
10
10
10
10
10
10
10
10
10
10
10
10
10
10
10
10
10
10
10
10
10
10
10
10
10
10
10
10
10
10
10
10
10
10
10
10
10
10
10
10
10
10
10
10
10
10
10
10
10
10
10
10
10
10
10
10
10
10
10
10
10
10
10
10
10
10
10
10
10
10
10
10
10
10
10
10
10
10
10
10
10
10
10
10
10
10
10
10
10
10
10
10
10
10
10
10
10
10
10
10
10
10
10
10
10
10
10
10
10
10
10
10
10
10
10
10
10
10
10
10
10
10
10
10
10
10
10
10
10
10
10
10
10
10
10
10
10
10
10
10
10
10
10
10
10
10
10
10
10
10
10
10
10
10
10
10
10
10
10
10
10
10
10
10
10
10
10
10
10
10
10
10
10
10
10
10
10
10
10
10
10
10
10
10
10
10
10
10
10
10
10
10
10
10
10
10
10
10
10
10
10
10
10
10
10
10
10
10
10
10
10
10
10
10
10
10
10
10
10
10
10
10
10
10
10
10
10
10
10
10
10
10
10
10
10
10
10
10
10
10
10
10
10
10
10
10
10
10
10
10
10
10
10
10
10
10
10
10
10
10
10
10
10
10
10
10
10
10
10
10
10
10
10
10
10
10
10
10
10
10
10
10
10
10
10
10
10
10
10
10
10
10
10
10
10
10
10
10
10
10
10
10
10
10
10
10
10
10
10
10
10
10
10
10
10
10
10
10
10
10
10
10
10
10
10
10
10
10
10
10
10
10
10
10
10
10
10
10
10
10
10
10
10
10
10
10
10
10
10
10
10
10
10
10
10
10
10
10
10
10
10
10
10
10
10
10
10
10
10
10
10
10
10
10
10
10
10
10
10
10
10
10
10
10
10
10
10
10
10
10
10
10
10
10
10
10
10
10
10
10
10
10
10
10
10
10
10
10
10
10
10
10
10
10
10
10
10
10
10
10
10
10
10
10
10
10
10
10
10
10
10
10
10
10
10
10
10
10
10
10
10
10
10
10
10
10
10
10
10
10
10
10
10
10
10
10
10
10
10
10
10
10
10
10
10
10
10
10
10
10
10
10
10
10
10
10
10
10
10
10
10
10
10
10
10
10
10
10
10
10
10
10
10
10
10
10
10
10
10
10
10
10
10
10
10
10
10
10
10
10
10
10
10
10
10
10
10
10
10
10
10
10
10
10
10
10
10
10
10
10
10
10
10
10
10
10
10
10
10
10
10
10
10
10
10
10
10
10
10
10
10
10
10
10
10
10
10
10
10
10
10
10
10
10
10
10
10
10
10
10
10
10
10
10
10
10
10
10
10
10
10
10
10
10
10
10
10
10
10
10
10
10
10
10
10
10
10
10
10
10
10
10
10
10
10
10
10
10
10
10
10
10
10
10
10
10
10
10
10
10
10
10
10
10
10
10
10
10
10
10
10
10
10
10
10
10
10
10
10
10
10
10
10
10
10
10
10
10
10
10
10
10
10
10
10
10
10
10
10
10
10
10
10
10
10
10
10
10
10
10
10
10
10
10
10
10
10
10
10
10
10
10
10
10
10
10
10
10
10
10
10
10
10
10
10
10
10
10
10
10
10
10
10
10
10
10
10
10
10
10
10
10
10
10
10
10
10
10
10
10
10
10
10
10
10
10
10
10
10
10
10
10
10
10
10
10
10
10
10
10
10
10
10
10
10
10
10
10
10
10
10
10
10
10
10
10
10
10
10
10
10
10
10
10
10
10
10
10
10
10
10
10
10
10
10
10
10
10
10
10
10
10
10
10
10
10
10
10
10
10
10
10
10
10
10
10
10
10
10
10
10
10
10
10
10
10
10
10
10
10
10
10
10
10
10
10
10
10
10
10
10
10
10
10
10
10
10
10
10
10
10
10
10
10
10
10
10
10
10
10
10
10
10
10
10
10
10
10
10
10
10
10
10
10
10
10
10
10
10
10
10
10
10
10
10
10
10
10
10
10
10
10
10
10
10
10
10
10
10
10
10
10
10
10
10
10
10
10
10
10
10
10
10
10
10
10
10
10
10
10
10
10
10
10
10
10
10
10
10
10
10
10
10
10
10
10
10
10
10
10
10
10
10
10
10
10
10
10
10
10
10
10
10
10
10
10
10
10
10
10
10
10
10
10
10
10
10
10
10
10
10
10
10
10
10
10
10
10
10
10
10
10
10
10
10
10
10
10
10
10
10
10
10
10
10
10
10
10
10
10
10
10
10
10
10
10
10
10
10
10
10
10
10
10
10
10
10
10
10
10
10
10
10
10
10
10
10
10
10
10
10
10
10
10
10
10
10
10
10
10
10
10
10
10
10
10
10
10
10
10
10
10
10
10
10
10
10
10
10
10
10
10
10
10
10
10
10
10
10
10
10
10
10
10
10
10
10
10
10
10
10
10
10
10
10
10
10
10
10
10
10
10
10
10
10
10
10
10
10
10
10
10
10
10
10
10
10
10
10
10
10
10
10
10
10
10
10
10
10
10
10
10
10
10
10
10
10
10
10
10
10
10
10
10
10
10
10
10
10
10
10
10
10
10
10
10
10
10
10
10
10
10
10
10
10
10
10
10
10
10
10
10
10
10
10
10
10
10
10
10
10
10
10
10
10
10
10
10
10
10
10
10
10
10
10
10
10
10
10
10
10
10
10
10
10
10
10
10
10
10
10
10
10
10
10
10
10
10
10
10
10
10
10
10
10
10
10
10
10
10
10
10
10
10
10
10
10
10
10
10
10
10
10
10
10
10
10
10
10
10
10
10
10
10
10
10
10
10
10
10
10
10
10
10
10
10
10
10
10
10
10
10
10
10
10
10
10
10
10
10
10
10
10
10
10
10
10
10
10
10
10
10
10
10
10
10
10
10
10
10
10
10
10
10
10
10
10
10
10
10
10
10
10
10
10
10
10
10
10
10
10
10
10
10
10
10
10
10
10
10
10
10
10
10
10
10
10
10
10
10
10
10
10
10
10
10
10
10
10
10
10
10
10
10
10
10
10
10
10
10
10
10
10
10
10
10
10
10
10
10
10
10
10
10
10
10
10
10
10
10
10
10
10
10
10
10
10
10
10
10
10
10
10
10
10
10
10
10
10
10
10
10
10
10
10
10
10
10
10
10
10
10
10
10
10
10
10
10
10
10
10
10
10
10
10
10
10
10
10
10
10
10
10
10
10
10
10
10
10
10
10
10
10
10
10
10
10
10
10
10
10
10
10
10
10
10
10
10
10
10
10
10
10
10
10
10
10
10
10
10
10
10
10
10
10
10
10
10
10
10
10
10
10
10
10
10
10
10
10
10
10
10
10
10
10
10
10
10
10
10
10
10
10
10
10
10
10
10
10
10
10
10
10
10
10
10
10
10
10
10
10
10
10
10
10
10
10
10
10
10
10
10
10
10
10
10
10
10
10
10
10
10
10
10
10
10
10
10
10
10
10
10
10
10
10
10
10
10
10
10
10
10
10
10
10
10
10
10
10
10
10
10
10
10
10
10
10
10
10
10
10
10
10
10
10
10
10
10
10
10
10
10
10
10
10
10
10
10
10
10
10
10
10
10
10
10
10
10
10
10
10
10
10
10
10
10
10
10
10
10
10
10
10
10
10
10
10
10
10
10
10
10
10
10
10
10
10
10
10
10
10
10
10
10
10
10
10
10
10
10
10
10
10
10
10
10
10
10
10
10
10
10
10
10
10
10
10
10
10
10
10
10
10
10
10
10
10
10
10
10
10
10
10
10
10
10
10
10
10
10
10
10
10
10
10
10
10
10
10
10
10
10
10
10
10
10
10
10
10
10
10
10
10
10
10
10
10
10
10
10
10
10
10
10
10
10
10
10
10
10
10
10
10
10
10
10
10
10
10
10
10
10
10
10
10
10
10
10
10
10
10
10
10
10
10
10
10
10
10
10
10
10
10
10
10
10
10
10
10
10
10
10
10
10
10
10
10
10
10
10
10
10
10
10
10
10
10
10
10
10
10
10
10
10
10
10
10
10
10
10
10
10
10
10
10
10
10
10
10
10
10
10
10
10
10
10
10
10
10
10
10
10
10
10
10
10
10
10
10
10
10
10
10
10
10
10
10
10
10
10
10
10
10
10
10
10
10
10
10
10
10
10
10
10
10
10
10
10
10
10
10
10
10
10
10
10
10
10
10
10
10
10
10
10
10
10
10
10
10
10
10
10
10
10
10
10
10
10
10
10
10
10
10
10
10
10
10
10
10
10
10
10
10
10
10
10
10
10
10
10
10
10
10
10
10
10
10
10
10
10
10
10
10
10
10
10
10
10
10
10
10
10
10
10
10
10
10
10
10
10
10
10
10
10
10
10
10
10
10
10
10
10
10
10
10
10
10
10
10
10
10
10
10
10
10
10
10
10
10
10
10
10
10
10
10
10
10
10
10
10
10
10
10
10
10
10
10
10
10
10
10
10
10
10
10
10
10
10
10
10
10
10
10
10
10
10
10
10
10
10
10
10
10
10
10
10
10
10
10
10
10
10
10
10
10
10
10
10
10
10
10
10
10
10
10
10
10
10
10
10
10
10
10
10
10
10
10
10
10
10
10
10
10
10
10
10
10
10
10
10
10
10
10
10
10
10
10
10
10
10
10
10
10
10
10
10
10
10
10
10
10
10
10
10
10
10
10
10
10
10
10
10
10
10
10
10
10
10
10
10
10
10
10
10
10
10
10
10
10
10
10
10
10
10
10
10
10
10
10
10
10
10
10
10
10
10
10
10
10
10
10
10
10
10
10
10
10
10
10
10
10
10
10
10
10
10
10
10
10
10
10
10
10
10
10
10
10
10
10
10
10
10
10
10
10
10
10
10
10
10
10
10
10
10
10
10
10
10
10
10
10
10
10
10
10
10
10
10
10
10
10
10
10
10
10
10
10
10
10
10
10
10
10
10
10
10
10
10
10
10
10
10
10
10
10
10
10
10
10
10
10
10
10
10
10
10
10
10
10
10
10
10
10
10
10
10
10
10
10
10
10
10
10
10
10
10
10
10
10
10
10
10
10
10
10
10
10
10
10
10
10
10
10
10
10
10
10
10
10
10
10
10
10
10
10
10
10
10
10
10
10
10
10
10
10
10
10
10
10
10
10
10
10
10
10
10
10
10
10
10
10
10
10
10
10
10
10
10
10
10
10
10
10
10
10
10
10
10
10
10
10
10
10
10
10
10
10
10
10
10
10
10
10
10
10
10
10
10
10
10
10
10
10
10
10
10
10
10
10
10
10
10
10
10
10
10
10
10
10
10
10
10
10
10
10
10
10
10
10
10
10
10
10
10
10
10
10
10
10
10
10
10
10
10
10
10
10
10
10
10
10
10
10
10
10
10
10
10
10
10
10
10
10
10
10
10
10
10
10
10
10
10
10
10
10
10
10
10
10
10
10
10
10
10
10
10
10
10
10
10
10
10
10
10
10
10
10
10
10
10
10
10
10
10
10
10
10
10
10
10
10
10
10
10
10
10
10
10
10
10
10
10
10
10
10
10
10
10
10
10
10
10
10
10
10
10
10
10
10
10
10
10
10
10
10
10
10
10
10
10
10
10
10
10
10
10
10
10
10
10
10
10
10
10
10
10
10
10
10
10
10
10
10
10
10
10
10
10
10
10
10
10
10
10
10
10
10
10
10
10
10
10
10
10
10
10
10
10
10
10
10
10
10
10
10
10
10
10
10
10
10
10
10
10
10
10
10
10
10
10
10
10
10
10
10
10
10
10
10
10
10
10
10
10
10
10
10
10
10
10
10
10
10
10
10
10
10
10
10
10
10
10
10
10
10
10
10
10
10
10
10
10
10
10
10
10
10
10
10
10
10
10
10
10
10
10
10
10
10
10
10
10
10
10
10
10
10
10
10
10
10
10
10
10
10
10
10
10
10
10
10
10
10
10
10
10
10
10
10
10
10
10
10
10
10
10
10
10
10
10
10
10
10
10
10
10
10
10
10
10
10
10
10
10
10
10
10
10
10
10
10
10
10
10
10
10
10
10
10
10
10
10
10
10
10
10
10
10
10
10
10
10
10
10
10
10
10
10
10
10
10
10
10
10
10
10
10
10
10
10
10
10
10
10
10
10
10
10
10
10
10
10
10
10
10
10
10
10
10
10
10
10
10
10
10
10
10
10
10
10
10
10
10
10
10
10
10
10
10
10
10
10
10
10
10
10
10
10
10
10
10
10
10
10
10
10
10
10
10
10
10
10
10
10
10
10
10
10
10
10
10
10
10
10
10
10
10
10
10
10
10
10
10
10
10
10
10
10
10
10
10
10
10
10
10
10
10
10
10
10
10
10
10
10
10
10
10
10
10
10
10
10
10
10
10
10
10
10
10
10
10
10
10
10
10
10
10
10
10
10
10
10
10
10
10
10
10
10
10
10
10
10
10
10
10
10
10
10
10
10
10
10
10
10
10
10
10
10
10
10
10
10
10
10
10
10
10
10
10
10
10
10
10
10
10
10
10
10
10
10
10
10
10
10
10
10
10
10
10
10
10
10
10
10
10
10
10
10
10
10
10
10
10
10
10
10
10
10
10
10
10
10
10
10
10
10
10
10
10
10
10
10
10
10
10
10
10
10
10
10
10
10
10
10
10
10
10
10
10
10
10
10
10
10
10
10
10
10
10
10
10
10
10
10
10
10
10
10
10
10
10
10
10
10
10
10
10
10
10
10
10
10
10
10
10
10
10
10
10
10
10
10
10
10
10
10
10
10
10
10
10
10
10
10
10
10
10
10
10
10
10
10
10
10
10
10
10
10
10
10
10
10
10
10
10
10
10
10
10
10
10
10
10
10
10
10
10
10
10
10
10
10
10
10
10
10
10
10
10
10
10
10
10
10
10
10
10
10
10
10
10
10
10
10
10
10
10
10
10
10
10
10
10
10
10
10
10
10
10
10
10
10
10
10
10
10
10
10
10
10
10
10
10
10
10
10
10
10
10
10
10
10
10
10
10
10
10
10
10
10
10
10
10
10
10
10
10
10
10
10
10
10
10
10
10
10
10
10
10
10
10
10
10
10
10
10
10
10
10
10
10
10
10
10
10
10
10
10
10
10
10
10
10
10
10
10
10
10
10
10
10
10
10
10
10
10
10
10
10
10
10
10
10
10
10
10
10
10
10
10
10
10
10
10
10
10
10
10
10
10
10
10
10
10
10
10
10
10
10
10
10
10
10
10
10
10
10
10
10
10
10
10
10
10
10
10
10
10
10
10
10
10
10
10
10
10
10
10
10
10
10
10
10
10
10
10
10
10
10
10
10
10
10
10
10
10
10
10
10
10
10
10
10
10
10
10
10
10
10
10
10
10
10
10
10
10
10
10
10
10
10
10
10
10
10
10
10
10
10
10
10
10
10
10
10
10
10
10
10
10
10
10
10
10
10
10
10
10
10
10
10
10
10
10
10
10
10
10
10
10
10
10
10
10
10
10
10
10
10
10
10
10
10
10
10
10
10
10
10
10
10
10
10
10
10
10
10
10
10
10
10
10
10
10
10
10
10
10
10
10
10
10
10
10
10
10
10
10
10
10
10
10
10
10
10
10
10
10
10
10
10
10
10
10
10
10
10
10
10
10
10
10
10
10
10
10
10
10
10
10
10
10
10
10
10
10
10
10
10
10
10
10
10
10
10
10
10
10
10
10
10
10
10
10
10
10
10
10
10
10
10
10
10
10
10
10
10
10
10
10
10
10
10
10
10
10
10
10
10
10
10
10
10
10
10
10
10
10
10
10
10
10
10
10
10
10
10
10
10
10
10
10
10
10
10
10
10
10
10
10
10
10
10
10
10
10
10
10
10
10
10
10
10
10
10
10
10
10
10
10
10
10
10
10
10
10
10
10
10
10
10
10
10
10
10
10
10
10
10
10
10
10
10
10
10
10
10
10
10
10
10
10
10
10
10
10
10
10
10
10
10
10
10
10
10
10
10
10
10
10
10
10
10
10
10
10
10
10
10
10
10
10
10
10
10
10
10
10
10
10
10
10
10
10
10
10
10
10
10
10
10
10
10
10
10
10
10
10
10
10
10
10
10
10
10
10
10
10
10
10
10
10
10
10
10
10
10
10
10
10
10
10
10
10
10
10
10
10
10
10
10
10
10
10
10
10
10
10
10
10
10
10
10
10
10
10
10
10
10
10
10
10
10
10
10
10
10
10
10
10
10
10
10
10
10
10
10
10
10
10
10
10
10
10
10
10
10
10
10
10
10
10
10
10
10
10
10
10
10
10
10
10
10
10
10
10
10
10
10
10
10
10
10
10
10
10
10
10
10
10
10
10
10
10
10
10
10
10
10
10
10
10
10
10
10
10
10
10
10
10
10
10
10
10
10
10
10
10
10
10
10
10
10
10
10
10
10
10
10
10
10
10
10
10
10
10
10
10
10
10
10
10
10
10
10
10
10
10
10
10
10
10
10
10
10
10
10
10
10
10
10
10
10
10
10
10
10
10
10
10
10
10
10
10
10
10
10
10
10
10
10
10
10
10
10
10
10
10
10
10
10
10
10
10
10
10
10
10
10
10
10
10
10
10
10
10
10
10
10
10
10
10
10
10
10
10
10
10
10
10
10
10
10
10
10
10
10
10
10
10
10
10
10
10
10
10
10
10
10
10
10
10
10
10
10
10
10
10
10
10
10
10
10
10
10
10
10
10
10
10
10
10
10
10
10
10
10
10
10
10
10
10
10
10
10
10
10
10
10
10
10
10
10
10
10
10
10
10
10
10
10
10
10
10
10
10
10
10
10
10
10
10
10
10
10
10
10
10
10
10
10
10
10
10
10
10
10
10
10
10
10
10
10
10
10
10
10
10
10
10
10
10
10
10
10
10
10
10
10
10
10
10
10
10
10
10
10
10
10
10
10
10
10
10
10
10
10
10
10
10
10
10
10
10
10
10
10
10
10
10
10
10
10
10
10
10
10
10
10
10
10
10
10
10
10
10
10
10
10
10
10
10
10
10
10
10
10
10
10
10
10
10
10
10
10
10
10
10
10
10
10
10
10
10
10
10
10
10
10
10
10
10
10
10
10
10
10
10
10
10
10
10
10
10
10
10
10
10
10
10
10
10
10
10
10
10
10
10
10
10
10
10
10
10
10
10
10
10
10
10
10
10
10
10
10
10
10
10
10
10
10
10
10
10
10
10
10
10
10
10
10
10
10
10
10
10
10
10
10
10
10
10
10
10
10
10
10
10
10
10
10
10
10
10
10
10
10
10
10
10
10
10
10
10
10
10
10
10
10
10
10
10
10
10
10
10
10
10
10
10
10
10
10
10
10
10
10
10
10
10
10
10
10
10
10
10
10
10
10
10
10
10
10
10
10
10
10
10
10
10
10
10
10
10
10
10
10
10
10
10
10
10
10
10
10
10
10
10
10
10
10
10
10
10
10
10
10
10
10
10
10
10
10
10
10
10
10
10
10
10
10
10
10
10
10
10
10
10
10
10
10
10
10
10
10
10
10
10
10
10
10
10
10
10
10
10
10
10
10
10
10
10
10
10
10
10
10
10
10
10
10
10
10
10
10
10
10
10
10
10
10
10
10
10
10
10
10
10
10
10
10
10
10
10
10
10
10
10
10
10
10
10
10
10
10
10
10
10
10
10
10
10
10
10
10
10
10
10
10
10
10
10
10
10
10
10
10
10
10
10
10
10
10
10
10
10
10
10
10
10
10
10
10
10
10
10
10
10
10
10
10
10
10
10
10
10
10
10
10
10
10
10
10
10
10
10
10
10
10
10
10
10
10
10
10
10
10
10
10
10
10
10
10
10
10
10
10
10
10
10
10
10
10
10
10
10
10
10
10
10
10
10
10
10
10
10
10
10
10
10
10
10
10
10
10
10
10
10
10
10
10
10
10
10
10
10
10
10
10
10
10
10
10
10
10
10
10
10
10
10
10
10
10
10
10
10
10
10
10
10
10
10
10
10
10
10
10
10
10
10
10
10
10
10
10
10
10
10
10
10
10
10
10
10
10
10
10
10
10
10
10
10
10
10
10
10
10
10
10
10
10
10
10
10
10
10
10
10
10
10
10
10
10
10
10
10
10
10
10
10
10
10
10
10
10
10
10
10
10
10
10
10
10
10
10
10
10
10
10
10
10
10
10
10
10
10
10
10
10
10
10
10
10
10
10
10
10
10
10
10
10
10
10
10
10
10
10
10
10
10
10
10
10
10
10
10
10
10
10
10
10
10
10
10
10
10
10
10
10
10
10
10
10
10
10
10
10
10
10
10
10
10
10
10
10
10
10
10
10
10
10
10
10
10
10
10
10
10
10
10
10
10
10
10
10
10
10
10
10
10
10
10
10
10
10
10
10
10
10
10
10
10
10
10
10
10
10
10
10
10
10
10
10
10
10
10
10
10
10
10
10
10
10
10
10
10
10
10
10
10
10
10
10
10
10
10
10
10
10
10
10
10
10
10
10
10
10
10
10
10
10
10
10
10
10
10
10
10
10
10
10
10
10
10
10
10
10
10
10
10
10
10
10
10
10
10
10
10
10
10
10
10
10
10
10
10
10
10
10
10
10
10
10
10
10
10
10
10
10
10
10
10
10
10
10
10
10
10
10
10
10
10
10
10
10
10
10
10
10
10
10
10
10
10
10
10
10
10
10
10
10
10
10
10
10
10
10
10
10
10
10
10
10
10
10
10
10
10
10
10
10
10
10
10
10
10
10
10
10
10
10
10
10
10
10
10
10
10
10
10
10
10
10
10
10
10
10
10
10
10
10
10
10
10
10
10
10
10
10
10
10
10
10
10
10
10
10
10
10
10
10
10
10
10
10
10
10
10
10
10
10
10
10
10
10
10
10
10
10
10
10
10
10
10
10
10
10
10
10
10
10
10
10
10
10
10
10
10
10
10
10
10
10
10
10
10
10
10
10
10
10
10
10
10
10
10
10
10
10
10
10
10
10
10
10
10
10
10
10
10
10
10
10
10
10
10
10
10
10
10
10
10
10
10
10
10
10
10
10
10
10
10
10
10
10
10
10
10
10
10
10
10
10
10
10
10
10
10
10
10
10
10
10
10
10
10
10
10
10
10
10
10
10
10
10
10
10
10
10
10
10
10
10
10
10
10
10
10
10
10
10
10
10
10
10
10
10
10
10
10
10
10
10
10
10
10
10
10
10
10
10
10
10
10
10
10
10
10
10
10
10
10
10
10
10
10
10
10
10
10
10
10
10
10
10
10
10
10
10
10
10
10
10
10
10
10
10
10
10
10
10
10
10
10
10
10
10
10
10
10
10
10
10
10
10
10
10
10
10
10
10
10
10
10
10
10
10
10
10
10
10
10
10
10
10
10
10
10
10
10
10
10
10
10
10
10
10
10
10
10
10
10
10
10
10
10
10
10
10
10
10
10
10
10
10
10
10
10
10
10
10
10
10
10
10
10
10
10
10
10
10
10
10
10
10
10
10
10
10
10
10
10
10
10
10
10
10
10
10
10
10
10
10
10
10
10
10
10
10
10
10
10
10
10
10
10
10
10
10
10
10
10
10
10
10
10
10
10
10
10
10
10
10
10
10
10
10
10
10
10
10
10
10
10
10
10
10
10
10
10
10
10
10
10
10
10
10
10
10
10
10
10
10
10
10
10
10
10
10
10
10
10
10
10
10
10
10
10
10
10
10
10
10
10
10
10
10
10
10
10
10
10
10
10
10
10
10
10
10
10
10
10
10
10
10
10
10
10
10
10
10
10
10
10
10
10
10
10
10
10
10
10
10
10
10
10
10
10
10
10
10
10
10
10
10
10
10
10
10
10
10
10
10
10
10
10
10
10
10
10
10
10
10
10
10
10
10
10
10
10
10
10
10
10
10
10
10
10
10
10
10
10
10
10
10
10
10
10
10
10
10
10
10
10
10
10
10
10
10
10
10
10
10
10
10
10
10
10
10
10
10
10
10
10
10
10
10
10
10
10
10
10
10
10
10
10
10
10
10
10
10
10
10
10
10
10
10
10
10
10
10
10
10
10
10
10
10
10
10
10
10
10
10
10
10
10
10
10
10
10
10
10
10
10
10
10
10
10
10
10
10
10
10
10
10
10
10
10
10
10
10
10
10
10
10
10
10
10
10
10
10
10
10
10
10
10
10
10
10
10
10
10
10
10
10
10
10
10
10
10
10
10
10
10
10
10
10
10
10
10
10
10
10
10
10
10
10
10
10
10
10
10
10
10
10
10
10
10
10
10
10
10
10
10
10
10
10
10
10
10
10
10
10
10
10
10
10
10
10
10
10
10
10
10
10
10
10
10
10
10
10
10
10
10
10
10
10
10
10
10
10
10
10
10
10
10
10
10
10
10
10
10
10
10
10
10
10
10
10
10
10
10
10
10
10
10
10
10
10
10
10
10
10
10
10
10
10
10
10
10
10
10
10
10
10
10
10
10
10
10
10
10
10
10
10
10
10
10
10
10
10
10
10
10
10
10
10
10
10
10
10
10
10
10
10
10
10
10
10
10
10
10
10
10
10
10
10
10
10
10
10
10
10
10
10
10
10
10
10
10
10
10
10
10
10
10
10
10
10
10
10
10
10
10
10
10
10
10
10
10
10
10
10
10
10
10
10
10
10
10
10
10
10
10
10
10
10
10
10
10
10
10
10
10
10
10
10
10
10
10
10
10
10
10
10
10
10
10
10
10
10
10
10
10
10
10
10
10
10
10
10
10
10
10
10
10
10
10
10
10
10
10
10
10
10
10
10
10
10
10
10
10
10
10
10
10
10
10
10
10
10
10
10
10
10
10
10
10
10
10
10
10
10
10
10
10
10
10
10
10
10
10
10
10
10
10
10
10
10
10
10
10
10
10
10
10
10
10
10
10
10
10
10
10
10
10
10
10
10
10
10
10
10
10
10
10
10
10
10
10
10
10
10
10
10
10
10
10
10
10
10
10
10
10
10
10
10
10
10
10
10
10
10
10
10
10
10
10
10
10
10
10
10
10
10
10
10
10
10
10
10
10
10
10
10
10
10
10
10
10
10
10
10
10
10
10
10
10
10
10
10
10
10
10
10
10
10
10
10
10
10
10
10
10
10
10
10
10
10
10
10
10
10
10
10
10
10
10
10
10
10
10
10
10
10
10
10
10
10
10
10
10
10
10
10
10
10
10
10
10
10
10
10
10
10
10
10
10
10
10
10
10
10
10
10
10
10
10
10
10
10
10
10
10
10
10
10
10
10
10
10
10
10
10
10
10
10
10
10
10
10
10
10
10
10
10
10
10
10
10
10
10
10
10
10
10
10
10
10
10
10
10
10
10
10
10
10
10
10
10
10
10
10
10
10
10
10
10
10
10
10
10
10
10
10
10
10
10
10
10
10
10
10
10
10
10
10
10
10
10
10
10
10
10
10
10
10
10
10
10
10
10
10
10
10
10
10
10
10
10
10
10
10
10
10
10
10
10
10
10
10
10
10
10
10
10
10
10
10
10
10
10
10
10
10
10
10
10
10
10
10
10
10
10
10
10
10
10
10
10
10
10
10
10
10
10
10
10
10
10
10
10
10
10
10
10
10
10
10
10
10
10
10
10
10
10
10
10
10
10
10
10
10
10
10
10
10
10
10
10
10
10
10
10
10
10
10
10
10
10
10
10
10
10
10
10
10
10
10
10
10
10
10
10
10
10
10
10
10
10
10
10
10
10
10
10
10
10
10
10
10
10
10
10
10
10
10
10
10
10
10
10
10
10
10
10
10
10
10
10
10
10
10
10
10
10
10
10
10
10
10
10
10
10
10
10
10
10
10
10
10
10
10
10
10
10
10
10
10
10
10
10
10
10
10
10
10
10
10
10
10
10
10
10
10
10
10
10
10
10
10
10
10
10
10
10
10
10
10
10
10
10
10
10
10
10
10
10
10
10
10
10
10
10
10
10
10
10
10
10
10
10
10
10
10
10
10
10
10
10
10
10
10
10
10
10
10
10
10
10
10
10
10
10
10
10
10
10
10
10
10
10
10
10
10
10
10
10
10
10
10
10
10
10
10
10
10
10
10
10
10
10
10
10
10
10
10
10
10
10
10
10
10
10
10
10
10
10
10
10
10
10
10
10
10
10
10
10
10
10
10
10
10
10
10
10
10
10
10
10
10
10
10
10
10
10
10
10
10
10
10
10
10
10
10
10
10
10
10
10
10
10
10
10
10
10
10
10
10
10
10
10
10
10
10
10
10
10
10
10
10
10
10
10
10
10
10
10
10
10
10
10
10
10
10
10
10
10
10
10
10
10
10
10
10
10
10
10
10
10
10
10
10
10
10
10
10
10
10
10
10
10
10
10
10
10
10
10
10
10
10
10
10
10
10
10
10
10
10
10
10
10
10
10
10
10
10
10
10
10
10
10
10
10
10
10
10
10
10
10
10
10
10
10
10
10
10
10
10
10
10
10
10
10
10
10
10
10
10
10
10
10
10
10
10
10
10
10
10
10
10
10
10
10
10
10
10
10
10
10
10
10
10
10
10
10
10
10
10
10
10
10
10
10
10
10
10
10
10
10
10
10
10
10
10
10
10
10
10
10
10
10
10
10
10
10
10
10
10
10
10
10
10
10
10
10
10
10
10
10
10
10
10
10
10
10
10
10
10
10
10
10
10
10
10
10
10
10
10
10
10
10
10
10
10
10
10
10
10
10
10
10
10
10
10
10
10
10
10
10
10
10
10
10
10
10
10
10
10
10
10
10
10
10
10
10
10
10
10
10
10
10
10
10
10
10
10
10
10
10
10
10
10
10
10
10
10
10
10
10
10
10
10
10
10
10
10
10
10
10
10
10
10
10
10
10
10
10
10
10
10
10
10
10
10
10
10
10
10
10
10
10
10
10
10
10
10
10
10
10
10
10
10
10
10
10
10
10
10
10
10
10
10
10
10
10
10
10
10
10
10
10
10
10
10
10
10
10
10
10
10
10
10
10
10
10
10
10
10
10
10
10
10
10
10
10
10
10
10
10
10
10
10
10
10
10
10
10
10
10
10
10
10
10
10
10
10
10
10
10
10
10
10
10
10
10
10
10
10
10
10
10
10
10
10
10
10
10
10
10
10
10
10
10
10
10
10
10
10
10
10
10
10
10
10
10
10
10
10
10
10
10
10
10
10
10
10
10
10
10
10
10
10
10
10
10
10
10
10
10
10
10
10
10
10
10
10
10
10
10
10
10
10
10
10
10
10
10
10
10
10
10
10
10
10
10
10
10
10
10
10
10
10
10
10
10
10
10
10
10
10
10
10
10
10
10
10
10
10
10
10
10
10
10
10
10
10
10
10
10
10
10
10
10
10
10
10
10
10
10
10
10
10
10
10
10
10
10
10
10
10
10
10
10
10
10
10
10
10
10
10
10
10
10
10
10
10
10
10
10
10
10
10
10
10
10
10
10
10
10
10
10
10
10
10
10
10
10
10
10
10
10
10
10
10
10
10
10
10
10
10
10
10
10
10
10
10
10
10
10
10
10
10
10
10
10
10
10
10
10
10
10
10
10
10
10
10
10
10
10
10
10
10
10
10
10
10
10
10
10
10
10
10
10
10
10
10
10
10
10
10
10
10
10
10
10
10
10
10
10
10
10
10
10
10
10
10
10
10
10
10
10
10
10
10
10
10
10
10
10
10
10
10
10
10
10
10
10
10
10
10
10
10
10
10
10
10
10
10
10
10
10
10
10
10
10
10
10
10
10
10
10
10
10
10
10
10
10
10
10
10
10
10
10
10
10
10
10
10
10
10
10
10
10
10
10
10
10
10
10
10
10
10
10
10
10
10
10
10
10
10
10
10
10
10
10
10
10
10
10
10
10
10
10
10
10
10
10
10
10
10
10
10
10
10
10
10
10
10
10
10
10
10
10
10
10
10
10
10
10
10
10
10
10
10
10
10
10
10
10
10
10
10
10
10
10
10
10
10
10
10
10
10
10
10
10
10
10
10
10
10
10
10
10
10
10
10
10
10
10
10
10
10
10
10
10
10
10
10
10
10
10
10
10
10
10
10
10
10
10
10
10
10
10
10
10
10
10
10
10
10
10
10
10
10
10
10
10
10
10
10
10
10
10
10
10
10
10
10
10
10
10
10
10
10
10
10
10
10
10
10
10
10
10
10
10
10
10
10
10
10
10
10
10
10
10
10
10
10
10
10
10
10
10
10
10
10
10
10
10
10
10
10
10
10
10
10
10
10
10
10
10
10
10
10
10
10
10
10
10
10
10
10
10
10
10
10
10
10
10
10
10
10
10
10
10
10
10
10
10
10
10
10
10
10
10
10
10
10
10
10
10
10
10
10
10
10
10
10
10
10
10
10
10
10
10
10
10
10
10
10
10
10
10
10
10
10
10
10
10
10
10
10
10
10
10
10
10
10
10
10
10
10
10
10
10
10
10
10
10
10
10
10
10
10
10
10
10
10
10
10
10
10
10
10
10
10
10
10
10
10
10
10
10
10
10
10
10
10
10
10
10
10
10
10
10
10
10
10
10
10
10
10
10
10
10
10
10
10
10
10
10
10
10
10
10
10
10
10
10
10
10
10
10
10
10
10
10
10
10
10
10
10
10
10
10
10
10
10
10
10
10
10
10
10
10
10
10
10
10
10
10
10
10
10
10
10
10
10
10
10
10
10
10
10
10
10
10
10
10
10
10
10
10
10
10
10
10
10
10
10
10
10
10
10
10
10
10
10
10
10
10
10
10
10
10
10
10
10
10
10
10
10
10
10
10
10
10
10
10
10
10
10
10
10
10
10
10
10
10
10
10
10
10
10
10
10
10
10
10
10
10
10
10
10
10
10
10
10
10
10
10
10
10
10
10
10
10
10
10
10
10
10
10
10
10
10
10
10
10
10
10
10
10
10
10
10
10
10
10
10
10
10
10
10
10
10
10
10
10
10
10
10
10
10
10
10
10
10
10
10
10
10
10
10
10
10
10
10
10
10
10
10
10
10
10
10
10
10
10
10
10
10
10
10
10
10
10
10
10
10
10
10
10
10
10
10
10
10
10
10
10
10
10
10
10
10
10
10
10
10
10
10
10
10
10
10
10
10
10
10
10
10
10
10
10
10
10
10
10
10
10
10
10
10
10
10
10
10
10
10
10
10
10
10
10
10
10
10
10
10
10
10
10
10
10
10
10
10
10
10
10
10
10
10
10
10
10
10
10
10
10
10
10
10
10
10
10
10
10
10
10
10
10
10
10
10
10
10
10
10
10
10
10
10
10
10
10
10
10
10
10
10
10
10
10
10
10
10
10
10
10
10
10
10
10
10
10
10
10
10
10
10
10
10
10
10
10
10
10
10
10
10
10
10
10
10
10
10
10
10
10
10
10
10
10
10
10
10
10
10
10
10
10
10
10
10
10
10
10
10
10
10
10
10
10
10
10
10
10
10
10
10
10
10
10
10
10
10
10
10
10
10
10
10
10
10
10
10
10
10
10
10
10
10
10
10
10
10
10
10
10
10
10
10
10
10
10
10
10
10
10
10
10
10
10
10
10
10
10
10
10
10
10
10
10
10
10
10
10
10
10
10
10
10
10
10
10
10
10
10
10
10
10
10
10
10
10
10
10
10
10
10
10
10
10
10
10
10
10
10
10
10
10
10
10
10
10
10
10
10
10
10
10
10
10
10
10
10
10
10
10
10
10
10
10
10
10
10
10
10
10
10
10
10
10
10
10
10
10
10
10
10
10
10
10
10
10
10
10
10
10
10
10
10
10
10
10
10
10
10
10
10
10
10
10
10
10
10
10
10
10
10
10
10
10
10
10
10
10
10
10
10
10
10
10
10
10
10
10
10
10
10
10
10
10
10
10
10
10
10
10
10
10
10
10
10
10
10
10
10
10
10
10
10
10
10
10
10
10
10
10
10
10
10
10
10
10
10
10
10
10
10
10
10
10
10
10
10
10
10
10
10
10
10
10
10
10
10
10
10
10
10
10
10
10
10
10
10
10
10
10
10
10
10
10
10
10
10
10
10
10
10
10
10
10
10
10
10
10
10
10
10
10
10
10
10
10
10
10
10
10
10
10
10
10
10
10
10
10
10
10
10
10
10
10
10
10
10
10
10
10
10
10
10
10
10
10
10
10
10
10
10
10
10
10
10
10
10
10
10
10
10
10
10
10
10
10
10
10
10
10
10
10
10
10
10
10
10
10
10
10
10
10
10
10
10
10
10
10
10
10
10
10
10
10
10
10
10
10
10
10
10
10
10
10
10
10
10
10
10
10
10
10
10
10
10
10
10
10
10
10
10
10
10
10
10
10
10
10
10
10
10
10
10
10
10
10
10
10
10
10
10
10
10
10
10
10
10
10
10
10
10
10
10
10
10
10
10
10
10
10
10
10
10
10
10
10
10
10
10
10
10
10
10
10
10
10
10
10
10
10
10
10
10
10
10
10
10
10
10
10
10
10
10
10
10
10
10
10
10
10
10
10
10
10
10
10
10
10
10
10
10
10
10
10
10
10
10
10
10
10
10
10
10
10
10
10
10
10
10
10
10
10
10
10
10
10
10
10
10
10
10
10
10
10
10
10
10
10
10
10
10
10
10
10
10
10
10
10
10
10
10
10
10
10
10
10
10
10
10
10
10
10
10
10
10
10
10
10
10
10
10
10
10
10
10
10
10
10
10
10
10
10
10
10
10
10
10
10
10
10
10
10
10
10
10
10
10
10
10
10
10
10
10
10
10
10
10
10
10
10
10
10
10
10
10
10
10
10
10
10
10
10
10
10
10
10
10
10
10
10
10
10
10
10
10
10
10
10
10
10
10
10
10
10
10
10
10
10
10
10
10
10
10
10
10
10
10
10
10
10
10
10
10
10
10
10
10
10
10
10
10
10
10
10
10
10
10
10
10
10
10
10
10
10
10
10
10
10
10
10
10
10
10
10
10
10
10
10
10
10
10
10
10
10
10
10
10
10
10
10
10
10
10
10
10
10
10
10
10
10
10
10
10
10
10
10
10
10
10
10
10
10
10
10
10
10
10
10
10
10
10
10
10
10
10
10
10
10
10
10
10
10
10
10
10
10
10
10
10
10
10
10
10
10
10
10
10
10
10
10
10
10
10
10
10
10
10
10
10
10
10
10
10
10
10
10
10
10
10
10
10
10
10
10
10
10
10
10
10
10
10
10
10
10
10
10
10
10
10
10
10
10
10
10
10
10
10
10
10
10
10
10
10
10
10
10
10
10
10
10
10
10
10
10
10
10
10
10
10
10
10
10
10
10
10
10
10
10
10
10
10
10
10
10
10
10
10
10
10
10
10
10
10
10
10
10
10
10
10
10
10
10
10
10
10
10
10
10
10
10
10
10
10
10
10
10
10
10
10
10
10
10
10
10
10
10
10
10
10
10
10
10
10
10
10
10
10
10
10
10
10
10
10
10
10
10
10
10
10
10
10
10
10
10
10
10
10
10
10
10
10
10
10
10
10
10
10
10
10
10
10
10
10
10
10
10
10
10
10
10
10
10
10
10
10
10
10
10
10
10
10
10
10
10
10
10
10
10
10
10
10
10
10
10
10
10
10
10
10
10
10
10
10
10
10
10
10
10
10
10
10
10
10
10
10
10
10
10
10
10
10
10
10
10
10
10
10
10
10
10
10
10
10
10
10
10
10
10
10
10
10
10
10
10
10
10
10
10
10
10
10
10
10
10
10
10
10
10
10
10
10
10
10
10
10
10
10
10
10
10
10
10
10
10
10
10
10
10
10
10
10
10
10
10
10
10
10
10
10
10
10
10
10
10
10
10
10
10
10
10
10
10
10
10
10
10
10
10
10
10
10
10
10
10
10
10
10
10
10
10
10
10
10
10
10
10
10
10
10
10
10
10
10
10
10
10
10
10
10
10
10
10
10
10
10
10
10
10
10
10
10
10
10
10
10
10
10
10
10
10
10
10
10
10
10
10
10
10
10
10
10
10
10
10
10
10
10
10
10
10
10
10
10
10
10
10
10
10
10
10
10
10
10
10
10
10
10
10
10
10
10
10
10
10
10
10
10
10
10
10
10
10
10
10
10
10
10
10
10
10
10
10
10
10
10
10
10
10
10
10
10
10
10
10
10
10
10
10
10
10
10
10
10
10
10
10
10
10
10
10
10
10
10
10
10
10
10
10
10
10
10
10
10
10
10
10
10
10
10
10
10
10
10
10
10
10
10
10
10
10
10
10
10
10
10
10
10
10
10
10
10
10
10
10
10
10
10
10
10
10
10
10
10
10
10
10
10
10
10
10
10
10
10
10
10
10
10
10
10
10
10
10
10
10
10
10
10
10
10
10
10
10
10
10
10
10
10
10
10
10
10
10
10
10
10
10
10
10
10
10
10
10
10
10
10
10
10
10
10
10
10
10
10
10
10
10
10
10
10
10
10
10
10
10
10
10
10
10
10
10
10
10
10
10
10
10
10
10
10
10
10
10
10
10
10
10
10
10
10
10
10
10
10
10
10
10
10
10
10
10
10
10
10
10
10
10
10
10
10
10
10
10
10
10
10
10
10
10
10
10
10
10
10
10
10
10
10
10
10
10
10
10
10
10
10
10
10
10
10
10
10
10
10
10
10
10
10
10
10
10
10
10
10
10
10
10
10
10
10
10
10
10
10
10
10
10
10
10
10
10
10
10
10
10
10
10
10
10
10
10
10
10
10
10
10
10
10
10
10
10
10
10
10
10
10
10
10
10
10
10
10
10
10
10
10
10
10
10
10
10
10
10
10
10
10
10
10
10
10
10
10
10
10
10
10
10
10
10
10
10
10
10
10
10
10
10
10
10
10
10
10
10
10
10
10
10
10
10
10
10
10
10
10
10
10
10
10
10
10
10
10
10
10
10
10
10
10
10
10
10
10
10
10
10
10
10
10
10
10
10
10
10
10
10
10
10
10
10
10
10
10
10
10
10
10
10
10
10
10
10
10
10
10
10
10
10
10
10
10
10
10
10
10
10
10
10
10
10
10
10
10
10
10
10
10
10
10
10
10
10
10
10
10
10
10
10
10
10
10
10
10
10
10
10
10
10
10
10
10
10
10
10
10
10
10
10
10
10
10
10
10
10
10
10
10
10
10
10
10
10
10
10
10
10
10
10
10
10
10
10
10
10
10
10
10
10
10
10
10
10
10
10
10
10
10
10
10
10
10
10
10
10
10
10
10
10
10
10
10
10
10
10
10
10
10
10
10
10
10
10
10
10
10
10
10
10
10
10
10
10
10
10
10
10
10
10
10
10
10
10
10
10
10
10
10
10
10
10
10
10
10
10
10
10
10
10
10
10
10
10
10
10
10
10
10
10
10
10
10
10
10
10
10
10
10
10
10
10
10
10
10
10
10
10
10
10
10
10
10
10
10
10
10
10
10
10
10
10
10
10
10
10
10
10
10
10
10
10
10
10
10
10
10
10
10
10
10
10
10
10
10
10
10
10
10
10
10
10
10
10
10
10
10
10
10
10
10
10
10
10
10
10
10
10
10
10
10
10
10
10
10
10
10
10
10
10
10
10
10
10
10
10
10
10
10
10
10
10
10
10
10
10
10
10
10
10
10
10
10
10
10
10
10
10
10
10
10
10
10
10
10
10
10
10
10
10
10
10
10
10
10
10
10
10
10
10
10
10
10
10
10
10
10
10
10
10
10
10
10
10
10
10
10
10
10
10
10
10
10
10
10
10
10
10
10
10
10
10
10
10
10
10
10
10
10
10
10
10
10
10
10
10
10
10
10
10
10
10
10
10
10
10
10
10
10
10
10
10
10
10
10
10
10
10
10
10
10
10
10
10
10
10
10
10
10
10
10
10
10
10
10
10
10
10
10
10
10
10
10
10
10
10
10
10
10
10
10
10
10
10
10
10
10
10
10
10
10
10
10
10
10
10
10
10
10
10
10
10
10
10
10
10
10
10
10
10
10
10
10
10
10
10
10
10
10
10
10
10
10
10
10
10
10
10
10
10
10
10
10
10
10
10
10
10
10
10
10
10
10
10
10
10
10
10
10
10
10
10
10
10
10
10
10
10
10
10
10
10
10
10
10
10
10
10
10
10
10
10
10
10
10
10
10
10
10
10
10
10
10
10
10
10
10
10
10
10
10
10
10
10
10
10
10
10
10
10
10
10
10
10
10
10
10
10
10
10
10
10
10
10
10
10
10
10
10
10
10
10
10
10
10
10
10
10
10
10
10
10
10
10
10
10
10
10
10
10
10
10
10
10
10
10
10
10
10
10
10
10
10
10
10
10
10
10
10
10
10
10
10
10
10
10
10
10
10
10
10
10
10
10
10
10
10
10
10
10
10
10
10
10
10
10
10
10
10
10
10
10
10
10
10
10
10
10
10
10
10
10
10
10
10
10
10
10
10
10
10
10
10
10
10
10
10
10
10
10
10
10
10
10
10
10
10
10
10
10
10
10
10
10
10
10
10
10
10
10
10
10
10
10
10
10
10
10
10
10
10
10
10
10
10
10
10
10
10
10
10
10
10
10
10
10
10
10
10
10
10
10
10
10
10
10
10
10
10
10
10
10
10
10
10
10
10
10
10
10
10
10
10
10
10
10
10
10
10
10
10
10
10
10
10
10
10
10
10
10
10
10
10
10
10
10
10
10
10
10
10
10
10
10
10
10
10
10
10
10
10
10
10
10
10
10
10
10
10
10
10
10
10
10
10
10
10
10
10
10
10
10
10
10
10
10
10
10
10
10
10
10
10
10
10
10
10
10
10
10
10
10
10
10
10
10
10
10
10
10
10
10
10
10
10
10
10
10
10
10
10
10
10
10
10
10
10
10
10
10
10
10
10
10
10
10
10
10
10
10
10
10
10
10
10
10
10
10
10
10
10
10
10
10
10
10
10
10
10
10
10
10
10
10
10
10
10
10
10
10
10
10
10
10
10
10
10
10
10
10
10
10
10
10
10
10
10
10
10
10
10
10
10
10
10
10
10
10
10
10
10
10
10
10
10
10
10
10
10
10
10
10
10
10
10
10
10
10
10
10
10
10
10
10
10
10
10
10
10
10
10
10
10
10
10
10
10
10
10
10
10
10
10
10
10
10
10
10
10
10
10
10
10
10
10
10
10
10
10
10
10
10
10
10
10
10
10
10
10
10
10
10
10
10
10
10
10
10
10
10
10
10
10
10
10
10
10
10
10
10
10
10
10
10
10
10
10
10
10
10
10
10
10
10
10
10
10
10
10
10
10
10
10
10
10
10
10
10
10
10
10
10
10
10
10
10
10
10
10
10
10
10
10
10
10
10
10
10
10
10
10
10
10
10
10
10
10
10
10
10
10
10
10
10
10
10
10
10
10
10
10
10
10
10
10
10
10
10
10
10
10
10
10
10
10
10
10
10
10
10
10
10
10
10
10
10
10
10
10
10
10
10
10
10
10
10
10
10
10
10
10
10
10
10
10
10
10
10
10
10
10
10
10
10
10
10
10
10
10
10
10
10
10
10
10
10
10
10
10
10
10
10
10
10
10
10
10
10
10
10
10
10
10
10
10
10
10
10
10
10
10
10
10
10
10
10
10
10
10
10
10
10
10
10
10
10
10
10
10
10
10
10
10
10
10
10
10
10
10
10
10
10
10
10
10
10
10
10
10
10
10
10
10
10
10
10
10
10
10
10
10
10
10
10
10
10
10
10
10
10
10
10
10
10
10
10
10
10
10
10
10
10
10
10
10
10
10
10
10
10
10
10
10
10
10
10
10
10
10
10
10
10
10
10
10
10
10
10
10
10
10
10
10
10
10
10
10
10
10
10
10
10
10
10
10
10
10
10
10
10
10
10
10
10
10
10
10
10
10
10
10
10
10
10
10
10
10
10
10
10
10
10
10
10
10
10
10
10
10
10
10
10
10
10
10
10
10
10
10
10
10
10
10
10
10
10
10
10
10
10
10
10
10
10
10
10
10
10
10
10
10
10
10
10
10
10
10
10
10
10
10
10
10
10
10
10
10
10
10
10
10
10
10
10
10
10
10
10
10
10
10
10
10
10
10
10
10
10
10
10
10
10
10
10
10
10
10
10
10
10
10
10
10
10
10
10
10
10
10
10
10
10
10
10
10
10
10
10
10
10
10
10
10
10
10
10
10
10
10
10
10
10
10
10
10
10
10
10
10
10
10
10
10
10
10
10
10
10
10
10
10
10
10
10
10
10
10
10
10
10
10
10
10
10
10
10
10
10
10
10
10
10
10
10
10
10
10
10
10
10
10
10
10
10
10
10
10
10
10
10
10
10
10
10
10
10
10
10
10
10
10
10
10
10
10
10
10
10
10
10
10
10
10
10
10
10
10
10
10
10
10
10
10
10
10
10
10
10
10
10
10
10
10
10
10
10
10
10
10
10
10
10
10
10
10
10
10
10
10
10
10
10
10
10
10
10
10
10
10
10
10
10
10
10
10
10
10
10
10
10
10
10
10
10
10
10
10
10
10
10
10
10
10
10
10
10
10
10
10
10
10
10
10
10
10
10
10
10
10
10
10
10
10
10
10
10
10
10
10
10
10
10
10
10
10
10
10
10
10
10
10
10
10
10
10
10
10
10
10
10
10
10
10
10
10
10
10
10
10
10
10
10
10
10
10
10
10
10
10
10
10
10
10
10
10
10
10
10
10
10
10
10
10
10
10
10
10
10
10
10
10
10
10
10
10
10
10
10
10
10
10
10
10
10
10
10
10
10
10
10
10
10
10
10
10
10
10
10
10
10
10
10
10
10
10
10
10
10
10
10
10
10
10
10
10
10
10
10
10
10
10
10
10
10
10
10
10
10
10
10
10
10
10
10
10
10
10
10
10
10
10
10
10
10
10
10
10
10
10
10
10
10
10
10
10
10
10
10
10
10
10
10
10
10
10
10
10
10
10
10
10
10
10
10
10
10
10
10
10
10
10
10
10
10
10
10
10
10
10
10
10
10
10
10
10
10
10
10
10
10
10
10
10
10
10
10
10
10
10
10
10
10
10
10
10
10
10
10
10
10
10
10
10
10
10
10
10
10
10
10
10
10
10
10
10
10
10
10
10
10
10
10
10
10
10
10
10
10
10
10
10
10
10
10
10
10
10
10
10
10
10
10
10
10
10
10
10
10
10
10
10
10
10
10
10
10
10
10
10
10
10
10
10
10
10
10
10
10
10
10
10
10
10
10
10
10
10
10
10
10
10
10
10
10
10
10
10
10
10
10
10
10
10
10
10
10
10
10
10
10
10
10
10
10
10
10
10
10
10
10
10
10
10
10
10
10
10
10
10
10
10
10
10
10
10
10
10
10
10
10
10
10
10
10
10
10
10
10
10
10
10
10
10
10
10
10
10
10
10
10
10
10
10
10
10
10
10
10
10
10
10
10
10
10
10
10
10
10
10
10
10
10
10
10
10
10
10
10
10
10
10
10
10
10
10
10
10
10
10
10
10
10
10
10
10
10
10
10
10
10
10
10
10
10
10
10
10
10
10
10
10
10
10
10
10
10
10
10
10
10
10
10
10
10
10
10
10
10
10
10
10
10
10
10
10
10
10
10
10
10
10
10
10
10
10
10
10
10
10
10
10
10
10
10
10
10
10
10
10
10
10
10
10
10
10
10
10
10
10
10
10
10
10
10
10
10
10
10
10
10
10
10
10
10
10
10
10
10
10
10
10
10
10
10
10
10
10
10
10
10
10
10
10
10
10
10
10
10
10
10
10
10
10
10
10
10
10
10
10
10
10
10
10
10
10
10
10
10
10
10
10
10
10
10
10
10
10
10
10
10
10
10
10
10
10
10
10
10
10
10
10
10
10
10
10
10
10
10
10
10
10
10
10
10
10
10
10
10
10
10
10
10
10
10
10
10
10
10
10
10
10
10
10
10
10
10
10
10
10
10
10
10
10
10
10
10
10
10
10
10
10
10
10
10
10
10
10
10
10
10
10
10
10
10
10
10
10
10
10
10
10
10
10
10
10
10
10
10
10
10
10
10
10
10
10
10
10
10
10
10
10
10
10
10
10
10
10
10
10
10
10
10
10
10
10
10
10
10
10
10
10
10
10
10
10
10
10
10
10
10
10
10
10
10
10
10
10
10
10
10
10
10
10
10
10
10
10
10
10
10
10
10
10
10
10
10
10
10
10
10
10
10
10
10
10
10
10
10
10
10
10
10
10
10
10
10
10
10
10
10
10
10
10
10
10
10
10
10
10
10
10
10
10
10
10
10
10
10
10
10
10
10
10
10
10
10
10
10
10
10
10
10
10
10
10
10
10
10
10
10
10
10
10
10
10
10
10
10
10
10
10
10
10
10
10
10
10
10
10
10
10
10
10
10
10
10
10
10
10
10
10
10
10
10
10
10
10
10
10
10
10
10
10
10
10
10
10
10
10
10
10
10
10
10
10
10
10
10
10
10
10
10
10
10
10
10
10
10
10
10
10
10
10
10
10
10
10
10
10
10
10
10
10
10
10
10
10
10
10
10
10
10
10
10
10
10
10
10
10
10
10
10
10
10
10
10
10
10
10
10
10
10
10
10
10
10
10
10
10
10
10
10
10
10
10
10
10
10
10
10
10
10
10
10
10
10
10
10
10
10
10
10
10
10
10
10
10
10
10
10
10
10
10
10
10
10
10
10
10
10
10
10
10
10
10
10
10
10
10
10
10
10
10
10
10
10
10
10
10
10
10
10
10
10
10
10
10
10
10
10
10
10
10
10
10
10
10
10
10
10
10
10
10
10
10
10
10
10
10
10
10
10
10
10
10
10
10
10
10
10
10
10
10
10
10
10
10
10
10
10
10
10
10
10
10
10
10
10
10
10
10
10
10
10
10
10
10
10
10
10
10
10
10
10
10
10
10
10
10
10
10
10
10
10
10
10
10
10
10
10
10
10
10
10
10
10
10
10
10
10
10
10
10
10
10
10
10
10
10
10
10
10
10
10
10
10
10
10
10
10
10
10
10
10
10
10
10
10
10
10
10
10
10
10
10
10
10
10
10
10
10
10
10
10
10
10
10
10
10
10
10
10
10
10
10
10
10
10
10
10
10
10
10
10
10
10
10
10
10
10
10
10
10
10
10
10
10
10
10
10
10
10
10
10
10
10
10
10
10
10
10
10
10
10
10
10
10
10
10
10
10
10
10
10
10
10
10
10
10
10
10
10
10
10
10
10
10
10
10
10
10
10
10
10
10
10
10
10
10
10
10
10
10
10
10
10
10
10
10
10
10
10
10
10
10
10
10
10
10
10
10
10
10
10
10
10
10
10
10
10
10
10
10
10
10
10
10
10
10
10
10
10
10
10
10
10
10
10
10
10
10
10
10
10
10
10
10
10
10
10
10
10
10
10
10
10
10
10
10
10
10
10
10
10
10
10
10
10
10
10
10
10
10
10
10
10
10
10
10
10
10
10
10
10
10
10
10
10
10
10
10
10
10
10
10
10
10
10
10
10
10
10
10
10
10
10
10
10
10
10
10
10
10
10
10
10
10
10
10
10
10
10
10
10
10
10
10
10
10
10
10
10
10
10
10
10
10
10
10
10
10
10
10
10
10
10
10
10
10
10
10
10
10
10
10
10
10
10
10
10
10
10
10
10
10
10
10
10
10
10
10
10
10
10
10
10
10
10
10
10
10
10
10
10
10
10
10
10
10
10
10
10
10
10
10
10
10
10
10
10
10
10
10
10
10
10
10
10
10
10
10
10
10
10
10
10
10
10
10
10
10
10
10
10
10
10
10
10
10
10
10
10
10
10
10
10
10
10
10
10
10
10
10
10
10
10
10
10
10
10
10
10
10
10
10
10
10
10
10
10
10
10
10
10
10
10
10
10
10
10
10
10
10
10
10
10
10
10
10
10
10
10
10
10
10
10
10
10
10
10
10
10
10
10
10
10
10
10
10
10
10
10
10
10
10
10
10
10
10
10
10
10
10
10
10
10
10
10
10
10
10
10
10
10
10
10
10
10
10
10
10
10
10
10
10
10
10
10
10
10
10
10
10
10
10
10
10
10
10
10
10
10
10
10
10
10
10
10
10
10
10
10
10
10
10
10
10
10
10
10
10
10
10
10
10
10
10
10
10
10
10
10
10
10
10
10
10
10
10
10
10
10
10
10
10
10
10
10
10
10
10
10
10
10
10
10
10
10
10
10
10
10
10
10
10
10
10
10
10
10
10
10
10
10
10
10
10
10
10
10
10
10
10
10
10
10
10
10
10
10
10
10
10
10
10
10
10
10
10
10
10
10
10
10
10
10
10
10
10
10
10
10
10
10
10
10
10
10
10
10
10
10
10
10
10
10
10
10
10
10
10
10
10
10
10
10
10
10
10
10
10
10
10
10
10
10
10
10
10
10
10
10
10
10
10
10
10
10
10
10
10
10
10
10
10
10
10
10
10
10
10
10
10
10
10
10
10
10
10
10
10
10
10
10
10
10
10
10
10
10
10
10
10
10
10
10
10
10
10
10
10
10
10
10
10
10
10
10
10
10
10
10
10
10
10
10
10
10
10
10
10
10
10
10
10
10
10
10
10
10
10
10
10
10
10
10
10
10
10
10
10
10
10
10
10
10
10
10
10
10
10
10
10
10
10
10
10
10
10
10
10
10
10
10
10
10
10
10
10
10
10
10
10
10
10
10
10
10
10
10
10
10
10
10
10
10
10
10
10
10
10
10
10
10
10
10
10
10
10
10
10
10
10
10
10
10
10
10
10
10
10
10
10
10
10
10
10
10
10
10
10
10
10
10
10
10
10
10
10
10
10
10
10
10
10
10
10
10
10
10
10
10
10
10
10
10
10
10
10
10
10
10
10
10
10
10
10
10
10
10
10
10
10
10
10
10
10
10
10
10
10
10
10
10
10
10
10
10
10
10
10
10
10
10
10
10
10
10
10
10
10
10
10
10
10
10
10
10
10
10
10
10
10
10
10
10
10
10
10
10
10
10
10
10
10
10
10
10
10
10
10
10
10
10
10
10
10
10
10
10
10
10
10
10
10
10
10
10
10
10
10
10
10
10
10
10
10
10
10
10
10
10
10
10
10
10
10
10
10
10
10
10
10
10
10
10
10
10
10
10
10
10
10
10
10
10
10
10
10
10
10
10
10
10
10
10
10
10
10
10
10
10
10
10
10
10
10
10
10
10
10
10
10
10
10
10
10
10
10
10
10
10
10
10
10
10
10
10
10
10
10
10
10
10
10
10
10
10
10
10
10
10
10
10
10
10
10
10
10
10
10
10
10
10
10
10
10
10
10
10
10
10
10
10
10
10
10
10
10
10
10
10
10
10
10
10
10
10
10
10
10
10
10
10
10
10
10
10
10
10
10
10
10
10
10
10
10
10
10
10
10
10
10
10
10
10
10
10
10
10
10
10
10
10
10
10
10
10
10
10
10
10
10
10
10
10
10
10
10
10
10
10
10
10
10
10
10
10
10
10
10
10
10
10
10
10
10
10
10
10
10
10
10
10
10
10
10
10
10
10
10
10
10
10
10
10
10
10
10
10
10
10
10
10
10
10
10
10
10
10
10
10
10
10
10
10
10
10
10
10
10
10
10
10
10
10
10
10
10
10
10
10
10
10
10
10
10
10
10
10
10
10
10
10
10
10
10
10
10
10
10
10
10
10
10
10
10
10
10
10
10
10
10
10
10
10
10
10
10
10
10
10
10
10
10
10
10
10
10
10
10
10
10
10
10
10
10
10
10
10
10
10
10
10
10
10
10
10
10
10
10
10
10
10
10
10
10
10
10
10
10
10
10
10
10
10
10
10
10
10
10
10
10
10
10
10
10
10
10
10
10
10
10
10
10
10
10
10
10
10
10
10
10
10
10
10
10
10
10
10
10
10
10
10
10
10
10
10
10
10
10
10
10
10
10
10
10
10
10
10
10
10
10
10
10
10
10
10
10
10
10
10
10
10
10
10
10
10
10
10
10
10
10
10
10
10
10
10
10
10
10
10
10
10
10
10
10
10
10
10
10
10
10
10
10
10
10
10
10
10
10
10
10
10
10
10
10
10
10
10
10
10
10
10
10
10
10
10
10
10
10
10
10
10
10
10
10
10
10
10
10
10
10
10
10
10
10
10
10
10
10
10
10
10
10
10
10
10
10
10
10
10
10
10
10
10
10
10
10
10
10
10
10
10
10
10
10
10
10
10
10
10
10
10
10
10
10
10
10
10
10
10
10
10
10
10
10
10
10
10
10
10
10
10
10
10
10
10
10
10
10
10
10
10
10
10
10
10
10
10
10
10
10
10
10
10
10
10
10
10
10
10
10
10
10
10
10
10
10
10
10
10
10
10
10
10
10
10
10
10
10
10
10
10
10
10
10
10
10
10
10
10
10
10
10
10
10
10
10
10
10
10
10
10
10
10
10
10
10
10
10
10
10
10
10
10
10
10
10
10
10
10
10
10
10
10
10
10
10
10
10
10
10
10
10
10
10
10
10
10
10
10
10
10
10
10
10
10
10
10
10
10
10
10
10
10
10
10
10
10
10
10
10
10
10
10
10
10
10
10
10
10
10
10
10
10
10
10
10
10
10
10
10
10
10
10
10
10
10
10
10
10
10
10
10
10
10
10
10
10
10
10
10
10
10
10
10
10
10
10
10
10
10
10
10
10
10
10
10
10
10
10
10
10
10
10
10
10
10
10
10
10
10
10
10
10
10
10
10
10
10
10
10
10
10
10
10
10
10
10
10
10
10
10
10
10
10
10
10
10
10
10
10
10
10
10
10
10
10
10
10
10
10
10
10
10
10
10
10
10
10
10
10
10
10
10
10
10
10
10
10
10
10
10
10
10
10
10
10
10
10
10
10
10
10
10
10
10
10
10
10
10
10
10
10
10
10
10
10
10
10
10
10
10
10
10
10
10
10
10
10
10
10
10
10
10
10
10
10
10
10
10
10
10
10
10
10
10
10
10
10
10
10
10
10
10
10
10
10
10
10
10
10
10
10
10
10
10
10
10
10
10
10
10
10
10
10
10
10
10
10
10
10
10
10
10
10
10
10
10
10
10
10
10
10
10
10
10
10
10
10
10
10
10
10
10
10
10
10
10
10
10
10
10
10
10
10
10
10
10
10
10
10
10
10
10
10
10
10
10
10
10
10
10
10
10
10
10
10
10
10
10
10
10
10
10
10
10
10
10
10
10
10
10
10
10
10
10
10
10
10
10
10
10
10
10
10
10
10
10
10
10
10
10
10
10
10
10
10
10
10
10
10
10
10
10
10
10
10
10
10
10
10
10
10
10
10
10
10
10
10
10
10
10
10
10
10
10
10
10
10
10
10
10
10
10
10
10
10
10
10
10
10
10
10
10
10
10
10
10
10
10
10
10
10
10
10
10
10
10
10
10
10
10
10
10
10
10
10
10
10
10
10
10
10
10
10
10
10
10
10
10
10
10
10
10
10
10
10
10
10
10
10
10
10
10
10
10
10
10
10
10
10
10
10
10
10
10
10
10
10
10
10
10
10
10
10
10
10
10
10
10
10
10
10
10
10
10
10
10
10
10
10
10
10
10
10
10
10
10
10
10
10
10
10
10
10
10
10
10
10
10
10
10
10
10
10
10
10
10
10
10
10
10
10
10
10
10
10
10
10
10
10
10
10
10
10
10
10
10
10
10
10
10
10
10
10
10
10
10
10
10
10
10
10
10
10
10
10
10
10
10
10
10
10
10
10
10
10
10
10
10
10
10
10
10
10
10
10
10
10
10
10
10
10
10
10
10
10
10
10
10
10
10
10
10
10
10
10
10
10
10
10
10
10
10
10
10
10
10
10
10
10
10
10
10
10
10
10
10
10
10
10
10
10
10
10
10
10
10
10
10
10
10
10
10
10
10
10
10
10
10
10
10
10
10
10
10
10
10
10
10
10
10
10
10
10
10
10
10
10
10
10
10
10
10
10
10
10
10
10
10
10
10
10
10
10
10
10
10
10
10
10
10
10
10
10
10
10
10
10
10
10
10
10
10
10
10
10
10
10
10
10
10
10
10
10
10
10
10
10
10
10
10
10
10
10
10
10
10
10
10
10
10
10
10
10
10
10
10
10
10
10
10
10
10
10
10
10
10
10
10
10
10
10
10
10
10
10
10
10
10
10
10
10
10
10
10
10
10
10
10
10
10
10
10
10
10
10
10
10
10
10
10
10
10
10
10
10
10
10
10
10
10
10
10
10
10
10
10
10
10
10
10
10
10
10
10
10
10
10
10
10
10
10
10
10
10
10
10
10
10
10
10
10
10
10
10
10
10
10
10
10
10
10
10
10
10
10
10
10
10
10
10
10
10
10
10
10
10
10
10
10
10
10
10
10
10
10
10
10
10
10
10
10
10
10
10
10
10
10
10
10
10
10
10
10
10
10
10
10
10
10
10
10
10
10
10
10
10
10
10
10
10
10
10
10
10
10
10
10
10
10
10
10
10
10
10
10
10
10
10
10
10
10
10
10
10
10
10
10
10
10
10
10
10
10
10
10
10
10
10
10
10
10
10
10
10
10
10
10
10
10
10
10
10
10
10
10
10
10
10
10
10
10
10
10
10
10
10
10
10
10
10
10
10
10
10
10
10
10
10
10
10
10
10
10
10
10
10
10
10
10
10
10
10
10
10
10
10
10
10
10
10
10
10
10
10
10
10
10
10
10
10
10
10
10
10
10
10
10
10
10
10
10
10
10
10
10
10
10
10
10
10
10
10
10
10
10
10
10
10
10
10
10
10
10
10
10
10
10
10
10
10
10
10
10
10
10
10
10
10
10
10
10
10
10
10
10
10
10
10
10
10
10
10
10
10
10
10
10
10
10
10
10
10
10
10
10
10
10
10
10
10
10
10
10
10
10
10
10
10
10
10
10
10
10
10
10
10
10
10
10
10
10
10
10
10
10
10
10
10
10
10
10
10
10
10
10
10
10
10
10
10
10
10
10
10
10
10
10
10
10
10
10
10
10
10
10
10
10
10
10
10
10
10
10
10
10
10
10
10
10
10
10
10
10
10
10
10
10
10
10
10
10
10
10
10
10
10
10
10
10
10
10
10
10
10
10
10
10
10
10
10
10
10
10
10
10
10
10
10
10
10
10
10
10
10
10
10
10
10
10
10
10
10
10
10
10
10
10
10
10
10
10
10
10
10
10
10
10
10
10
10
10
10
10
10
10
10
10
10
10
10
10
10
10
10
10
10
10
10
10
10
10
10
10
10
10
10
10
10
10
10
10
10
10
10
10
10
10
10
10
10
10
10
10
10
10
10
10
10
10
10
10
10
10
10
10
10
10
10
10
10
10
10
10
10
10
10
10
10
10
10
10
10
10
10
10
10
10
10
10
10
10
10
10
10
10
10
10
10
10
10
10
10
10
10
10
10
10
10
10
10
10
10
10
10
10
10
10
10
10
10
10
10
10
10
10
10
10
10
10
10
10
10
10
10
10
10
10
10
10
10
10
10
10
10
10
10
10
10
10
10
10
10
10
10
10
10
10
10
10
10
10
10
10
10
10
10
10
10
10
10
10
10
10
10
10
10
10
10
10
10
10
10
10
10
10
10
10
10
10
10
10
10
10
10
10
10
10
10
10
10
10
10
10
10
10
10
10
10
10
10
10
10
10
10
10
10
10
10
10
10
10
10
10
10
10
10
10
10
10
10
10
10
10
10
10
10
10
10
10
10
10
10
10
10
10
10
10
10
10
10
10
10
10
10
10
10
10
10
10
10
10
10
10
10
10
10
10
10
10
10
10
10
10
10
10
10
10
10
10
10
10
10
10
10
10
10
10
10
10
10
10
10
10
10
10
10
10
10
10
10
10
10
10
10
10
10
10
10
10
10
10
10
10
10
10
10
10
10
10
10
10
10
10
10
10
10
10
10
10
10
10
10
10
10
10
10
10
10
10
10
10
10
10
10
10
10
10
10
10
10
10
10
10
10
10
10
10
10
10
10
10
10
10
10
10
10
10
10
10
10
10
10
10
10
10
10
10
10
10
10
10
10
10
10
10
10
10
10
10
10
10
10
10
10
10
10
10
10
10
10
10
10
10
10
10
10
10
10
10
10
10
10
10
10
10
10
10
10
10
10
10
CELL_DATA 15155
SCALARS region int 1
LOOKUP_TABLE default
0
0
0
0
0
0
0
0
0
0
0
0
0
0
0
0
0
0
0
0
0
0
0
0
0
0
0
0
0
0
0
0
0
0
0
0
0
0
0
0
0
0
0
0
0
0
0
0
0
0
0
0
0
0
0
0
0
0
0
0
0
0
0
0
0
0
0
0
0
0
0
0
0
0
0
0
0
0
0
0
0
0
0
0
0
0
0
0
0
0
0
0
0
0
0
0
0
0
0
0
0
0
0
0
0
0
0
0
0
0
0
0
0
0
0
0
0
0
0
0
0
0
0
0
0
0
0
0
0
0
0
0
0
0
0
0
0
0
0
0
0
0
0
0
0
0
0
0
0
0
0
0
0
0
0
0
0
0
0
0
0
0
0
0
0
0
0
0
0
0
0
0
0
0
0
0
0
0
0
0
0
0
0
0
0
0
0
0
0
0
0
0
0
0
0
0
0
0
0
0
0
0
0
0
0
0
0
0
0
0
0
0
0
0
0
0
0
0
0
0
0
0
0
0
0
0
0
0
0
0
0
0
0
0
0
0
0
0
0
0
0
0
0
0
0
0
0
0
0
0
0
0
0
0
0
0
0
0
0
0
0
0
0
0
0
0
0
0
0
0
0
0
0
0
0
0
0
0
0
0
0
0
0
0
0
0
0
0
0
0
0
0
0
0
0
0
0
0
0
0
0
0
0
0
0
0
0
0
0
0
0
0
0
0
0
0
0
0
0
0
0
0
0
0
0
0
0
0
0
0
0
0
0
0
0
0
0
0
0
0
0
0
0
0
0
0
0
0
0
0
0
0
0
0
0
0
0
0
0
0
0
0
0
0
0
0
0
0
0
0
0
0
0
0
0
0
0
0
0
0
0
0
0
0
0
0
0
0
0
0
0
0
0
0
0
0
0
0
0
0
0
0
0
0
0
0
0
0
0
0
0
0
0
0
0
0
0
0
0
0
0
0
0
0
0
0
0
0
0
0
0
0
0
0
0
0
0
0
0
0
0
0
0
0
0
0
0
0
0
0
0
0
0
0
0
0
0
0
0
0
0
0
0
0
0
0
0
0
0
0
0
0
0
0
0
0
0
0
0
0
0
0
0
0
0
0
0
0
0
0
0
0
0
0
0
0
0
0
0
0
0
0
0
0
0
0
0
0
0
0
0
0
0
0
0
0
0
0
0
0
0
0
0
0
0
0
0
0
0
0
0
0
0
0
0
0
0
0
0
0
0
0
0
0
0
0
0
0
0
0
0
0
0
0
0
0
0
0
0
0
0
0
0
0
0
0
0
0
0
0
0
0
0
0
0
0
0
0
0
0
0
0
0
0
0
0
0
0
0
0
0
0
0
0
0
0
0
0
0
0
0
0
0
0
0
0
0
0
0
0
0
0
0
0
0
0
0
0
0
0
0
0
0
0
0
0
0
0
0
0
0
0
0
0
0
0
0
0
0
0
0
0
0
0
0
0
0
0
0
0
0
0
0
0
0
0
0
0
0
0
0
0
0
0
0
0
0
0
0
0
0
0
0
0
0
0
0
0
0
0
0
0
0
0
0
0
0
0
0
0
0
0
0
0
0
0
0
0
0
0
0
0
0
0
0
0
0
0
0
0
0
0
0
0
0
0
0
0
0
0
0
0
0
0
0
0
0
0
0
0
0
0
0
0
0
0
0
0
0
0
0
0
0
0
0
0
0
0
0
0
0
0
0
0
0
0
0
0
0
0
0
0
0
0
0
0
0
0
0
0
0
0
0
0
0
0
0
0
0
0
0
0
0
0
0
0
0
0
0
0
0
0
0
0
0
0
0
0
0
0
0
0
0
0
0
0
0
0
0
0
0
0
0
0
0
0
0
0
0
0
0
0
0
0
0
0
0
0
0
0
0
0
0
0
0
0
0
0
0
0
0
0
0
0
0
0
0
0
0
0
0
0
0
0
0
0
0
0
0
0
0
0
0
0
0
0
0
0
0
0
0
0
0
0
0
0
0
0
0
0
0
0
0
0
0
0
0
0
0
0
0
0
0
0
0
0
0
0
0
0
0
0
0
0
0
0
0
0
0
0
0
0
0
0
0
0
0
0
0
0
0
0
0
0
0
0
0
0
0
0
0
0
0
0
0
0
0
0
0
0
0
0
0
0
0
0
0
0
0
0
0
0
0
0
0
0
0
0
0
0
0
0
0
0
0
0
0
0
0
0
0
0
0
0
0
0
0
0
0
0
0
0
0
0
0
0
0
0
0
0
0
0
0
0
0
0
0
0
0
0
0
0
0
0
0
0
0
0
0
0
0
0
0
0
0
0
0
0
0
0
0
0
0
0
0
0
0
0
0
0
0
0
0
0
0
0
0
0
0
0
0
0
0
0
0
0
0
0
0
0
0
0
0
0
0
0
0
0
0
0
0
0
0
0
0
0
0
0
0
0
0
0
0
0
0
0
0
0
0
0
0
0
0
0
0
0
0
0
0
0
0
0
0
0
0
0
0
0
0
0
0
0
0
0
0
0
0
0
0
0
0
0
0
0
0
0
0
0
0
0
0
0
0
0
0
0
0
0
0
0
0
0
0
0
0
0
0
0
0
0
0
0
0
0
0
0
0
0
0
0
0
0
0
0
0
0
0
0
0
0
0
0
0
0
0
0
0
0
0
0
0
0
0
0
0
0
0
0
0
0
0
0
0
0
0
0
0
0
0
0
0
0
0
0
0
0
0
0
0
0
0
0
0
0
0
0
0
0
0
0
0
0
0
0
0
0
0
0
0
0
0
0
0
0
0
0
0
0
0
0
0
0
0
0
0
0
0
0
0
0
0
0
0
0
0
0
0
0
0
0
0
0
0
0
0
0
0
0
0
0
0
0
0
0
0
0
0
0
0
0
0
0
0
0
0
0
0
0
0
0
0
0
0
0
0
0
0
0
0
0
0
0
0
0
0
0
0
0
0
0
0
0
0
0
0
0
0
0
0
0
0
0
0
0
0
0
0
0
0
0
0
0
0
0
0
0
0
0
0
0
0
0
0
0
0
0
0
0
0
0
0
0
0
0
0
0
0
0
0
0
0
0
0
0
0
0
0
0
0
0
0
0
0
0
0
0
0
0
0
0
0
0
0
0
0
0
0
0
0
0
0
0
0
0
0
0
0
0
0
0
0
0
0
0
0
0
0
0
0
0
0
0
0
0
0
0
0
0
0
0
0
0
0
0
0
0
0
0
0
0
0
0
0
0
0
0
0
0
0
0
0
0
0
0
0
0
0
0
0
0
0
0
0
0
0
0
0
0
0
0
0
0
0
0
0
0
0
0
0
0
0
0
0
0
0
0
0
0
0
0
0
0
0
0
0
0
0
0
0
0
0
0
0
0
0
0
0
0
0
0
0
0
0
0
0
0
0
0
0
0
0
0
0
0
0
0
0
0
0
0
0
0
0
0
0
0
0
0
0
0
0
0
0
0
0
0
0
0
0
0
0
0
0
0
0
0
0
0
0
0
0
0
0
0
0
0
0
0
0
0
0
0
0
0
0
0
0
0
0
0
0
0
0
0
0
0
0
0
0
0
0
0
0
0
0
0
0
0
0
0
0
0
0
0
0
0
0
0
0
0
0
0
0
0
0
0
0
0
0
0
0
0
0
0
0
0
0
0
0
0
0
0
0
0
0
0
0
0
0
0
0
0
0
0
0
0
0
0
0
0
0
0
0
0
0
0
0
0
0
0
0
0
0
0
0
0
0
0
0
0
0
0
0
0
0
0
0
0
0
0
0
0
0
0
0
0
0
0
0
0
0
0
0
0
0
0
0
0
0
0
0
0
0
0
0
0
0
0
0
0
0
0
0
0
0
0
0
0
0
0
0
0
0
0
0
0
0
0
0
0
0
0
0
0
0
0
0
0
0
0
0
0
0
0
0
0
0
0
0
0
0
0
0
0
0
0
0
0
0
0
0
0
0
0
0
0
0
0
0
0
0
0
0
0
0
0
0
0
0
0
0
0
0
0
0
0
0
0
0
0
0
0
0
0
0
0
0
0
0
0
0
0
0
0
0
0
0
0
0
0
0
0
0
0
0
0
0
0
0
0
0
0
0
0
0
0
0
0
0
0
0
0
0
0
0
0
0
0
0
0
0
0
0
0
0
0
0
0
0
0
0
0
0
0
0
0
0
0
0
0
0
0
0
0
0
0
0
0
0
0
0
0
0
0
0
0
0
0
0
0
0
0
0
0
0
0
0
0
0
0
0
0
0
0
0
0
0
0
0
0
0
0
0
0
0
0
0
0
0
0
0
0
0
0
0
0
0
0
0
0
0
0
0
0
0
0
0
0
0
0
0
0
0
0
0
0
0
0
0
0
0
0
0
0
0
0
0
0
0
0
0
0
0
0
0
0
0
0
0
0
0
0
0
0
0
0
0
0
0
0
0
0
0
0
0
0
0
0
0
0
0
0
0
0
0
0
0
0
0
0
0
0
0
0
0
0
0
0
0
0
0
0
0
0
0
0
0
0
0
0
0
0
0
0
0
0
0
0
0
0
0
0
0
0
0
0
0
0
0
0
0
0
0
0
0
0
0
0
0
0
0
0
0
0
0
0
0
0
0
0
0
0
0
0
0
0
0
0
0
0
0
0
0
0
0
0
0
0
0
0
0
0
0
0
0
0
0
0
0
0
0
0
0
0
0
0
0
0
0
0
0
0
0
0
0
0
0
0
0
0
0
0
0
0
0
0
0
0
0
0
0
0
0
0
0
0
0
0
0
0
0
0
0
0
0
0
0
0
0
0
0
0
0
0
0
0
0
0
0
0
0
0
0
0
0
0
0
0
0
0
0
0
0
0
0
0
0
0
0
0
0
0
0
0
0
0
0
0
0
0
0
0
0
0
0
0
0
0
0
0
0
0
0
0
0
0
0
0
0
0
0
0
0
0
0
0
0
0
0
0
0
0
0
0
0
0
0
0
0
0
0
0
0
0
0
0
0
0
0
0
0
0
0
0
0
0
0
0
0
0
0
0
0
0
0
0
0
0
0
0
0
0
0
0
0
0
0
0
0
0
0
0
0
0
0
0
0
0
0
0
0
0
0
0
0
0
0
0
0
0
0
0
0
0
0
0
0
0
0
0
0
0
0
0
0
0
0
0
0
0
0
0
0
0
0
0
0
0
0
0
0
0
0
0
0
0
0
0
0
0
0
0
0
0
0
0
0
0
0
0
0
0
0
0
0
0
0
0
0
0
0
0
0
0
0
0
0
0
0
0
0
0
0
0
0
0
0
0
0
0
0
0
0
0
0
0
0
0
0
0
0
0
0
0
0
0
0
0
0
0
0
0
0
0
0
0
0
0
0
0
0
0
0
0
0
0
0
0
0
0
0
0
0
0
0
0
0
0
0
0
0
0
0
0
0
0
0
0
0
0
0
0
0
0
0
0
0
0
0
0
0
0
0
0
0
0
0
0
0
0
0
0
0
0
0
0
0
0
0
0
0
0
0
0
0
0
0
0
0
0
0
0
0
0
0
0
0
0
0
0
0
0
0
0
0
0
0
0
0
0
0
0
0
0
0
0
0
0
0
0
0
0
0
0
0
0
0
0
0
0
0
0
0
0
0
0
0
0
0
0
0
0
0
0
0
0
0
0
0
0
0
0
0
0
0
0
0
0
0
0
0
0
0
0
0
0
0
0
0
0
0
0
0
0
0
0
0
0
0
0
0
0
0
0
0
0
0
0
0
0
0
0
0
0
0
0
0
0
0
0
0
0
0
0
0
0
0
0
0
0
0
0
0
0
0
0
0
0
0
0
0
0
0
0
0
0
0
0
0
0
0
0
0
0
0
0
0
0
0
0
0
0
0
0
0
0
0
0
0
0
0
0
0
0
0
0
0
0
0
0
0
0
0
0
0
0
0
0
0
0
0
0
0
0
0
0
0
0
0
0
0
0
0
0
0
0
0
0
0
0
0
0
0
0
0
0
0
0
0
0
0
0
0
0
0
0
0
0
0
0
0
0
0
0
0
0
0
0
0
0
0
0
0
0
0
0
0
0
0
0
0
0
0
0
0
0
0
0
0
0
0
0
0
0
0
0
0
0
0
0
0
0
0
0
0
0
0
0
0
0
0
0
0
0
0
0
0
0
0
0
0
0
0
0
0
0
0
0
0
0
0
0
0
0
0
0
0
0
0
0
0
0
0
0
0
0
0
0
0
0
0
0
0
0
0
0
0
0
0
0
0
0
0
0
0
0
0
0
0
0
0
0
0
0
0
0
0
0
0
0
0
0
0
0
0
0
0
0
0
0
0
0
0
0
0
0
0
0
0
0
0
0
0
0
0
0
0
0
0
0
0
0
0
0
0
0
0
0
0
0
0
0
0
0
0
0
0
0
0
0
0
0
0
0
0
0
0
0
0
0
0
0
0
0
0
0
0
0
0
0
0
0
0
0
0
0
0
0
0
0
0
0
0
0
0
0
0
0
0
0
0
0
0
0
0
0
0
0
0
0
0
0
0
0
0
0
0
0
0
0
0
0
0
0
0
0
0
0
0
0
0
0
0
0
0
0
0
0
0
0
0
0
0
0
0
0
0
0
0
0
0
0
0
0
0
0
0
0
0
0
0
0
0
0
0
0
0
0
0
0
0
0
0
0
0
0
0
0
0
0
0
0
0
0
0
0
0
0
0
0
0
0
0
0
0
0
0
0
0
0
0
0
0
0
0
0
0
0
0
0
0
0
0
0
0
0
0
0
0
0
0
0
0
0
0
0
0
0
0
0
0
0
0
0
0
0
0
0
0
0
0
0
0
0
0
0
0
0
0
0
0
0
0
0
0
0
0
0
0
0
0
0
0
0
0
0
0
0
0
0
0
0
0
0
0
0
0
0
0
0
0
0
0
0
0
0
0
0
0
0
0
0
0
0
0
0
0
0
0
0
0
0
0
0
0
0
0
0
0
0
0
0
0
0
0
0
0
0
0
0
0
0
0
0
0
0
0
0
0
0
0
0
0
0
0
0
0
0
0
0
0
0
0
0
0
0
0
0
0
0
0
0
0
0
0
0
0
0
0
0
0
0
0
0
0
0
0
0
0
0
0
0
0
0
0
0
0
0
0
0
0
0
0
0
0
0
0
0
0
0
0
0
0
0
0
0
0
0
0
0
0
0
0
0
0
0
0
0
0
0
0
0
0
0
0
0
0
0
0
0
0
0
0
0
0
0
0
0
0
0
0
0
0
0
0
0
0
0
0
0
0
0
0
0
0
0
0
0
0
0
0
0
0
0
0
0
0
0
0
0
0
0
0
0
0
0
0
0
0
0
0
0
0
0
0
0
0
0
0
0
0
0
0
0
0
0
0
0
0
0
0
0
0
0
0
0
0
0
0
0
0
0
0
0
0
0
0
0
0
0
0
0
0
0
0
0
0
0
0
0
0
0
0
0
0
0
0
0
0
0
0
0
0
0
0
0
0
0
0
0
0
0
0
0
0
0
0
0
0
0
0
0
0
0
0
0
0
0
0
0
0
0
0
0
0
0
0
0
0
0
0
0
0
0
0
0
0
0
0
0
0
0
0
0
0
0
0
0
0
0
0
0
0
0
0
0
0
0
0
0
0
0
0
0
0
0
0
0
0
0
0
0
0
0
0
0
0
0
0
0
0
0
0
0
0
0
0
0
0
0
0
0
0
0
0
0
0
0
0
0
0
0
0
0
0
0
0
0
0
0
0
0
0
0
0
0
0
0
0
0
0
0
0
0
0
0
0
0
0
0
0
0
0
0
0
0
0
0
0
0
0
0
0
0
0
0
0
0
0
0
0
0
0
0
0
0
0
0
0
0
0
0
0
0
0
0
0
0
0
0
0
0
0
0
0
0
0
0
0
0
0
0
0
0
0
0
0
0
0
0
0
0
0
0
0
0
0
0
0
0
0
0
0
0
0
0
0
0
0
0
0
0
0
0
0
0
0
0
0
0
0
0
0
0
0
0
0
0
0
0
0
0
0
0
0
0
0
0
0
0
0
0
0
0
0
0
0
0
0
0
0
0
0
0
0
0
0
0
0
0
0
0
0
0
0
0
0
0
0
0
0
0
0
0
0
0
0
0
0
0
0
0
0
0
0
0
0
0
0
0
0
0
0
0
0
0
0
0
0
0
0
0
0
0
0
0
0
0
0
0
0
0
0
0
0
0
0
0
0
0
0
0
0
0
0
0
0
0
0
0
0
0
0
0
0
0
0
0
0
0
0
0
0
0
0
0
0
0
0
0
0
0
0
0
0
0
0
0
0
0
0
0
0
0
0
0
0
0
0
0
0
0
0
0
0
0
0
0
0
0
0
0
0
0
0
0
0
0
0
0
0
0
0
0
0
0
0
0
0
0
0
0
0
0
0
0
0
0
0
0
0
0
0
0
0
0
0
0
0
0
0
0
0
0
0
0
0
0
0
0
0
0
0
0
0
0
0
0
0
0
0
0
0
0
0
0
0
0
0
0
0
0
0
0
0
0
0
0
0
0
0
0
0
0
0
0
0
0
0
0
0
0
0
0
0
0
0
0
0
0
0
0
0
0
0
0
0
0
0
0
0
0
0
0
0
0
0
0
0
0
0
0
0
0
0
0
0
0
0
0
0
0
0
0
0
0
0
0
0
0
0
0
0
0
0
0
0
0
0
0
0
0
0
0
0
0
0
0
0
0
0
0
0
0
0
0
0
0
0
0
0
0
0
0
0
0
0
0
0
0
0
0
0
0
0
0
0
0
0
0
0
0
0
0
0
0
0
0
0
0
0
0
0
0
0
0
0
0
0
0
0
0
0
0
0
0
0
0
0
0
0
0
0
0
0
0
0
0
0
0
0
0
0
0
0
0
0
0
0
0
0
0
0
0
0
0
0
0
0
0
0
0
0
0
0
0
0
0
0
0
0
0
0
0
0
0
0
0
0
0
0
0
0
0
0
0
0
0
0
0
0
0
0
0
0
0
0
0
0
0
0
0
0
0
0
0
0
0
0
0
0
0
0
0
0
0
0
0
0
0
0
0
0
0
0
0
0
0
0
0
0
0
0
0
0
0
0
0
0
0
0
0
0
0
0
0
0
0
0
0
0
0
0
0
0
0
0
0
0
0
0
0
0
0
0
0
0
0
0
0
0
0
0
0
0
0
0
0
0
0
0
0
0
0
0
0
0
0
0
0
0
0
0
0
0
0
0
1
1
1
1
1
1
1
1
1
1
1
1
1
1
1
1
1
1
1
1
1
1
1
1
1
1
1
1
1
1
1
1
1
1
1
1
1
1
1
1
1
1
1
1
1
1
1
1
1
1
1
1
1
1
1
1
1
1
1
1
1
1
1
1
1
1
1
1
1
1
1
1
1
1
1
1
1
1
1
1
1
1
1
1
1
1
1
1
1
1
1
1
1
1
1
1
1
1
1
1
1
1
1
1
1
1
1
1
1
1
1
1
1
1
1
1
1
1
1
1
1
1
1
1
1
1
1
1
1
1
1
1
1
1
1
1
1
1
1
1
1
1
1
1
1
1
1
1
1
1
1
1
1
1
1
1
1
1
1
1
1
1
1
1
1
1
1
1
1
1
1
1
1
1
1
1
1
1
1
1
1
1
1
1
1
1
1
1
1
1
1
1
1
1
1
1
1
1
1
1
1
1
1
1
1
1
1
1
1
1
1
1
1
1
1
1
1
1
1
1
1
1
1
1
1
1
1
1
1
1
1
1
1
1
1
1
1
1
1
1
1
1
1
1
1
1
1
1
1
1
1
1
1
1
1
1
1
1
1
1
1
1
1
1
1
1
1
1
1
1
1
1
1
1
1
1
1
1
1
1
1
1
1
1
1
1
1
1
1
1
1
1
1
1
1
1
1
1
1
1
1
1
1
1
1
1
1
1
1
1
1
1
1
1
1
1
1
1
1
1
1
1
1
1
1
1
1
1
1
1
1
1
1
1
1
1
1
1
1
1
1
1
1
1
1
1
1
1
1
1
1
1
1
1
1
1
1
1
1
1
1
1
1
1
1
1
1
1
1
1
1
1
1
1
1
1
1
1
1
1
1
1
1
1
1
1
1
1
1
1
1
1
1
1
1
1
1
1
1
1
1
1
1
1
1
1
1
1
1
1
1
1
1
1
1
1
1
1
1
1
1
1
1
1
1
1
1
1
1
1
1
1
1
1
1
1
1
1
1
1
1
1
1
1
1
1
1
1
1
1
1
1
1
1
1
1
1
1
1
1
1
1
1
1
1
1
1
1
1
1
1
1
1
1
1
1
1
1
1
1
1
1
1
1
1
1
1
1
1
1
1
1
1
1
1
1
1
1
1
1
1
1
1
1
1
1
1
1
1
1
1
1
1
1
1
1
1
1
1
1
1
1
1
1
1
1
1
1
1
1
1
1
1
1
1
1
1
1
1
1
1
1
1
1
1
1
1
1
1
1
1
1
1
1
1
1
1
1
1
1
1
1
1
1
1
1
1
1
1
1
1
1
1
1
1
1
1
1
1
1
1
1
1
1
1
1
1
1
1
1
1
1
1
1
1
1
1
1
1
1
1
1
1
1
1
1
1
1
1
1
1
1
1
1
1
1
1
1
1
1
1
1
1
1
1
1
1
1
1
1
1
1
1
1
1
1
1
1
1
1
1
1
1
1
1
1
1
1
1
1
1
1
1
1
1
1
1
1
1
1
1
1
1
1
1
1
1
1
1
1
1
1
1
1
1
1
1
1
1
1
1
1
1
1
1
1
1
1
1
1
1
1
1
1
1
1
1
1
1
1
1
1
1
1
1
1
1
1
1
1
1
1
1
1
1
1
1
1
1
1
1
1
1
1
1
1
1
1
1
1
1
1
1
1
1
1
1
1
1
1
1
1
1
1
1
1
1
1
1
1
1
1
1
1
1
1
1
1
1
1
1
1
1
1
1
1
1
1
1
1
1
1
1
1
1
1
1
1
1
1
1
1
1
1
1
1
1
1
1
1
1
1
1
1
1
1
1
1
1
1
1
1
1
1
1
1
1
1
1
1
1
1
1
1
1
1
1
1
1
1
1
1
1
1
1
1
1
1
1
1
1
1
1
1
1
1
1
1
1
1
1
1
1
1
1
1
1
1
1
1
1
1
1
1
1
1
1
1
1
1
1
1
1
1
1
1
1
1
1
1
1
1
1
1
1
1
1
1
1
1
1
1
1
1
1
1
1
1
1
1
1
1
1
1
1
1
1
1
1
1
1
1
1
1
1
1
1
1
1
1
1
1
1
1
1
1
1
1
1
1
1
1
1
1
1
1
1
1
1
1
1
1
1
1
1
1
1
1
1
1
1
1
1
1
1
1
1
1
1
1
1
1
1
1
1
1
1
1
1
1
1
1
1
1
1
1
1
1
1
1
1
1
1
1
1
1
1
1
1
1
1
1
1
1
1
1
1
1
1
1
1
1
1
1
1
1
1
1
1
1
1
1
1
1
1
1
1
1
1
1
1
1
1
1
1
1
1
1
1
1
1
1
1
1
1
1
1
1
1
1
1
1
1
1
1
1
1
1
1
1
1
1
1
1
1
1
1
1
1
1
1
1
1
1
1
1
1
1
1
1
1
1
1
1
1
1
1
1
1
1
1
1
1
1
1
1
1
1
1
1
1
1
1
1
1
1
1
1
1
1
1
1
1
1
1
1
1
1
1
1
1
1
1
1
1
1
1
1
1
1
1
1
1
1
1
1
1
1
1
1
1
1
1
1
1
1
1
1
1
1
1
1
1
1
1
1
1
1
1
1
1
1
1
1
1
1
1
1
1
1
1
1
1
1
1
1
1
1
1
1
1
1
1
1
1
1
1
1
1
1
1
1
1
1
1
1
1
1
1
1
1
1
1
1
1
1
1
1
1
1
1
1
1
1
1
1
1
1
1
1
1
1
1
1
1
1
1
1
1
1
1
1
1
1
1
1
1
1
1
1
1
1
1
1
1
1
1
1
1
1
1
1
1
1
1
1
1
1
1
1
1
1
1
1
1
1
1
1
1
1
1
1
1
1
1
1
1
1
1
1
1
1
1
1
1
1
1
1
1
1
1
1
1
1
1
1
1
1
1
1
1
1
1
1
1
1
1
1
1
1
1
1
1
1
1
1
1
1
1
1
1
1
1
1
1
1
1
1
1
1
1
1
1
1
1
1
1
1
1
1
1
1
1
1
1
1
1
1
1
1
1
1
1
1
1
1
1
1
1
1
1
1
1
1
1
1
1
1
1
1
1
1
1
1
1
1
1
1
1
1
1
1
1
1
1
1
1
1
1
1
1
1
1
1
1
1
1
1
1
1
1
1
1
1
1
1
1
1
1
1
1
1
1
1
1
1
1
1
1
1
1
1
1
1
1
1
1
1
1
1
1
1
1
1
1
1
1
1
1
1
1
1
1
1
1
1
1
1
1
1
1
1
1
1
1
1
1
1
1
1
1
1
1
1
1
1
1
1
1
1
1
1
1
1
1
1
1
1
1
1
1
1
1
1
1
1
1
1
1
1
1
1
1
1
1
1
1
1
1
1
1
1
1
1
1
1
1
1
1
1
1
1
1
1
1
1
1
1
1
1
1
1
1
1
1
1
1
1
1
1
1
1
1
1
1
1
1
1
1
1
1
1
1
1
1
1
1
1
1
1
1
1
1
1
1
1
1
1
1
1
1
1
1
1
1
1
1
1
1
1
1
1
1
1
1
1
1
1
1
1
1
1
1
1
1
1
1
1
1
1
1
1
1
1
1
1
1
1
1
1
1
1
1
1
1
1
1
1
1
1
1
1
1
1
1
1
1
1
1
1
1
1
1
1
1
1
1
1
1
1
1
1
1
1
1
1
1
1
1
1
1
1
1
1
1
1
1
1
1
1
1
1
1
1
1
1
1
1
1
1
1
1
1
1
1
1
1
1
1
1
1
1
1
1
1
1
1
1
1
1
1
1
1
1
1
1
1
1
1
1
1
1
1
1
1
1
1
1
1
1
1
1
1
1
1
1
1
1
1
1
1
1
1
1
1
1
1
1
1
1
1
1
1
1
1
1
1
1
1
1
1
1
1
1
1
1
1
1
1
1
1
1
1
1
1
1
1
1
1
1
1
1
1
1
1
1
1
1
1
1
1
1
1
1
1
1
1
1
1
1
1
1
1
1
1
1
1
1
1
1
1
1
1
1
1
1
1
1
1
1
1
1
1
1
1
1
1
1
1
1
1
1
1
1
1
1
1
1
1
1
1
1
1
1
1
1
1
1
1
1
1
1
1
1
1
1
1
1
1
1
1
1
1
1
1
1
1
1
1
1
1
1
1
1
1
1
1
1
1
1
1
1
1
1
1
1
1
1
1
1
1
1
1
1
1
1
1
1
1
1
1
1
1
1
1
1
1
1
1
1
1
1
1
1
1
1
1
1
1
1
1
1
1
1
1
1
1
1
1
1
1
1
1
1
1
1
1
1
1
1
1
1
1
1
1
1
1
1
1
1
1
1
1
1
1
1
1
1
1
1
1
1
1
1
1
1
1
1
1
1
1
1
1
1
1
1
1
1
1
1
1
1
1
1
1
1
1
1
1
1
1
1
1
1
1
1
1
1
1
1
1
1
1
1
1
1
1
1
1
1
1
1
1
1
1
1
1
1
1
1
1
1
1
1
1
1
1
1
1
1
1
1
1
1
1
1
1
1
1
1
1
1
1
1
1
1
1
1
1
1
1
1
1
1
1
1
1
1
1
1
1
1
1
1
1
1
1
1
1
1
1
1
1
1
1
1
1
1
1
1
1
1
1
1
1
1
1
1
1
1
1
1
1
1
1
1
1
1
1
1
1
1
1
1
1
1
1
1
1
1
1
1
1
1
1
1
1
1
1
1
1
1
1
1
1
1
1
1
1
1
1
1
1
1
1
1
1
1
1
1
1
1
1
1
1
1
1
1
1
1
1
1
1
1
1
1
1
1
1
1
1
1
1
1
1
1
1
1
1
1
1
1
1
1
1
1
1
1
1
1
1
1
1
1
1
1
1
1
1
1
1
1
1
1
1
1
1
1
1
1
1
1
1
1
1
1
1
1
1
1
1
1
1
1
1
1
1
1
1
1
1
1
1
1
1
1
1
1
1
1
1
1
1
1
1
1
1
1
1
1
1
1
1
1
1
1
1
1
1
1
1
1
1
1
1
1
1
1
1
1
1
1
1
1
1
1
1
1
1
1
1
1
1
1
1
1
1
1
1
1
1
1
1
1
1
1
1
1
1
1
1
1
1
1
1
1
1
1
1
1
1
1
1
1
1
1
1
1
1
1
1
1
1
1
1
1
1
1
1
1
1
1
1
1
1
1
1
1
1
1
1
1
1
1
1
1
1
1
1
1
1
1
1
1
1
1
1
1
1
1
1
1
1
1
1
1
1
1
1
1
1
1
1
1
1
1
1
1
1
1
1
1
1
1
1
1
1
1
1
1
1
1
1
1
1
1
1
1
1
1
1
1
1
1
1
1
1
1
1
1
1
1
1
1
1
1
1
1
1
1
1
1
1
1
1
1
1
1
1
1
1
1
1
1
1
1
1
1
1
1
1
1
1
1
1
1
1
1
1
1
1
1
1
1
1
1
1
1
1
1
1
1
1
1
1
1
1
1
1
1
1
1
1
1
1
1
1
1
1
1
1
1
1
1
1
1
1
1
1
1
1
1
1
1
1
1
1
1
1
1
1
1
1
1
1
1
1
1
1
1
1
1
1
1
1
1
1
1
1
1
1
1
1
1
1
1
1
1
1
1
1
1
1
1
1
1
1
1
1
1
1
1
1
1
1
1
1
1
1
1
1
1
1
1
1
1
1
1
1
1
1
1
1
1
1
1
1
1
1
1
1
1
1
1
1
1
1
1
1
1
1
1
1
1
1
1
1
1
1
1
1
1
1
1
1
1
1
1
1
1
1
1
1
1
1
1
1
1
1
1
1
1
1
1
1
1
1
1
1
1
1
1
1
1
1
1
1
1
1
1
1
1
1
1
1
1
1
1
1
1
1
1
1
1
1
1
1
1
1
1
1
1
1
1
1
1
1
1
1
1
1
1
1
1
1
1
1
1
1
1
1
1
1
1
1
1
1
1
1
1
1
1
1
1
1
1
1
1
1
1
1
1
1
1
1
1
1
1
1
1
1
1
1
1
1
1
1
1
1
1
1
1
1
1
1
1
1
1
1
1
1
1
1
1
1
1
1
1
1
1
1
1
1
1
1
1
1
1
1
1
1
1
1
1
1
1
1
1
1
1
1
1
1
1
1
1
1
1
1
1
1
1
1
1
1
1
1
1
1
1
1
1
1
1
1
1
1
1
1
1
1
1
1
1
1
1
1
1
1
1
1
1
1
1
1
1
1
1
1
1
1
1
1
1
1
1
1
1
1
1
1
1
1
1
1
1
1
1
1
1
1
1
1
1
1
1
1
1
1
1
1
1
1
1
1
1
1
1
1
1
1
1
1
1
1
1
1
1
1
1
1
1
1
1
1
1
1
1
1
1
1
1
1
1
1
1
1
1
1
1
1
1
1
1
1
1
1
1
1
1
1
1
1
1
1
1
1
1
1
1
1
1
1
1
1
1
1
1
1
1
1
1
1
1
1
1
1
1
1
1
1
1
1
1
1
1
1
1
1
1
1
1
1
1
1
1
1
1
1
1
1
1
1
1
1
1
1
1
1
1
1
1
1
1
1
1
1
1
1
1
1
1
1
1
1
1
1
1
1
1
1
1
1
1
1
1
1
1
1
1
1
1
1
1
1
1
1
1
1
1
1
1
1
1
1
1
1
1
1
1
1
1
1
1
1
1
1
1
1
1
1
1
1
1
1
1
1
1
1
1
1
1
1
1
1
1
1
1
1
1
1
1
1
1
1
1
1
1
1
1
1
1
1
1
1
1
1
1
1
1
1
1
1
1
1
1
1
1
1
1
1
1
1
1
1
1
1
1
1
1
1
1
1
1
1
1
1
1
1
1
1
1
1
1
1
1
1
1
1
1
1
1
1
1
1
1
1
1
1
1
1
1
1
1
1
1
1
1
1
1
1
1
1
1
1
1
1
1
1
1
1
1
1
1
1
1
1
1
1
1
1
1
1
1
1
1
1
1
1
1
1
1
1
1
1
1
1
1
1
1
1
1
1
1
1
1
1
1
1
1
1
1
1
1
1
1
1
1
1
1
1
1
1
1
1
1
1
1
1
1
1
1
1
1
1
1
1
1
1
1
1
1
1
1
1
1
1
1
1
1
1
1
1
1
1
1
1
1
1
1
1
1
1
1
1
1
1
1
1
1
1
1
1
1
1
1
1
1
1
1
1
1
1
1
1
1
1
1
1
1
1
1
1
1
1
1
1
1
1
1
1
1
1
1
1
1
1
1
1
1
1
1
1
1
1
1
1
1
1
1
1
1
1
1
1
1
1
1
1
1
1
1
1
1
1
1
1
1
1
1
1
1
1
1
1
1
1
1
1
1
1
1
1
1
1
1
1
1
1
1
1
1
1
1
1
1
1
1
1
1
1
1
1
1
1
1
1
1
1
1
1
1
1
1
1
1
1
1
1
1
1
1
1
1
1
1
1
1
1
1
1
1
1
1
1
1
1
1
1
1
1
1
1
1
1
1
1
1
1
1
1
1
1
1
1
1
1
1
1
1
1
1
1
1
1
1
1
1
1
1
1
1
1
1
1
1
1
1
1
1
1
1
1
1
1
1
1
1
1
1
1
1
1
1
1
1
1
1
1
1
1
1
1
1
1
1
1
1
1
1
1
1
1
1
1
1
1
1
1
1
1
1
1
1
1
1
1
1
1
1
1
1
1
1
1
1
1
1
1
1
1
1
1
1
1
1
1
1
1
1
1
1
1
1
1
1
1
1
1
1
1
1
1
1
1
1
1
1
1
1
1
1
1
1
1
1
1
1
1
1
1
1
1
1
1
1
1
1
1
1
1
1
1
1
1
1
1
1
1
1
1
1
1
1
1
1
1
1
1
1
1
1
1
1
1
1
1
1
1
1
1
1
1
1
1
1
1
1
1
1
1
1
1
1
1
1
1
1
1
1
1
1
1
1
1
1
1
1
1
1
1
1
1
1
1
1
1
1
1
1
1
1
1
1
1
1
1
1
1
1
1
1
1
1
1
1
1
1
1
1
1
1
1
1
1
1
1
1
1
1
1
1
1
1
1
1
1
1
1
1
1
1
1
1
1
1
1
1
1
1
1
1
1
1
1
1
1
1
1
1
1
1
1
1
1
1
1
1
1
1
1
1
1
1
1
1
1
1
1
1
1
1
1
1
1
1
1
1
1
1
1
1
1
1
1
1
1
1
1
1
1
1
1
1
1
1
1
1
1
1
1
1
1
1
1
1
1
1
1
1
1
1
1
1
1
1
1
1
1
1
1
1
1
1
1
1
1
1
1
1
1
1
1
1
1
1
1
1
1
1
1
1
1
1
1
1
1
1
1
1
1
1
1
1
1
1
1
1
1
1
1
1
1
1
1
1
1
1
1
1
1
1
1
1
1
1
1
1
1
1
1
1
1
1
1
1
1
1
1
1
1
1
1
1
1
1
1
1
1
1
1
1
1
1
1
1
1
1
1
1
1
1
1
1
1
1
1
1
1
1
1
1
1
1
1
1
1
1
1
1
1
1
1
1
1
1
1
1
1
1
1
1
1
1
1
1
1
1
1
1
1
1
1
1
1
1
1
1
1
1
1
1
1
1
1
1
1
1
1
1
1
1
1
1
1
1
1
1
1
1
1
1
1
1
1
1
1
1
1
1
1
1
1
1
1
1
1
1
1
1
1
1
1
1
1
1
1
1
1
1
1
1
1
1
1
1
1
1
1
1
1
1
1
1
1
1
1
1
1
1
1
1
1
1
1
1
1
1
1
1
1
1
1
1
1
1
1
1
1
1
1
1
1
1
1
1
1
1
1
1
1
1
1
1
1
1
1
1
1
1
1
1
1
1
1
1
1
1
1
1
1
1
1
1
1
1
1
1
1
1
1
1
1
1
1
1
1
1
1
1
1
1
1
1
1
1
1
1
1
1
1
1
1
1
1
1
1
1
1
1
1
1
1
1
1
1
1
1
1
1
1
1
1
1
1
1
1
1
1
1
1
1
1
1
1
1
1
1
1
1
1
1
1
1
1
1
1
1
1
1
1
1
1
1
1
1
1
1
1
1
1
1
1
1
1
1
1
1
1
1
1
1
1
1
1
1
1
1
1
1
1
1
1
1
1
1
1
1
1
1
1
1
1
1
1
1
1
1
1
1
1
1
1
1
1
1
1
1
1
1
1
1
1
1
1
1
1
1
1
1
1
1
1
1
1
1
1
1
1
1
1
1
1
1
1
1
1
1
1
1
1
1
1
1
1
1
1
1
1
1
1
1
1
1
1
1
1
1
1
1
1
1
1
1
1
1
1
1
1
1
1
1
1
1
1
1
1
1
1
1
1
1
1
1
1
1
1
1
1
1
1
1
1
1
1
1
1
1
1
1
1
1
1
1
1
1
1
1
1
1
1
1
1
1
1
1
1
1
1
1
1
1
1
1
1
1
1
1
1
1
1
1
1
1
1
1
1
1
1
1
1
1
1
1
1
1
1
1
1
1
1
1
1
1
1
1
1
1
1
1
1
1
1
1
1
1
1
1
1
1
1
1
1
1
1
1
1
1
1
1
1
1
1
1
1
1
1
1
1
1
1
1
1
1
1
1
1
1
1
1
1
1
1
1
1
1
1
1
1
1
1
1
1
1
1
1
1
1
1
1
1
1
1
1
1
1
1
1
1
1
1
1
1
1
1
1
1
1
1
1
1
1
1
1
1
1
1
1
1
1
1
1
1
1
1
1
1
1
1
1
1
1
1
1
1
1
1
1
1
1
1
1
1
1
1
1
1
1
1
1
1
1
1
1
1
1
1
1
1
1
1
1
1
1
1
1
1
1
1
1
1
1
1
1
1
1
1
1
1
1
1
1
1
1
1
1
1
1
1
1
1
1
1
1
1
1
1
1
1
1
1
1
1
1
1
1
1
1
1
1
1
1
1
1
1
1
1
1
1
1
1
1
1
1
1
1
1
1
1
1
1
1
1
1
1
1
1
1
1
1
1
1
1
1
1
1
1
1
1
1
1
1
1
1
1
1
1
1
1
1
1
1
1
1
1
1
1
1
1
1
1
1
1
1
1
1
1
1
1
1
1
1
1
1
1
1
1
1
1
1
1
1
1
1
1
1
1
1
1
1
1
1
1
1
1
1
1
1
1
1
1
1
1
1
1
1
1
1
1
1
1
1
1
1
1
1
1
1
1
1
1
1
1
1
1
1
1
1
1
1
1
1
1
1
1
1
1
1
1
1
1
1
1
1
1
1
1
1
1
1
1
1
1
1
1
1
1
1
1
1
1
1
1
1
1
1
1
1
1
1
1
1
1
1
1
1
1
1
1
1
1
1
1
1
1
1
1
1
1
1
1
1
1
1
1
1
1
1
1
1
1
1
1
1
1
1
1
1
1
1
1
1
1
1
1
1
1
1
1
1
1
1
1
1
1
1
1
1
1
1
1
1
1
1
1
1
1
1
1
1
1
1
1
1
1
1
1
1
1
1
1
1
1
1
1
1
1
1
1
1
1
1
1
1
1
1
1
1
1
1
1
1
1
1
1
1
1
1
1
1
1
1
1
1
1
1
1
1
1
1
1
1
1
1
1
1
1
1
1
1
1
1
1
1
1
1
1
1
1
1
1
1
1
1
1
1
1
1
1
1
1
1
1
1
1
1
1
1
1
1
1
1
1
1
1
1
1
1
1
1
1
1
1
1
1
1
1
1
1
1
1
1
1
1
1
1
1
1
1
1
1
1
1
1
1
1
1
1
1
1
1
1
1
1
1
1
1
1
1
1
1
1
1
1
1
1
1
1
1
1
1
1
1
1
1
1
1
1
1
1
1
1
1
1
1
1
1
1
1
1
1
1
1
1
1
1
1
1
1
1
1
1
1
1
1
1
1
1
1
1
1
1
1
1
1
1
1
1
1
1
1
1
1
1
1
1
1
1
1
1
1
1
1
1
1
1
1
1
1
1
1
1
1
1
1
1
1
1
1
1
1
1
1
1
1
1
1
1
1
1
1
1
1
1
1
1
1
1
1
1
1
1
1
1
1
1
1
1
1
1
1
1
1
1
1
1
1
1
1
1
1
1
1
1
1
1
1
1
1
1
1
1
1
1
1
1
1
1
1
1
1
1
1
1
1
1
1
1
1
1
1
1
1
1
1
1
1
1
1
1
1
1
1
1
1
1
1
1
1
1
1
1
1
1
1
1
1
1
1
1
1
1
1
1
1
1
1
1
1
1
1
1
1
1
1
1
1
1
1
1
1
1
1
1
1
1
1
1
1
1
1
1
1
1
1
1
1
1
1
1
1
1
1
1
1
1
1
1
1
1
1
1
1
1
1
1
1
1
1
1
1
1
1
1
1
1
1
1
1
1
1
1
1
1
1
1
1
1
1
1
1
1
1
1
1
1
1
1
1
1
1
1
1
1
1
1
1
1
1
1
1
1
1
1
1
1
1
1
1
1
1
1
1
1
1
1
1
1
1
1
1
1
1
1
1
1
1
1
1
1
1
1
1
1
1
1
1
1
1
1
1
1
1
1
1
1
1
1
1
1
1
1
1
1
1
1
1
1
1
1
1
1
1
1
1
1
1
1
1
1
1
1
1
1
1
1
1
1
1
1
1
1
1
1
1
1
1
1
1
1
1
1
1
1
1
1
1
1
1
1
1
1
1
1
1
1
1
1
1
1
1
1
1
1
1
1
1
1
1
1
1
1
1
1
1
1
1
1
1
1
1
1
1
1
1
1
1
1
1
1
1
1
1
1
1
1
1
1
1
1
1
1
1
1
1
1
1
1
1
1
1
1
1
1
1
1
1
1
1
1
1
1
1
1
1
1
1
1
1
1
1
1
1
1
1
1
1
1
1
1
1
1
1
1
1
1
1
1
1
1
1
1
1
1
1
1
1
1
1
1
1
1
1
1
1
1
1
1
1
1
1
1
1
1
1
1
1
1
1
1
1
1
1
1
1
1
1
1
1
1
1
1
1
1
1
1
1
1
1
1
1
1
1
1
1
1
1
1
1
1
1
1
1
1
1
1
1
1
1
1
1
1
1
1
1
1
1
1
1
1
1
1
1
1
1
1
1
1
1
1
1
1
1
1
1
1
1
1
1
1
1
1
1
1
1
1
1
1
1
1
1
1
1
1
1
1
1
1
1
1
1
1
1
1
1
1
1
1
1
1
1
1
1
1
1
1
1
1
1
1
1
1
1
1
1
1
1
1
1
1
1
1
1
1
1
1
1
1
1
1
1
1
1
1
1
1
1
1
1
1
1
1
1
1
1
1
1
1
1
1
1
1
1
1
1
1
1
1
1
1
1
1
1
1
1
1
1
1
1
1
1
1
1
1
1
1
1
1
1
1
1
1
1
1
1
1
1
1
1
1
1
1
1
1
1
1
1
1
1
1
1
1
1
1
1
1
1
1
1
1
1
1
1
1
1
1
1
1
1
1
1
1
1
1
1
1
1
1
1
1
1
1
1
1
1
1
1
1
1
1
1
1
1
1
1
1
1
1
1
1
1
1
1
1
1
1
1
1
1
1
1
1
1
1
1
1
1
1
1
1
1
1
1
1
1
1
1
1
1
1
1
1
1
1
1
1
1
1
1
1
1
1
1
1
1
1
1
1
1
1
1
1
1
1
1
1
1
1
1
1
1
1
1
1
1
1
1
1
1
1
1
1
1
1
1
1
1
1
1
1
1
1
1
1
1
1
1
1
1
1
1
1
1
1
1
1
1
1
1
1
1
1
1
1
1
1
1
1
1
1
1
1
1
1
1
1
1
1
1
1
1
1
1
1
1
1
1
1
1
1
1
1
1
1
1
1
1
1
1
1
1
1
1
1
1
1
1
1
1
1
1
1
1
1
1
1
1
1
1
1
1
1
1
1
1
1
1
1
1
1
1
1
1
1
1
1
1
1
1
1
1
1
1
1
1
1
1
1
1
1
1
1
1
1
1
1
1
1
1
1
1
1
1
1
1
1
1
1
1
1
1
1
1
1
1
1
1
1
1
1
1
1
1
1
1
1
1
1
1
1
1
1
1
1
1
1
1
1
1
1
1
1
1
1
1
1
1
1
1
1
1
1
1
1
1
1
1
1
1
1
1
1
1
1
1
1
1
1
1
1
1
1
1
1
1
1
1
1
1
1
1
1
1
1
1
1
1
1
1
1
1
1
1
1
1
1
1
1
1
1
1
1
1
1
1
1
1
1
1
1
1
1
1
1
1
1
1
1
1
1
1
1
1
1
1
1
1
1
1
1
1
1
1
1
1
1
1
1
1
1
1
1
1
1
1
1
1
1
1
1
1
1
1
1
1
1
1
1
1
1
1
1
1
1
1
1
1
1
1
1
1
1
1
1
1
1
1
1
1
1
1
1
1
1
1
1
1
1
1
1
1
1
1
1
1
1
1
1
1
1
1
1
1
1
1
1
1
1
1
1
1
1
1
1
1
1
1
1
1
1
1
1
1
1
1
1
1
1
1
1
1
1
1
1
1
1
1
1
1
1
1
1
1
1
1
1
1
1
1
1
1
1
1
1
1
1
1
1
1
1
1
1
1
1
1
1
1
1
1
1
1
1
1
1
1
1
1
1
1
1
1
1
1
1
1
1
1
1
1
1
1
1
1
1
1
1
1
1
1
1
1
1
1
1
1
1
1
1
1
1
1
1
1
1
1
1
1
1
1
1
1
1
1
1
1
1
1
1
1
1
1
1
1
1
1
1
1
1
1
1
1
1
1
1
1
1
1
1
1
1
1
1
1
1
1
1
1
1
1
1
1
1
1
1
1
1
1
1
1
1
1
1
1
1
1
1
1
1
1
1
1
1
1
1
1
1
1
1
1
1
1
1
1
1
1
1
1
1
1
1
1
1
1
1
1
1
1
1
1
1
1
1
1
1
1
1
1
1
1
1
1
1
1
1
1
1
1
1
1
1
1
1
1
1
1
1
1
1
1
1
1
1
1
1
1
1
1
1
1
1
1
1
1
1
1
1
1
1
1
1
1
1
1
1
1
1
1
1
1
1
1
1
1
1
1
1
1
1
1
1
1
1
1
1
1
1
1
1
1
1
1
1
1
1
1
1
1
1
1
1
1
1
1
1
1
1
1
1
1
1
1
1
1
1
1
1
1
1
1
1
1
1
1
1
1
1
1
1
1
1
1
1
1
1
1
1
1
1
1
1
1
1
1
1
1
1
1
1
1
1
1
1
1
1
1
1
1
1
1
1
1
1
1
1
1
1
1
1
1
1
1
1
1
1
1
1
1
1
1
1
1
1
1
1
1
1
1
1
1
1
1
1
1
1
1
1
1
1
1
1
1
1
1
1
1
1
1
1
1
1
1
1
1
1
1
1
1
1
1
1
1
1
1
1
1
1
1
1
1
1
1
1
1
1
1
1
1
1
1
1
1
1
1
1
1
1
1
1
1
1
1
1
1
1
1
1
1
1
1
1
1
1
1
1
1
1
1
1
1
1
1
1
1
1
1
1
1
1
1
1
1
1
1
1
1
1
1
1
1
1
1
1
1
1
1
1
1
1
1
1
1
1
1
1
1
1
1
1
1
1
1
1
1
1
1
1
1
1
1
1
1
1
1
1
1
1
1
1
1
1
1
1
1
1
1
1
1
1
1
1
1
1
1
1
1
1
1
1
1
1
1
1
1
1
1
1
1
1
1
1
1
1
1
1
1
1
1
1
1
1
1
1
1
1
1
1
1
1
1
1
1
1
1
1
1
1
1
1
1
1
1
1
1
1
1
1
1
1
1
1
1
1
1
1
1
1
1
1
1
1
1
1
1
1
1
1
1
1
1
1
1
1
1
1
1
1
1
1
1
1
1
1
1
1
1
1
1
1
1
1
1
1
1
1
1
1
1
1
1
1
1
1
1
1
1
1
1
1
1
1
1
1
1
1
1
1
1
1
1
1
1
1
1
1
1
1
1
1
1
1
1
1
1
1
1
1
1
1
1
1
1
1
1
1
1
1
1
1
1
1
1
1
1
1
1
1
1
1
1
1
1
1
1
1
1
1
1
1
1
1
1
1
1
1
1
1
1
1
1
1
1
1
1
1
1
1
1
1
1
1
1
1
1
1
1
1
1
1
1
1
1
1
1
1
1
1
1
1
1
1
1
1
1
1
1
1
1
1
1
1
1
1
1
1
1
1
1
1
1
1
1
1
1
1
1
1
1
1
1
1
1
1
1
1
1
1
1
1
1
1
1
1
1
1
1
1
1
1
1
1
1
1
1
1
1
1
1
1
1
1
1
1
1
1
1
1
1
1
1
1
1
1
1
1
1
1
1
1
1
1
1
1
1
1
1
1
1
1
1
1
1
1
1
1
1
1
1
1
1
1
1
1
1
1
1
1
1
1
1
1
1
1
1
1
1
1
1
1
1
1
1
1
1
1
1
1
1
1
1
1
1
1
1
1
1
1
1
1
1
1
1
1
1
1
1
1
1
1
1
1
1
1
1
1
1
1
1
1
1
1
1
1
1
1
1
1
1
1
1
1
1
1
1
1
1
1
1
1
1
1
1
1
1
1
1
1
1
1
1
1
1
1
1
1
1
1
1
1
1
1
1
1
1
1
1
1
1
1
1
1
1
1
1
1
1
1
1
1
1
1
1
1
1
1
1
1
1
1
1
1
1
1
1
1
1
1
1
1
1
1
1
1
1
1
1
1
1
1
1
1
1
1
1
1
1
1
1
1
1
1
1
1
1
1
1
1
1
1
1
1
1
1
1
1
1
1
1
1
1
1
1
1
1
1
1
1
1
1
1
1
1
1
1
1
1
1
1
1
1
1
1
1
1
1
1
1
1
1
1
1
1
1
1
1
1
1
1
1
1
1
1
1
1
1
1
1
1
1
1
1
1
1
1
1
1
1
1
1
1
1
1
1
1
1
1
1
1
1
1
1
1
1
1
1
1
1
1
1
1
1
1
1
1
1
1
1
1
1
1
1
1
1
1
1
1
1
1
1
1
1
1
1
1
1
1
1
1
1
1
1
1
1
1
1
1
1
1
1
1
1
1
1
1
1
1
1
1
1
1
1
1
1
1
1
1
1
1
1
1
1
1
1
1
1
1
1
1
1
1
1
1
1
1
1
1
1
1
1
1
1
1
1
1
1
1
1
1
1
1
1
1
1
1
1
1
1
1
1
1
1
1
1
1
1
1
1
1
1
1
1
1
1
1
1
1
1
1
1
1
1
1
1
1
1
1
1
1
1
1
1
1
1
1
1
1
1
1
1
1
1
1
1
1
1
1
1
1
1
1
1
1
1
1
1
1
1
1
1
1
1
1
1
1
1
1
1
1
1
1
1
1
1
1
1
1
1
1
1
1
1
1
1
1
1
1
1
1
1
1
1
1
1
1
1
1
1
1
1
1
1
1
1
1
1
1
1
1
1
1
1
1
1
1
1
1
1
1
1
1
1
1
1
1
1
1
1
1
1
1
1
1
1
1
1
1
1
1
1
1
1
1
1
1
1
1
1
1
1
1
1
1
1
1
1
1
1
1
1
1
1
1
1
1
1
1
1
1
1
1
1
1
1
1
1
1
1
1
1
1
1
1
1
1
1
1
1
1
1
1
1
1
1
1
1
1
1
1
1
1
1
1
1
1
1
1
1
1
1
1
1
1
1
1
1
1
1
1
1
1
1
1
1
1
1
1
1
1
1
1
1
1
1
1
1
1
1
1
1
1
1
1
1
1
1
1
1
1
1
1
1
1
1
1
1
1
1
1
1
1
1
1
1
1
1
1
1
1
1
1
1
1
1
1
1
1
1
1
1
1
1
1
1
1
1
1
1
1
1
1
1
1
1
1
1
1
1
1
1
1
1
1
1
1
1
1
1
1
1
1
1
1
1
1
1
1
1
1
1
1
1
1
1
1
1
1
1
1
1
1
1
1
1
1
1
1
1
1
1
1
1
1
1
1
1
1
1
1
1
1
1
1
1
1
1
1
1
1
1
1
1
1
1
1
1
1
1
1
1
1
1
1
1
1
1
1
1
1
1
1
1
1
1
1
1
1
1
1
1
1
1
1
1
1
1
1
1
1
1
1
1
1
1
1
1
1
1
1
1
1
1
1
1
1
1
1
1
1
1
1
1
1
1
1
1
1
1
1
1
1
1
1
1
1
1
1
1
1
1
1
1
1
1
1
1
1
1
1
1
1
1
1
1
1
1
1
1
1
1
1
1
1
1
1
1
1
1
1
1
1
1
1
1
1
1
1
1
1
1
1
1
1
1
1
1
1
1
1
1
1
1
1
1
1
1
1
1
1
1
1
1
1
1
1
1
1
1
1
1
1
1
1
1
1
1
1
1
1
1
1
1
1
1
1
1
1
1
1
1
1
1
1
1
1
1
1
1
1
1
1
1
1
1
1
1
1
1
1
1
1
1
1
1
1
1
1
1
1
1
1
1
1
1
1
1
1
1
1
1
1
1
1
1
1
1
1
1
1
1
1
1
1
1
1
1
1
1
1
1
1
1
1
1
1
1
1
1
1
1
1
1
1
1
1
1
1
1
1
1
1
1
1
1
1
1
1
1
1
1
1
1
1
1
1
1
1
1
1
1
1
1
1
1
1
1
1
1
1
1
1
1
1
1
1
1
1
1
1
1
1
1
1
1
1
1
1
1
1
1
1
1
1
1
1
1
1
1
1
1
1
1
1
1
1
1
1
1
1
1
1
1
1
1
1
1
1
1
1
1
1
1
1
1
1
1
1
1
1
1
1
1
1
1
1
1
1
1
1
1
1
1
1
1
1
1
1
1
1
1
1
1
1
1
1
1
1
1
1
1
1
1
1
1
1
1
1
1
1
1
1
1
1
1
1
1
1
1
1
1
1
1
1
1
1
1
1
1
1
1
1
1
1
1
1
1
1
1
1
1
1
1
1
1
1
1
1
1
1
1
1
1
1
1
1
1
1
1
1
1
1
1
1
1
1
1
1
1
1
1
1
1
1
1
1
1
1
1
1
1
1
1
1
1
1
1
1
1
1
1
1
1
1
1
1
1
1
1
1
1
1
1
1
1
1
1
1
1
1
1
1
1
1
1
1
1
1
1
1
1
1
1
1
1
1
1
1
1
1
1
1
1
1
1
1
1
1
1
1
1
1
1
1
1
1
1
1
1
1
1
1
1
1
1
1
1
1
1
1
1
1
1
1
1
1
1
1
1
1
1
1
1
1
1
1
1
1
1
1
1
1
1
1
1
1
1
1
1
1
1
1
1
1
1
1
1
1
1
1
1
1
1
1
1
1
1
1
1
1
1
1
1
1
1
1
1
1
1
1
1
1
1
1
1
1
1
1
1
1
1
1
1
1
1
1
1
1
1
1
1
1
1
1
1
1
1
1
1
1
1
1
1
1
1
1
1
1
1
1
1
1
1
1
1
1
1
1
1
1
1
1
1
1
1
1
1
1
1
1
1
1
1
1
1
1
1
1
1
1
1
1
1
1
1
1
1
1
1
1
1
1
1
1
1
1
1
1
1
1
1
1
1
1
1
1
1
1
1
1
1
1
1
1
1
1
1
1
1
1
1
1
1
1
1
1
1
1
1
1
1
1
1
1
1
1
1
1
1
1
1
1
1
1
1
1
1
1
1
1
1
1
1
1
1
1
1
1
1
1
1
1
1
1
1
1
1
1
1
1
1
1
1
1
1
1
1
1
1
1
1
1
1
1
1
1
1
1
1
1
1
1
1
1
1
1
1
1
1
1
1
1
1
1
1
1
1
1
1
1
1
1
1
1
1
1
1
1
1
1
1
1
1
1
1
1
1
1
1
1
1
1
1
1
1
1
1
1
1
1
1
1
1
1
1
1
1
1
1
1
1
1
1
1
1
1
1
1
1
1
1
1
1
1
1
1
1
1
1
1
1
1
1
1
1
1
1
1
1
1
1
1
1
1
1
1
1
1
1
1
1
1
1
1
1
1
1
1
1
1
1
1
1
1
1
1
1
1
1
1
1
1
1
1
1
1
1
1
1
1
1
1
1
1
1
1
1
1
1
1
1
1
1
1
1
1
1
1
1
1
1
1
1
1
1
1
1
1
1
1
1
1
1
1
1
1
1
1
1
1
1
1
1
1
1
1
1
1
1
1
1
1
1
1
1
1
1
1
1
1
1
1
1
1
1
1
1
1
1
1
1
1
1
1
1
1
1
1
1
1
1
1
1
1
1
1
1
1
1
1
1
1
1
1
1
1
1
1
1
1
1
1
1
1
1
1
1
1
1
1
1
1
1
1
1
1
1
1
1
1
1
1
1
1
1
1
1
1
1
1
1
1
1
1
1
1
1
1
1
1
1
1
1
1
1
1
1
1
1
1
1
1
1
1
1
1
1
1
1
1
1
1
1
1
1
1
1
1
1
1
1
1
1
1
1
1
1
1
1
1
1
1
1
1
1
1
1
1
1
1
1
1
1
1
1
1
1
1
1
1
1
1
1
1
1
1
1
1
1
1
1
1
1
1
1
1
1
1
1
1
1
1
1
1
1
1
1
1
1
1
1
1
1
1
1
1
1
1
1
1
1
1
1
1
1
1
1
1
1
1
1
1
1
1
1
1
1
1
1
1
1
1
1
1
1
1
1
1
1
1
1
1
1
1
1
1
1
1
1
1
1
1
1
1
1
1
1
1
1
1
1
1
1
1
1
1
1
1
1
1
1
1
1
1
1
1
1
1
1
1
1
1
1
1
1
1
1
1
1
1
1
1
1
1
1
1
1
1
1
1
1
1
1
1
1
1
1
1
1
1
1
1
1
1
1
1
1
1
1
1
1
1
1
1
1
1
1
1
1
1
1
1
1
1
1
1
1
1
1
1
1
1
1
1
1
1
1
1
1
1
1
1
1
1
1
1
1
1
1
1
1
1
1
1
1
1
1
1
1
1
1
1
1
1
1
1
1
1
1
1
1
1
1
1
1
1
1
1
1
1
1
1
1
1
1
1
1
1
1
1
1
1
1
1
1
1
1
1
1
1
1
1
1
1
1
1
1
1
1
1
1
1
1
1
1
1
1
1
1
1
1
1
1
1
1
1
1
1
1
1
1
1
1
1
1
1
1
1
1
1
1
1
1
1
1
1
1
1
1
1
1
1
1
1
1
1
1
1
1
1
1
1
1
1
1
1
1
1
1
1
1
1
1
1
1
1
1
1
1
1
1
1
1
1
1
1
1
1
1
1
1
1
1
1
1
1
1
1
1
1
1
1
1
1
1
1
1
1
1
1
1
1
1
1
1
1
1
1
1
1
1
1
1
1
1
1
1
1
1
1
1
1
1
1
1
1
1
1
1
1
1
1
1
1
1
1
1
1
1
1
1
1
1
1
1
1
1
1
1
1
1
1
1
1
1
1
1
1
1
1
1
1
1
1
1
1
1
1
1
1
1
1
1
1
1
1
1
1
1
1
1
1
1
1
1
1
1
1
1
1
1
1
1
1
1
1
1
1
1
1
1
1
1
1
1
1
1
1
1
1
1
1
1
1
1
1
1
1
1
1
1
1
1
1
1
1
1
1
1
1
1
1
1
1
1
1
1
1
1
1
1
1
1
1
1
1
1
1
1
1
1
1
1
1
1
1
1
1
1
1
1
1
1
1
1
1
1
1
1
1
1
1
1
1
1
1
1
1
1
1
1
1
1
1
1
1
1
1
1
1
1
1
1
1
1
1
1
1
1
1
1
1
1
1
1
1
1
1
1
1
1
1
1
1
1
1
1
1
1
1
1
1
1
1
1
1
1
1
1
1
1
1
1
1
1
1
1
1
1
1
1
1
1
1
1
1
1
1
1
1
1
1
1
1
1
1
1
1
1
1
1
1
1
1
1
1
1
1
1
1
1
1
1
1
1
1
1
1
1
1
1
1
1
1
1
1
1
1
1
1
1
1
1
1
1
1
1
1
1
1
1
1
1
1
1
1
1
1
1
1
1
1
1
1
1
1
1
1
1
1
1
1
1
1
1
1
1
1
1
1
1
1
1
1
1
1
1
1
1
1
1
1
1
1
1
1
1
1
1
1
1
1
1
1
1
1
1
1
1
1
1
1
1
1
1
1
1
1
1
1
1
1
1
1
1
1
1
1
1
1
1
1
1
1
1
1
1
1
1
1
1
1
1
1
1
1
1
1
1
1
1
1
1
1
1
1
1
1
1
1
1
1
1
1
1
1
1
1
1
1
1
1
1
1
1
1
1
1
1
1
1
1
1
1
1
1
1
1
1
1
1
1
1
1
1
1
1
1
1
1
1
1
1
1
1
1
1
1
1
1
1
1
1
1
1
1
1
1
1
1
1
1
1
1
1
1
1
1
1
1
1
1
1
1
1
1
1
1
1
1
1
1
1
1
1
1
1
1
1
1
1
1
1
1
1
1
1
1
1
1
1
1
1
1
1
1
1
1
1
1
1
1
1
1
1
1
1
1
1
1
1
1
1
1
1
1
1
1
1
1
1
1
1
1
1
1
1
1
1
1
1
1
1
1
1
1
1
1
1
1
1
1
1
1
1
1
1
1
1
1
1
1
1
1
1
1
1
1
1
1
1
1
1
1
1
1
1
1
1
1
1
1
1
1
1
1
1
1
1
1
1
1
1
1
1
1
1
1
1
1
1
1
1
1
1
1
1
1
1
1
1
1
1
1
1
1
1
1
1
1
1
1
1
1
1
1
1
1
1
1
1
1
1
1
1
1
1
1
1
1
1
1
1
1
1
1
1
1
1
1
1
1
1
1
1
1
1
1
1
1
1
1
1
1
1
1
1
1
1
1
1
1
1
1
1
1
1
1
1
1
1
1
1
1
1
1
1
1
1
1
1
1
1
1
1
1
1
1
1
1
1
1
1
1
1
1
1
1
1
1
1
1
1
1
1
1
1
1
1
1
1
1
1
1
1
1
1
1
1
1
1
1
1
1
1
1
1
1
1
1
1
1
1
1
1
1
1
1
1
1
1
1
1
1
1
1
1
1
1
1
1
1
1
1
1
1
1
1
1
1
1
1
1
1
1
1
1
1
1
1
1
1
1
1
1
1
1
1
1
1
1
1
1
1
1
1
1
1
1
1
1
1
1
1
1
1
1
1
1
1
1
1
1
1
1
1
1
1
1
1
1
1
1
1
1
1
1
1
1
1
1
1
1
1
1
1
1
1
1
1
1
1
1
1
1
1
1
1
1
1
1
1
1
1
1
1
1
1
1
1
1
1
1
1
1
1
1
1
1
1
1
1
1
1
1
1
1
1
1
1
1
1
1
1
1
1
1
1
1
1
1
1
1
1
1
1
1
1
1
1
1
1
1
1
1
1
1
1
1
1
1
1
1
1
1
1
1
1
1
1
1
1
1
1
1
1
1
1
1
1
1
1
1
1
1
1
1
1
1
1
1
1
1
1
1
1
1
1
1
1
1
1
1
1
1
1
1
1
1
1
1
1
1
1
1
1
1
1
1
1
1
1
1
1
1
1
1
1
1
1
1
1
1
1
1
1
1
1
1
1
1
1
1
1
1
1
1
1
1
1
1
1
1
1
1
1
1
1
1
1
1
1
1
1
1
1
1
1
1
1
1
1
1
1
1
1
1
1
1
1
1
1
1
1
1
1
1
1
1
1
1
1
1
1
1
1
1
1
1
1
1
1
1
1
1
1
1
1
1
1
1
1
1
1
1
1
1
1
1
1
1
1
1
1
1
1
1
1
1
1
1
1
1
1
1
1
1
1
1
1
1
1
1
1
1
1
1
1
1
1
1
1
1
1
1
1
1
1
1
1
1
1
1
1
1
1
1
1
1
1
1
1
1
1
1
1
1
1
1
1
1
1
1
1
1
1
1
1
1
1
1
1
1
1
1
1
1
1
1
1
1
1
1
1
1
1
1
1
1
1
1
1
1
1
1
1
1
1
1
1
1
1
1
1
1
1
1
1
1
1
1
1
1
1
1
1
1
1
1
1
1
1
1
1
1
1
1
1
1
1
1
1
1
1
1
1
1
1
1
1
1
1
1
1
1
1
1
1
1
1
1
1
1
1
1
1
1
1
1
1
1
1
1
1
1
1
1
1
1
1
1
1
1
1
1
1
1
1
1
1
1
1
1
1
1
1
1
1
1
1
1
1
1
1
1
1
1
1
1
1
1
1
1
1
1
1
1
1
1
1
1
1
1
1
1
1
1
1
1
1
1
1
1
1
1
1
1
1
1
1
1
1
1
1
1
1
1
1
1
1
1
1
1
1
1
1
1
1
1
1
1
1
1
1
1
1
1
1
1
1
1
1
1
1
1
1
1
1
1
1
1
1
1
1
1
1
1
1
1
1
1
1
1
1
1
1
1
1
1
1
1
1
1
1
1
1
1
1
1
1
1
1
1
1
1
1
1
1
1
1
1
1
1
1
1
1
1
1
1
1
1
1
1
1
1
1
1
1
1
1
1
1
1
1
1
1
1
1
1
1
1
1
1
1
1
1
1
1
1
1
1
1
1
1
1
1
1
1
1
1
1
1
1
1
1
1
1
1
1
1
1
1
1
1
1
1
1
1
1
1
1
1
1
1
1
1
1
1
1
1
1
1
1
1
1
1
1
1
1
1
1
1
1
1
1
1
1
1
1
1
1
1
1
1
1
1
1
1
1
1
1
1
1
1
1
1
1
1
1
1
1
1
1
1
1
1
1
1
1
1
1
1
1
1
1
1
1
1
1
1
1
1
1
1
1
1
1
1
1
1
1
1
1
1
1
1
1
1
1
1
1
1
1
1
1
1
1
1
1
1
1
1
1
1
1
1
1
1
1
1
1
1
1
1
1
1
1
1
1
1
1
1
1
1
1
1
1
1
1
1
1
1
1
1
1
1
1
1
1
1
1
1
1
1
1
1
1
1
1
1
1
1
1
1
1
1
1
1
1
1
1
1
1
1
1
1
1
1
1
1
1
1
1
1
1
1
1
1
1
1
1
1
1
1
1
1
1
1
1
1
1
1
1
1
1
1
1
1
1
1
1
1
1
1
1
1
1
1
1
1
1
1
1
1
1
1
1
1
1
1
1
1
1
1
1
1
1
1
1
1
1
1
1
1
1
1
1
1
1
1
1
1
1
1
1
1
1
1
1
1
1
1
1
1
1
1
1
1
1
1
1
1
1
1
1
1
1
1
1
1
1
1
1
1
1
1
1
1
1
1
1
1
1
1
1
1
1
1
1
1
1
1
1
1
1
1
1
1
1
1
1
1
1
1
1
1
1
1
1
1
1
1
1
1
1
1
1
1
1
1
1
1
1
1
1
1
1
1
1
1
1
1
1
1
1
1
1
1
1
1
1
1
1
1
1
1
1
1
1
1
1
1
1
1
1
1
1
1
1
1
1
1
1
1
1
1
1
1
1
1
1
1
1
1
1
1
1
1
1
1
1
1
1
1
1
1
1
1
1
1
1
1
1
1
1
1
1
1
1
1
1
1
1
1
1
1
1
1
1
1
1
1
1
1
1
1
1
1
1
1
1
1
1
1
1
1
1
1
1
1
1
1
1
1
1
1
1
1
1
1
1
1
1
1
1
1
1
1
1
1
1
1
1
1
1
1
1
1
1
1
1
1
1
1
1
1
1
1
1
1
1
1
1
1
1
1
1
1
1
1
1
1
1
1
1
1
1
1
1
1
1
1
1
1
1
1
1
1
1
1
1
1
1
1
1
1
1
1
1
1
1
1
1
1
1
1
1
1
1
1
1
1
1
1
1
1
1
1
1
1
1
1
1
1
1
1
1
1
1
1
1
1
1
1
1
1
1
1
1
1
1
1
1
1
1
1
1
1
1
1
1
1
1
1
1
1
1
1
1
1
1
1
1
1
1
1
1
1
1
1
1
1
1
1
1
1
1
1
1
1
1
1
1
1
1
1
1
1
1
1
1
1
1
1
1
1
1
1
1
1
1
1
1
1
1
1
1
1
1
1
1
1
1
1
1
1
1
1
1
1
1
1
1
1
1
1
1
1
1
1
1
1
1
1
1
1
1
1
1
1
1
1
1
1
1
1
1
1
1
1
1
1
1
1
1
1
1
1
1
1
1
1
1
1
1
1
1
1
1
1
1
